-- ============================================================
-- Phung Loc Coffee App - FULL SEED DATA
-- Date range for all sample timestamps: 2026-05-27 -> 2026-08-05
-- Run after: 01_drop_objects.sql, 02_tables.sql
-- This file REPLACES the old 06_sample_data.sql and fixes the nha_cung_cap seed mismatch.
-- ============================================================
   SET DEFINE OFF;
alter session set nls_date_format = 'YYYY-MM-DD';
alter session set nls_timestamp_format = 'YYYY-MM-DD HH24:MI:SS';

-- Reset sample data safely, in child-to-parent order.
delete from password_reset_otp;
delete from hao_hut_nguyen_lieu;
delete from chi_tiet_dinh_muc;
delete from dinh_muc_san_pham;
delete from lich_su_ton_kho;
delete from chi_tiet_kiem_ke_kho;
delete from kiem_ke_kho;
delete from chi_tiet_phieu_dieu_chuyen_kho;
delete from phieu_dieu_chuyen_kho;
delete from chi_tiet_xuat_kho;
delete from phieu_xuat_kho;
delete from chi_tiet_nhap_kho;
delete from phieu_nhap_kho;
delete from giao_dich_offline;
delete from chi_tiet_don_hang;
delete from don_hang;
delete from ton_kho;
delete from san_pham;
delete from danh_muc_san_pham;
delete from nha_cung_cap;
delete from kho;
delete from pos_device;
delete from khach_hang;
delete from nhan_vien;
delete from app_user;
delete from chi_nhanh;

insert into chi_nhanh (
   chi_nhanh_id,
   ten_chi_nhanh,
   dia_chi,
   phone,
   trang_thai,
   created_at,
   updated_at
) values ( 'CN001',
           N'Chi nhánh trung tâm',
           N'123 Nguyễn Huệ, Quận 1, TP.HCM',
           '0900000001',
           1,
           timestamp '2026-05-27 08:00:00',
           timestamp '2026-05-27 08:00:00' );
insert into chi_nhanh (
   chi_nhanh_id,
   ten_chi_nhanh,
   dia_chi,
   phone,
   trang_thai,
   created_at,
   updated_at
) values ( 'CN002',
           N'Chi nhánh Thảo Điền',
           N'25 Xuân Thủy, TP. Thủ Đức, TP.HCM',
           '0900000002',
           1,
           timestamp '2026-05-27 08:00:00',
           timestamp '2026-05-27 08:00:00' );
insert into chi_nhanh (
   chi_nhanh_id,
   ten_chi_nhanh,
   dia_chi,
   phone,
   trang_thai,
   created_at,
   updated_at
) values ( 'CN003',
           N'Chi nhánh Lê Văn Sỹ',
           N'168 Lê Văn Sỹ, Quận 3, TP.HCM',
           '0900000003',
           1,
           timestamp '2026-05-27 08:00:00',
           timestamp '2026-05-27 08:00:00' );
insert into chi_nhanh (
   chi_nhanh_id,
   ten_chi_nhanh,
   dia_chi,
   phone,
   trang_thai,
   created_at,
   updated_at
) values ( 'CN004',
           N'Chi nhánh Bình Thạnh',
           N'45 Nguyễn Gia Trí, Bình Thạnh, TP.HCM',
           '0900000004',
           1,
           timestamp '2026-05-27 08:00:00',
           timestamp '2026-05-27 08:00:00' );

insert into app_user (
   user_id,
   ten_dang_nhap,
   mat_khau,
   vai_tro,
   trang_thai,
   last_login,
   created_at,
   updated_at
) values ( 'U001',
           'admin',
           '123456',
           'IT_ADMIN',
           1,
           timestamp '2026-07-06 09:05:00',
           timestamp '2026-05-27 08:00:00',
           timestamp '2026-05-27 08:00:00' );
insert into app_user (
   user_id,
   ten_dang_nhap,
   mat_khau,
   vai_tro,
   trang_thai,
   last_login,
   created_at,
   updated_at
) values ( 'U002',
           'director',
           '123456',
           'BAN_GIAM_DOC',
           1,
           timestamp '2026-05-28 12:10:00',
           timestamp '2026-05-27 08:00:00',
           timestamp '2026-05-27 08:00:00' );
insert into app_user (
   user_id,
   ten_dang_nhap,
   mat_khau,
   vai_tro,
   trang_thai,
   last_login,
   created_at,
   updated_at
) values ( 'U003',
           'ql_cn1',
           '123456',
           'QUAN_LY_CHI_NHANH',
           1,
           timestamp '2026-06-12 11:12:00',
           timestamp '2026-05-27 08:00:00',
           timestamp '2026-05-27 08:00:00' );
insert into app_user (
   user_id,
   ten_dang_nhap,
   mat_khau,
   vai_tro,
   trang_thai,
   last_login,
   created_at,
   updated_at
) values ( 'U004',
           'kho_cn1',
           '123456',
           'NHAN_VIEN_KHO',
           1,
           timestamp '2026-06-05 09:20:00',
           timestamp '2026-05-27 08:00:00',
           timestamp '2026-05-27 08:00:00' );
insert into app_user (
   user_id,
   ten_dang_nhap,
   mat_khau,
   vai_tro,
   trang_thai,
   last_login,
   created_at,
   updated_at
) values ( 'U005',
           'cashier_cn1',
           '123456',
           'THU_NGAN',
           1,
           timestamp '2026-07-10 17:05:00',
           timestamp '2026-05-27 08:00:00',
           timestamp '2026-05-27 08:00:00' );
insert into app_user (
   user_id,
   ten_dang_nhap,
   mat_khau,
   vai_tro,
   trang_thai,
   last_login,
   created_at,
   updated_at
) values ( 'U006',
           'barista_cn1',
           '123456',
           'THU_NGAN',
           1,
           timestamp '2026-06-02 15:10:00',
           timestamp '2026-05-27 08:00:00',
           timestamp '2026-05-27 08:00:00' );
insert into app_user (
   user_id,
   ten_dang_nhap,
   mat_khau,
   vai_tro,
   trang_thai,
   last_login,
   created_at,
   updated_at
) values ( 'U007',
           'ql_cn2',
           '123456',
           'QUAN_LY_CHI_NHANH',
           1,
           timestamp '2026-05-31 08:10:00',
           timestamp '2026-05-27 08:00:00',
           timestamp '2026-05-27 08:00:00' );
insert into app_user (
   user_id,
   ten_dang_nhap,
   mat_khau,
   vai_tro,
   trang_thai,
   last_login,
   created_at,
   updated_at
) values ( 'U008',
           'kho_cn2',
           '123456',
           'NHAN_VIEN_KHO',
           1,
           timestamp '2026-06-03 11:20:00',
           timestamp '2026-05-27 08:00:00',
           timestamp '2026-05-27 08:00:00' );
insert into app_user (
   user_id,
   ten_dang_nhap,
   mat_khau,
   vai_tro,
   trang_thai,
   last_login,
   created_at,
   updated_at
) values ( 'U009',
           'cashier_cn2',
           '123456',
           'THU_NGAN',
           1,
           timestamp '2026-06-12 17:00:00',
           timestamp '2026-05-27 08:00:00',
           timestamp '2026-05-27 08:00:00' );
insert into app_user (
   user_id,
   ten_dang_nhap,
   mat_khau,
   vai_tro,
   trang_thai,
   last_login,
   created_at,
   updated_at
) values ( 'U010',
           'ql_cn3',
           '123456',
           'QUAN_LY_CHI_NHANH',
           1,
           timestamp '2026-07-07 08:10:00',
           timestamp '2026-05-27 08:00:00',
           timestamp '2026-05-27 08:00:00' );
insert into app_user (
   user_id,
   ten_dang_nhap,
   mat_khau,
   vai_tro,
   trang_thai,
   last_login,
   created_at,
   updated_at
) values ( 'U011',
           'kho_cn3',
           '123456',
           'NHAN_VIEN_KHO',
           1,
           timestamp '2026-07-04 11:20:00',
           timestamp '2026-05-27 08:00:00',
           timestamp '2026-05-27 08:00:00' );
insert into app_user (
   user_id,
   ten_dang_nhap,
   mat_khau,
   vai_tro,
   trang_thai,
   last_login,
   created_at,
   updated_at
) values ( 'U012',
           'cashier_cn3',
           '123456',
           'THU_NGAN',
           1,
           timestamp '2026-07-14 17:00:00',
           timestamp '2026-05-27 08:00:00',
           timestamp '2026-05-27 08:00:00' );
insert into app_user (
   user_id,
   ten_dang_nhap,
   mat_khau,
   vai_tro,
   trang_thai,
   last_login,
   created_at,
   updated_at
) values ( 'U013',
           'ql_cn4',
           '123456',
           'QUAN_LY_CHI_NHANH',
           1,
           timestamp '2026-06-26 11:10:00',
           timestamp '2026-05-27 08:00:00',
           timestamp '2026-05-27 08:00:00' );
insert into app_user (
   user_id,
   ten_dang_nhap,
   mat_khau,
   vai_tro,
   trang_thai,
   last_login,
   created_at,
   updated_at
) values ( 'U014',
           'kho_cn4',
           '123456',
           'NHAN_VIEN_KHO',
           1,
           timestamp '2026-06-28 12:20:00',
           timestamp '2026-05-27 08:00:00',
           timestamp '2026-05-27 08:00:00' );
insert into app_user (
   user_id,
   ten_dang_nhap,
   mat_khau,
   vai_tro,
   trang_thai,
   last_login,
   created_at,
   updated_at
) values ( 'U015',
           'cashier_cn4',
           '123456',
           'THU_NGAN',
           1,
           timestamp '2026-07-21 09:00:00',
           timestamp '2026-05-27 08:00:00',
           timestamp '2026-05-27 08:00:00' );

insert into nhan_vien (
   nhan_vien_id,
   user_id,
   chi_nhanh_id,
   ho_ten,
   cccd,
   email,
   phone,
   chuc_vu,
   trang_thai,
   ngay_vao_lam,
   ghi_chu,
   created_at,
   updated_at
) values ( 'NV001',
           'U001',
           'CN001',
           N'Quản trị viên',
           '000000000001',
           'admin@phungloccoffee.local',
           '0911000001',
           'IT_ADMIN',
           1,
           date '2026-05-27',
           N'Tài khoản quản trị hệ thống',
           timestamp '2026-05-27 08:00:00',
           timestamp '2026-05-27 08:00:00' );
insert into nhan_vien (
   nhan_vien_id,
   user_id,
   chi_nhanh_id,
   ho_ten,
   cccd,
   email,
   phone,
   chuc_vu,
   trang_thai,
   ngay_vao_lam,
   ghi_chu,
   created_at,
   updated_at
) values ( 'NV002',
           'U002',
           'CN001',
           N'Nguyễn Minh Khang',
           '000000000002',
           'director@phungloccoffee.local',
           '0911000002',
           'BAN_GIAM_DOC',
           1,
           date '2026-05-27',
           N'Ban giám đốc',
           timestamp '2026-05-27 08:00:00',
           timestamp '2026-05-27 08:00:00' );
insert into nhan_vien (
   nhan_vien_id,
   user_id,
   chi_nhanh_id,
   ho_ten,
   cccd,
   email,
   phone,
   chuc_vu,
   trang_thai,
   ngay_vao_lam,
   ghi_chu,
   created_at,
   updated_at
) values ( 'NV003',
           'U003',
           'CN001',
           N'Trần Hoài An',
           '000000000003',
           'ql.cn1@phungloccoffee.local',
           '0911000003',
           'QUAN_LY_CHI_NHANH',
           1,
           date '2026-05-27',
           N'Quản lý chi nhánh trung tâm',
           timestamp '2026-05-27 08:00:00',
           timestamp '2026-05-27 08:00:00' );
insert into nhan_vien (
   nhan_vien_id,
   user_id,
   chi_nhanh_id,
   ho_ten,
   cccd,
   email,
   phone,
   chuc_vu,
   trang_thai,
   ngay_vao_lam,
   ghi_chu,
   created_at,
   updated_at
) values ( 'NV004',
           'U004',
           'CN001',
           N'Lê Đức Tài',
           '000000000004',
           'kho.cn1@phungloccoffee.local',
           '0911000004',
           'NHAN_VIEN_KHO',
           1,
           date '2026-05-27',
           N'Nhân viên kho CN001',
           timestamp '2026-05-27 08:00:00',
           timestamp '2026-05-27 08:00:00' );
insert into nhan_vien (
   nhan_vien_id,
   user_id,
   chi_nhanh_id,
   ho_ten,
   cccd,
   email,
   phone,
   chuc_vu,
   trang_thai,
   ngay_vao_lam,
   ghi_chu,
   created_at,
   updated_at
) values ( 'NV005',
           'U005',
           'CN001',
           N'Phạm Thu Ngân',
           '000000000005',
           'cashier.cn1@phungloccoffee.local',
           '0911000005',
           'THU_NGAN',
           1,
           date '2026-05-27',
           N'Thu ngân CN001',
           timestamp '2026-05-27 08:00:00',
           timestamp '2026-05-27 08:00:00' );
insert into nhan_vien (
   nhan_vien_id,
   user_id,
   chi_nhanh_id,
   ho_ten,
   cccd,
   email,
   phone,
   chuc_vu,
   trang_thai,
   ngay_vao_lam,
   ghi_chu,
   created_at,
   updated_at
) values ( 'NV006',
           'U006',
           'CN001',
           N'Đỗ Minh Pha',
           '000000000006',
           'barista.cn1@phungloccoffee.local',
           '0911000006',
           'NHAN_VIEN_PHA_CHE',
           1,
           date '2026-05-27',
           N'Pha chế CN001',
           timestamp '2026-05-27 08:00:00',
           timestamp '2026-05-27 08:00:00' );
insert into nhan_vien (
   nhan_vien_id,
   user_id,
   chi_nhanh_id,
   ho_ten,
   cccd,
   email,
   phone,
   chuc_vu,
   trang_thai,
   ngay_vao_lam,
   ghi_chu,
   created_at,
   updated_at
) values ( 'NV007',
           'U007',
           'CN002',
           N'Võ Hải Nam',
           '000000000007',
           'ql.cn2@phungloccoffee.local',
           '0911000007',
           'QUAN_LY_CHI_NHANH',
           1,
           date '2026-05-28',
           N'Quản lý chi nhánh Thảo Điền',
           timestamp '2026-05-27 08:00:00',
           timestamp '2026-05-27 08:00:00' );
insert into nhan_vien (
   nhan_vien_id,
   user_id,
   chi_nhanh_id,
   ho_ten,
   cccd,
   email,
   phone,
   chuc_vu,
   trang_thai,
   ngay_vao_lam,
   ghi_chu,
   created_at,
   updated_at
) values ( 'NV008',
           'U008',
           'CN002',
           N'Bùi Khánh Linh',
           '000000000008',
           'kho.cn2@phungloccoffee.local',
           '0911000008',
           'NHAN_VIEN_KHO',
           1,
           date '2026-05-28',
           N'Nhân viên kho CN002',
           timestamp '2026-05-27 08:00:00',
           timestamp '2026-05-27 08:00:00' );
insert into nhan_vien (
   nhan_vien_id,
   user_id,
   chi_nhanh_id,
   ho_ten,
   cccd,
   email,
   phone,
   chuc_vu,
   trang_thai,
   ngay_vao_lam,
   ghi_chu,
   created_at,
   updated_at
) values ( 'NV009',
           'U009',
           'CN002',
           N'Huỳnh Tấn Lộc',
           '000000000009',
           'cashier.cn2@phungloccoffee.local',
           '0911000009',
           'THU_NGAN',
           1,
           date '2026-05-28',
           N'Thu ngân CN002',
           timestamp '2026-05-27 08:00:00',
           timestamp '2026-05-27 08:00:00' );
insert into nhan_vien (
   nhan_vien_id,
   user_id,
   chi_nhanh_id,
   ho_ten,
   cccd,
   email,
   phone,
   chuc_vu,
   trang_thai,
   ngay_vao_lam,
   ghi_chu,
   created_at,
   updated_at
) values ( 'NV010',
           'U010',
           'CN003',
           N'Ngô Thanh Bình',
           '000000000010',
           'ql.cn3@phungloccoffee.local',
           '0911000010',
           'QUAN_LY_CHI_NHANH',
           1,
           date '2026-05-29',
           N'Quản lý chi nhánh Lê Văn Sỹ',
           timestamp '2026-05-27 08:00:00',
           timestamp '2026-05-27 08:00:00' );
insert into nhan_vien (
   nhan_vien_id,
   user_id,
   chi_nhanh_id,
   ho_ten,
   cccd,
   email,
   phone,
   chuc_vu,
   trang_thai,
   ngay_vao_lam,
   ghi_chu,
   created_at,
   updated_at
) values ( 'NV011',
           'U011',
           'CN003',
           N'Đặng Gia Hân',
           '000000000011',
           'kho.cn3@phungloccoffee.local',
           '0911000011',
           'NHAN_VIEN_KHO',
           1,
           date '2026-05-29',
           N'Nhân viên kho CN003',
           timestamp '2026-05-27 08:00:00',
           timestamp '2026-05-27 08:00:00' );
insert into nhan_vien (
   nhan_vien_id,
   user_id,
   chi_nhanh_id,
   ho_ten,
   cccd,
   email,
   phone,
   chuc_vu,
   trang_thai,
   ngay_vao_lam,
   ghi_chu,
   created_at,
   updated_at
) values ( 'NV012',
           'U012',
           'CN003',
           N'Mai Đức Phúc',
           '000000000012',
           'cashier.cn3@phungloccoffee.local',
           '0911000012',
           'THU_NGAN',
           1,
           date '2026-05-29',
           N'Thu ngân CN003',
           timestamp '2026-05-27 08:00:00',
           timestamp '2026-05-27 08:00:00' );
insert into nhan_vien (
   nhan_vien_id,
   user_id,
   chi_nhanh_id,
   ho_ten,
   cccd,
   email,
   phone,
   chuc_vu,
   trang_thai,
   ngay_vao_lam,
   ghi_chu,
   created_at,
   updated_at
) values ( 'NV013',
           'U013',
           'CN004',
           N'Dương Thảo Vy',
           '000000000013',
           'ql.cn4@phungloccoffee.local',
           '0911000013',
           'QUAN_LY_CHI_NHANH',
           1,
           date '2026-05-30',
           N'Quản lý chi nhánh Bình Thạnh',
           timestamp '2026-05-27 08:00:00',
           timestamp '2026-05-27 08:00:00' );
insert into nhan_vien (
   nhan_vien_id,
   user_id,
   chi_nhanh_id,
   ho_ten,
   cccd,
   email,
   phone,
   chuc_vu,
   trang_thai,
   ngay_vao_lam,
   ghi_chu,
   created_at,
   updated_at
) values ( 'NV014',
           'U014',
           'CN004',
           N'Cao Minh Tuấn',
           '000000000014',
           'kho.cn4@phungloccoffee.local',
           '0911000014',
           'NHAN_VIEN_KHO',
           1,
           date '2026-05-30',
           N'Nhân viên kho CN004',
           timestamp '2026-05-27 08:00:00',
           timestamp '2026-05-27 08:00:00' );
insert into nhan_vien (
   nhan_vien_id,
   user_id,
   chi_nhanh_id,
   ho_ten,
   cccd,
   email,
   phone,
   chuc_vu,
   trang_thai,
   ngay_vao_lam,
   ghi_chu,
   created_at,
   updated_at
) values ( 'NV015',
           'U015',
           'CN004',
           N'Lý Mỹ Duyên',
           '000000000015',
           'cashier.cn4@phungloccoffee.local',
           '0911000015',
           'THU_NGAN',
           1,
           date '2026-05-30',
           N'Thu ngân CN004',
           timestamp '2026-05-27 08:00:00',
           timestamp '2026-05-27 08:00:00' );

insert into khach_hang (
   khach_hang_id,
   ho_ten,
   phone,
   email,
   trang_thai,
   created_at,
   updated_at
) values ( 'KH001',
           N'Ngô Gia An',
           '0988000001',
           'khach001@example.com',
           1,
           timestamp '2026-06-09 21:00:00',
           timestamp '2026-06-04 18:00:00' );
insert into khach_hang (
   khach_hang_id,
   ho_ten,
   phone,
   email,
   trang_thai,
   created_at,
   updated_at
) values ( 'KH002',
           N'Phạm Hoài Bình',
           '0988000002',
           'khach002@example.com',
           1,
           timestamp '2026-05-30 17:00:00',
           timestamp '2026-06-08 17:00:00' );
insert into khach_hang (
   khach_hang_id,
   ho_ten,
   phone,
   email,
   trang_thai,
   created_at,
   updated_at
) values ( 'KH003',
           N'Huỳnh Hoài Chi',
           '0988000003',
           'khach003@example.com',
           1,
           timestamp '2026-06-15 20:00:00',
           timestamp '2026-05-28 23:00:00' );
insert into khach_hang (
   khach_hang_id,
   ho_ten,
   phone,
   email,
   trang_thai,
   created_at,
   updated_at
) values ( 'KH004',
           N'Đặng Thu Dũng',
           '0988000004',
           'khach004@example.com',
           1,
           timestamp '2026-06-08 17:00:00',
           timestamp '2026-06-13 20:00:00' );
insert into khach_hang (
   khach_hang_id,
   ho_ten,
   phone,
   email,
   trang_thai,
   created_at,
   updated_at
) values ( 'KH005',
           N'Dương Bảo Hà',
           '0988000005',
           'khach005@example.com',
           1,
           timestamp '2026-06-08 01:00:00',
           timestamp '2026-06-02 17:00:00' );
insert into khach_hang (
   khach_hang_id,
   ho_ten,
   phone,
   email,
   trang_thai,
   created_at,
   updated_at
) values ( 'KH006',
           N'Nguyễn Ngọc Hân',
           '0988000006',
           'khach006@example.com',
           1,
           timestamp '2026-06-05 17:00:00',
           timestamp '2026-06-03 17:00:00' );
insert into khach_hang (
   khach_hang_id,
   ho_ten,
   phone,
   email,
   trang_thai,
   created_at,
   updated_at
) values ( 'KH007',
           N'Vũ Thanh Khoa',
           '0988000007',
           'khach007@example.com',
           1,
           timestamp '2026-06-11 02:00:00',
           timestamp '2026-06-07 18:00:00' );
insert into khach_hang (
   khach_hang_id,
   ho_ten,
   phone,
   email,
   trang_thai,
   created_at,
   updated_at
) values ( 'KH008',
           N'Huỳnh Hoài Linh',
           '0988000008',
           'khach008@example.com',
           1,
           timestamp '2026-06-03 02:00:00',
           timestamp '2026-06-05 02:00:00' );
insert into khach_hang (
   khach_hang_id,
   ho_ten,
   phone,
   email,
   trang_thai,
   created_at,
   updated_at
) values ( 'KH009',
           N'Đỗ Thu Nam',
           '0988000009',
           'khach009@example.com',
           1,
           timestamp '2026-06-16 02:00:00',
           timestamp '2026-06-02 00:00:00' );
insert into khach_hang (
   khach_hang_id,
   ho_ten,
   phone,
   email,
   trang_thai,
   created_at,
   updated_at
) values ( 'KH010',
           N'Hồ Ngọc Nhi',
           '0988000010',
           'khach010@example.com',
           1,
           timestamp '2026-06-01 23:00:00',
           timestamp '2026-06-08 20:00:00' );
insert into khach_hang (
   khach_hang_id,
   ho_ten,
   phone,
   email,
   trang_thai,
   created_at,
   updated_at
) values ( 'KH011',
           N'Lý Đức Phúc',
           '0988000011',
           'khach011@example.com',
           1,
           timestamp '2026-06-04 02:00:00',
           timestamp '2026-06-06 16:00:00' );
insert into khach_hang (
   khach_hang_id,
   ho_ten,
   phone,
   email,
   trang_thai,
   created_at,
   updated_at
) values ( 'KH012',
           N'Phạm Minh Quân',
           '0988000012',
           'khach012@example.com',
           1,
           timestamp '2026-06-06 22:00:00',
           timestamp '2026-06-04 17:00:00' );
insert into khach_hang (
   khach_hang_id,
   ho_ten,
   phone,
   email,
   trang_thai,
   created_at,
   updated_at
) values ( 'KH013',
           N'Phạm Bảo Sơn',
           '0988000013',
           'khach013@example.com',
           1,
           timestamp '2026-06-06 19:00:00',
           timestamp '2026-06-16 23:00:00' );
insert into khach_hang (
   khach_hang_id,
   ho_ten,
   phone,
   email,
   trang_thai,
   created_at,
   updated_at
) values ( 'KH014',
           N'Vũ Anh Trang',
           '0988000014',
           'khach014@example.com',
           1,
           timestamp '2026-05-31 20:00:00',
           timestamp '2026-05-31 19:00:00' );
insert into khach_hang (
   khach_hang_id,
   ho_ten,
   phone,
   email,
   trang_thai,
   created_at,
   updated_at
) values ( 'KH015',
           N'Hồ Đức Vy',
           '0988000015',
           'khach015@example.com',
           1,
           timestamp '2026-06-13 20:00:00',
           timestamp '2026-06-14 22:00:00' );
insert into khach_hang (
   khach_hang_id,
   ho_ten,
   phone,
   email,
   trang_thai,
   created_at,
   updated_at
) values ( 'KH016',
           N'Lý Bảo Yến',
           '0988000016',
           'khach016@example.com',
           1,
           timestamp '2026-06-08 21:00:00',
           timestamp '2026-06-03 18:00:00' );
insert into khach_hang (
   khach_hang_id,
   ho_ten,
   phone,
   email,
   trang_thai,
   created_at,
   updated_at
) values ( 'KH017',
           N'Đặng Anh Tú',
           '0988000017',
           'khach017@example.com',
           1,
           timestamp '2026-05-29 16:00:00',
           timestamp '2026-05-30 18:00:00' );
insert into khach_hang (
   khach_hang_id,
   ho_ten,
   phone,
   email,
   trang_thai,
   created_at,
   updated_at
) values ( 'KH018',
           N'Đỗ Gia Long',
           '0988000018',
           'khach018@example.com',
           1,
           timestamp '2026-06-10 01:00:00',
           timestamp '2026-05-29 22:00:00' );
insert into khach_hang (
   khach_hang_id,
   ho_ten,
   phone,
   email,
   trang_thai,
   created_at,
   updated_at
) values ( 'KH019',
           N'Vũ Bảo My',
           '0988000019',
           'khach019@example.com',
           1,
           timestamp '2026-06-11 00:00:00',
           timestamp '2026-06-05 00:00:00' );
insert into khach_hang (
   khach_hang_id,
   ho_ten,
   phone,
   email,
   trang_thai,
   created_at,
   updated_at
) values ( 'KH020',
           N'Dương Minh Tiên',
           '0988000020',
           'khach020@example.com',
           1,
           timestamp '2026-05-31 02:00:00',
           timestamp '2026-06-13 20:00:00' );
insert into khach_hang (
   khach_hang_id,
   ho_ten,
   phone,
   email,
   trang_thai,
   created_at,
   updated_at
) values ( 'KH021',
           N'Ngô Hoài Hiếu',
           '0988000021',
           'khach021@example.com',
           1,
           timestamp '2026-05-30 20:00:00',
           timestamp '2026-06-09 18:00:00' );
insert into khach_hang (
   khach_hang_id,
   ho_ten,
   phone,
   email,
   trang_thai,
   created_at,
   updated_at
) values ( 'KH022',
           N'Võ Minh Huy',
           '0988000022',
           'khach022@example.com',
           1,
           timestamp '2026-06-05 00:00:00',
           timestamp '2026-06-02 00:00:00' );
insert into khach_hang (
   khach_hang_id,
   ho_ten,
   phone,
   email,
   trang_thai,
   created_at,
   updated_at
) values ( 'KH023',
           N'Lý Thu Loan',
           '0988000023',
           'khach023@example.com',
           1,
           timestamp '2026-06-16 20:00:00',
           timestamp '2026-06-17 00:00:00' );
insert into khach_hang (
   khach_hang_id,
   ho_ten,
   phone,
   email,
   trang_thai,
   created_at,
   updated_at
) values ( 'KH024',
           N'Bùi Ngọc Thảo',
           '0988000024',
           'khach024@example.com',
           1,
           timestamp '2026-05-31 21:00:00',
           timestamp '2026-06-02 00:00:00' );
insert into khach_hang (
   khach_hang_id,
   ho_ten,
   phone,
   email,
   trang_thai,
   created_at,
   updated_at
) values ( 'KH025',
           N'Ngô Đức Tâm',
           '0988000025',
           'khach025@example.com',
           1,
           timestamp '2026-05-28 01:00:00',
           timestamp '2026-06-06 23:00:00' );
insert into khach_hang (
   khach_hang_id,
   ho_ten,
   phone,
   email,
   trang_thai,
   created_at,
   updated_at
) values ( 'KH026',
           N'Nguyễn Thu Vân',
           '0988000026',
           'khach026@example.com',
           1,
           timestamp '2026-06-07 20:00:00',
           timestamp '2026-06-03 16:00:00' );
insert into khach_hang (
   khach_hang_id,
   ho_ten,
   phone,
   email,
   trang_thai,
   created_at,
   updated_at
) values ( 'KH027',
           N'Phạm Bảo Nhật',
           '0988000027',
           'khach027@example.com',
           1,
           timestamp '2026-05-29 17:00:00',
           timestamp '2026-06-11 17:00:00' );
insert into khach_hang (
   khach_hang_id,
   ho_ten,
   phone,
   email,
   trang_thai,
   created_at,
   updated_at
) values ( 'KH028',
           N'Ngô Đức Quỳnh',
           '0988000028',
           'khach028@example.com',
           1,
           timestamp '2026-05-31 18:00:00',
           timestamp '2026-06-12 00:00:00' );
insert into khach_hang (
   khach_hang_id,
   ho_ten,
   phone,
   email,
   trang_thai,
   created_at,
   updated_at
) values ( 'KH029',
           N'Lê Thanh Trúc',
           '0988000029',
           'khach029@example.com',
           1,
           timestamp '2026-06-13 01:00:00',
           timestamp '2026-06-09 19:00:00' );
insert into khach_hang (
   khach_hang_id,
   ho_ten,
   phone,
   email,
   trang_thai,
   created_at,
   updated_at
) values ( 'KH030',
           N'Lý Đức Khải',
           '0988000030',
           'khach030@example.com',
           1,
           timestamp '2026-06-02 20:00:00',
           timestamp '2026-06-09 02:00:00' );
insert into khach_hang (
   khach_hang_id,
   ho_ten,
   phone,
   email,
   trang_thai,
   created_at,
   updated_at
) values ( 'KH031',
           N'Đỗ Hoài Vy',
           '0988000031',
           'khach031@example.com',
           1,
           timestamp '2026-06-12 23:00:00',
           timestamp '2026-05-30 19:00:00' );
insert into khach_hang (
   khach_hang_id,
   ho_ten,
   phone,
   email,
   trang_thai,
   created_at,
   updated_at
) values ( 'KH032',
           N'Phạm Thu Phúc',
           '0988000032',
           'khach032@example.com',
           1,
           timestamp '2026-05-28 01:00:00',
           timestamp '2026-06-13 19:00:00' );
insert into khach_hang (
   khach_hang_id,
   ho_ten,
   phone,
   email,
   trang_thai,
   created_at,
   updated_at
) values ( 'KH033',
           N'Bùi Ngọc An',
           '0988000033',
           'khach033@example.com',
           1,
           timestamp '2026-05-30 02:00:00',
           timestamp '2026-05-28 19:00:00' );
insert into khach_hang (
   khach_hang_id,
   ho_ten,
   phone,
   email,
   trang_thai,
   created_at,
   updated_at
) values ( 'KH034',
           N'Trần Minh Quỳnh',
           '0988000034',
           'khach034@example.com',
           1,
           timestamp '2026-06-06 17:00:00',
           timestamp '2026-06-12 19:00:00' );
insert into khach_hang (
   khach_hang_id,
   ho_ten,
   phone,
   email,
   trang_thai,
   created_at,
   updated_at
) values ( 'KH035',
           N'Hoàng Anh Khoa',
           '0988000035',
           'khach035@example.com',
           1,
           timestamp '2026-06-13 18:00:00',
           timestamp '2026-06-15 01:00:00' );
insert into khach_hang (
   khach_hang_id,
   ho_ten,
   phone,
   email,
   trang_thai,
   created_at,
   updated_at
) values ( 'KH036',
           N'Võ Ngọc Vân',
           '0988000036',
           'khach036@example.com',
           1,
           timestamp '2026-06-11 22:00:00',
           timestamp '2026-06-02 17:00:00' );
insert into khach_hang (
   khach_hang_id,
   ho_ten,
   phone,
   email,
   trang_thai,
   created_at,
   updated_at
) values ( 'KH037',
           N'Trần Khánh Quân',
           '0988000037',
           'khach037@example.com',
           1,
           timestamp '2026-06-09 22:00:00',
           timestamp '2026-06-10 16:00:00' );
insert into khach_hang (
   khach_hang_id,
   ho_ten,
   phone,
   email,
   trang_thai,
   created_at,
   updated_at
) values ( 'KH038',
           N'Đỗ Thu Bình',
           '0988000038',
           'khach038@example.com',
           1,
           timestamp '2026-06-08 21:00:00',
           timestamp '2026-05-30 19:00:00' );
insert into khach_hang (
   khach_hang_id,
   ho_ten,
   phone,
   email,
   trang_thai,
   created_at,
   updated_at
) values ( 'KH039',
           N'Phạm Ngọc Long',
           '0988000039',
           'khach039@example.com',
           1,
           timestamp '2026-06-10 18:00:00',
           timestamp '2026-06-09 18:00:00' );
insert into khach_hang (
   khach_hang_id,
   ho_ten,
   phone,
   email,
   trang_thai,
   created_at,
   updated_at
) values ( 'KH040',
           N'Hoàng Anh Linh',
           '0988000040',
           'khach040@example.com',
           1,
           timestamp '2026-05-29 23:00:00',
           timestamp '2026-06-13 17:00:00' );

insert into pos_device (
   pos_device_id,
   chi_nhanh_id,
   ten_thiet_bi,
   trang_thai,
   created_at,
   updated_at
) values ( 'POS001',
           'CN001',
           N'Máy POS quầy chính CN001',
           1,
           timestamp '2026-05-27 08:00:00',
           timestamp '2026-05-27 08:00:00' );
insert into pos_device (
   pos_device_id,
   chi_nhanh_id,
   ten_thiet_bi,
   trang_thai,
   created_at,
   updated_at
) values ( 'POS002',
           'CN002',
           N'Máy POS quầy chính CN002',
           1,
           timestamp '2026-05-27 08:00:00',
           timestamp '2026-05-27 08:00:00' );
insert into pos_device (
   pos_device_id,
   chi_nhanh_id,
   ten_thiet_bi,
   trang_thai,
   created_at,
   updated_at
) values ( 'POS003',
           'CN003',
           N'Máy POS quầy chính CN003',
           1,
           timestamp '2026-05-27 08:00:00',
           timestamp '2026-05-27 08:00:00' );
insert into pos_device (
   pos_device_id,
   chi_nhanh_id,
   ten_thiet_bi,
   trang_thai,
   created_at,
   updated_at
) values ( 'POS004',
           'CN004',
           N'Máy POS quầy chính CN004',
           1,
           timestamp '2026-05-27 08:00:00',
           timestamp '2026-05-27 08:00:00' );

insert into kho (
   kho_id,
   chi_nhanh_id,
   ten_kho,
   trang_thai,
   created_at,
   updated_at
) values ( 'KHO001',
           'CN001',
           N'Kho nguyên liệu CN001',
           1,
           timestamp '2026-05-27 08:00:00',
           timestamp '2026-05-27 08:00:00' );
insert into kho (
   kho_id,
   chi_nhanh_id,
   ten_kho,
   trang_thai,
   created_at,
   updated_at
) values ( 'KHO002',
           'CN002',
           N'Kho nguyên liệu CN002',
           1,
           timestamp '2026-05-27 08:00:00',
           timestamp '2026-05-27 08:00:00' );
insert into kho (
   kho_id,
   chi_nhanh_id,
   ten_kho,
   trang_thai,
   created_at,
   updated_at
) values ( 'KHO003',
           'CN003',
           N'Kho nguyên liệu CN003',
           1,
           timestamp '2026-05-27 08:00:00',
           timestamp '2026-05-27 08:00:00' );
insert into kho (
   kho_id,
   chi_nhanh_id,
   ten_kho,
   trang_thai,
   created_at,
   updated_at
) values ( 'KHO004',
           'CN004',
           N'Kho nguyên liệu CN004',
           1,
           timestamp '2026-05-27 08:00:00',
           timestamp '2026-05-27 08:00:00' );

insert into nha_cung_cap (
   nha_cung_cap_id,
   ten_nha_cung_cap,
   phone,
   email,
   trang_thai,
   created_at,
   updated_at
) values ( 'NCC001',
           N'Công ty Cà phê Cao Nguyên',
           '0902000001',
           'caonguyen@example.com',
           1,
           timestamp '2026-05-27 08:00:00',
           timestamp '2026-05-27 08:00:00' );
insert into nha_cung_cap (
   nha_cung_cap_id,
   ten_nha_cung_cap,
   phone,
   email,
   trang_thai,
   created_at,
   updated_at
) values ( 'NCC002',
           N'Sữa và Nguyên liệu An Phúc',
           '0902000002',
           'anphucmilk@example.com',
           1,
           timestamp '2026-05-27 08:00:00',
           timestamp '2026-05-27 08:00:00' );
insert into nha_cung_cap (
   nha_cung_cap_id,
   ten_nha_cung_cap,
   phone,
   email,
   trang_thai,
   created_at,
   updated_at
) values ( 'NCC003',
           N'Trà và Topping Sen Việt',
           '0902000003',
           'senviet@example.com',
           1,
           timestamp '2026-05-27 08:00:00',
           timestamp '2026-05-27 08:00:00' );
insert into nha_cung_cap (
   nha_cung_cap_id,
   ten_nha_cung_cap,
   phone,
   email,
   trang_thai,
   created_at,
   updated_at
) values ( 'NCC004',
           N'Nông sản Đà Lạt Fresh',
           '0902000004',
           'dalatfresh@example.com',
           1,
           timestamp '2026-05-27 08:00:00',
           timestamp '2026-05-27 08:00:00' );
insert into nha_cung_cap (
   nha_cung_cap_id,
   ten_nha_cung_cap,
   phone,
   email,
   trang_thai,
   created_at,
   updated_at
) values ( 'NCC005',
           N'Bao bì Green Pack',
           '0902000005',
           'greenpack@example.com',
           1,
           timestamp '2026-05-27 08:00:00',
           timestamp '2026-05-27 08:00:00' );
insert into nha_cung_cap (
   nha_cung_cap_id,
   ten_nha_cung_cap,
   phone,
   email,
   trang_thai,
   created_at,
   updated_at
) values ( 'NCC006',
           N'Nhà cung cấp dự phòng Mekong',
           '0902000006',
           'mekong@example.com',
           0,
           timestamp '2026-05-27 08:00:00',
           timestamp '2026-05-27 08:00:00' );

insert into danh_muc_san_pham (
   danh_muc_id,
   ten_danh_muc,
   mo_ta,
   created_at,
   updated_at
) values ( 'DM001',
           N'Cà phê',
           N'Nhóm đồ uống cà phê thành phẩm',
           timestamp '2026-05-27 08:00:00',
           timestamp '2026-05-27 08:00:00' );
insert into danh_muc_san_pham (
   danh_muc_id,
   ten_danh_muc,
   mo_ta,
   created_at,
   updated_at
) values ( 'DM002',
           N'Trà và trà sữa',
           N'Nhóm đồ uống trà, trà sữa',
           timestamp '2026-05-27 08:00:00',
           timestamp '2026-05-27 08:00:00' );
insert into danh_muc_san_pham (
   danh_muc_id,
   ten_danh_muc,
   mo_ta,
   created_at,
   updated_at
) values ( 'DM003',
           N'Đá xay và cacao',
           N'Nhóm đồ uống cacao, matcha, sinh tố',
           timestamp '2026-05-27 08:00:00',
           timestamp '2026-05-27 08:00:00' );
insert into danh_muc_san_pham (
   danh_muc_id,
   ten_danh_muc,
   mo_ta,
   created_at,
   updated_at
) values ( 'DM004',
           N'Nguyên liệu pha chế',
           N'Nguyên liệu dùng trong định mức pha chế',
           timestamp '2026-05-27 08:00:00',
           timestamp '2026-05-27 08:00:00' );
insert into danh_muc_san_pham (
   danh_muc_id,
   ten_danh_muc,
   mo_ta,
   created_at,
   updated_at
) values ( 'DM005',
           N'Bao bì tiêu hao',
           N'Ly, nắp, ống hút và vật tư tiêu hao',
           timestamp '2026-05-27 08:00:00',
           timestamp '2026-05-27 08:00:00' );

insert into san_pham (
   san_pham_id,
   danh_muc_id,
   ten_san_pham,
   loai_san_pham,
   don_vi_tinh,
   gia_ban,
   gia_von,
   trang_thai,
   created_at,
   updated_at
) values ( 'SP001',
           'DM001',
           N'Cà phê sữa đá',
           'THANH_PHAM',
           'ML',
           29000,
           12000,
           1,
           timestamp '2026-05-27 08:00:00',
           timestamp '2026-05-27 08:00:00' );
insert into san_pham (
   san_pham_id,
   danh_muc_id,
   ten_san_pham,
   loai_san_pham,
   don_vi_tinh,
   gia_ban,
   gia_von,
   trang_thai,
   created_at,
   updated_at
) values ( 'SP002',
           'DM001',
           N'Bạc xỉu',
           'THANH_PHAM',
           'ML',
           32000,
           14000,
           1,
           timestamp '2026-05-27 08:00:00',
           timestamp '2026-05-27 08:00:00' );
insert into san_pham (
   san_pham_id,
   danh_muc_id,
   ten_san_pham,
   loai_san_pham,
   don_vi_tinh,
   gia_ban,
   gia_von,
   trang_thai,
   created_at,
   updated_at
) values ( 'SP003',
           'DM001',
           N'Americano đá',
           'THANH_PHAM',
           'ML',
           35000,
           13000,
           1,
           timestamp '2026-05-27 08:00:00',
           timestamp '2026-05-27 08:00:00' );
insert into san_pham (
   san_pham_id,
   danh_muc_id,
   ten_san_pham,
   loai_san_pham,
   don_vi_tinh,
   gia_ban,
   gia_von,
   trang_thai,
   created_at,
   updated_at
) values ( 'SP004',
           'DM001',
           N'Latte đá',
           'THANH_PHAM',
           'ML',
           42000,
           18000,
           1,
           timestamp '2026-05-27 08:00:00',
           timestamp '2026-05-27 08:00:00' );
insert into san_pham (
   san_pham_id,
   danh_muc_id,
   ten_san_pham,
   loai_san_pham,
   don_vi_tinh,
   gia_ban,
   gia_von,
   trang_thai,
   created_at,
   updated_at
) values ( 'SP005',
           'DM002',
           N'Trà đào cam sả',
           'THANH_PHAM',
           'ML',
           39000,
           16000,
           1,
           timestamp '2026-05-27 08:00:00',
           timestamp '2026-05-27 08:00:00' );
insert into san_pham (
   san_pham_id,
   danh_muc_id,
   ten_san_pham,
   loai_san_pham,
   don_vi_tinh,
   gia_ban,
   gia_von,
   trang_thai,
   created_at,
   updated_at
) values ( 'SP006',
           'DM002',
           N'Trà sữa ô long',
           'THANH_PHAM',
           'ML',
           43000,
           17000,
           1,
           timestamp '2026-05-27 08:00:00',
           timestamp '2026-05-27 08:00:00' );
insert into san_pham (
   san_pham_id,
   danh_muc_id,
   ten_san_pham,
   loai_san_pham,
   don_vi_tinh,
   gia_ban,
   gia_von,
   trang_thai,
   created_at,
   updated_at
) values ( 'SP007',
           'DM003',
           N'Matcha latte',
           'THANH_PHAM',
           'ML',
           45000,
           20000,
           1,
           timestamp '2026-05-27 08:00:00',
           timestamp '2026-05-27 08:00:00' );
insert into san_pham (
   san_pham_id,
   danh_muc_id,
   ten_san_pham,
   loai_san_pham,
   don_vi_tinh,
   gia_ban,
   gia_von,
   trang_thai,
   created_at,
   updated_at
) values ( 'SP008',
           'DM003',
           N'Cacao đá',
           'THANH_PHAM',
           'ML',
           38000,
           15000,
           1,
           timestamp '2026-05-27 08:00:00',
           timestamp '2026-05-27 08:00:00' );
insert into san_pham (
   san_pham_id,
   danh_muc_id,
   ten_san_pham,
   loai_san_pham,
   don_vi_tinh,
   gia_ban,
   gia_von,
   trang_thai,
   created_at,
   updated_at
) values ( 'SP009',
           'DM003',
           N'Sinh tố dâu',
           'THANH_PHAM',
           'ML',
           49000,
           22000,
           1,
           timestamp '2026-05-27 08:00:00',
           timestamp '2026-05-27 08:00:00' );
insert into san_pham (
   san_pham_id,
   danh_muc_id,
   ten_san_pham,
   loai_san_pham,
   don_vi_tinh,
   gia_ban,
   gia_von,
   trang_thai,
   created_at,
   updated_at
) values ( 'SP010',
           'DM002',
           N'Trà đen macchiato',
           'THANH_PHAM',
           'ML',
           42000,
           17000,
           1,
           timestamp '2026-05-27 08:00:00',
           timestamp '2026-05-27 08:00:00' );
insert into san_pham (
   san_pham_id,
   danh_muc_id,
   ten_san_pham,
   loai_san_pham,
   don_vi_tinh,
   gia_ban,
   gia_von,
   trang_thai,
   created_at,
   updated_at
) values ( 'NL001',
           'DM004',
           N'Hạt cà phê rang',
           'NGUYEN_LIEU',
           'KG',
           0,
           180000,
           1,
           timestamp '2026-05-27 08:00:00',
           timestamp '2026-05-27 08:00:00' );
insert into san_pham (
   san_pham_id,
   danh_muc_id,
   ten_san_pham,
   loai_san_pham,
   don_vi_tinh,
   gia_ban,
   gia_von,
   trang_thai,
   created_at,
   updated_at
) values ( 'NL002',
           'DM004',
           N'Sữa đặc',
           'NGUYEN_LIEU',
           'KG',
           0,
           45000,
           1,
           timestamp '2026-05-27 08:00:00',
           timestamp '2026-05-27 08:00:00' );
insert into san_pham (
   san_pham_id,
   danh_muc_id,
   ten_san_pham,
   loai_san_pham,
   don_vi_tinh,
   gia_ban,
   gia_von,
   trang_thai,
   created_at,
   updated_at
) values ( 'NL003',
           'DM004',
           N'Sữa tươi',
           'NGUYEN_LIEU',
           'L',
           0,
           36000,
           1,
           timestamp '2026-05-27 08:00:00',
           timestamp '2026-05-27 08:00:00' );
insert into san_pham (
   san_pham_id,
   danh_muc_id,
   ten_san_pham,
   loai_san_pham,
   don_vi_tinh,
   gia_ban,
   gia_von,
   trang_thai,
   created_at,
   updated_at
) values ( 'NL004',
           'DM004',
           N'Đường nước',
           'NGUYEN_LIEU',
           'L',
           0,
           28000,
           1,
           timestamp '2026-05-27 08:00:00',
           timestamp '2026-05-27 08:00:00' );
insert into san_pham (
   san_pham_id,
   danh_muc_id,
   ten_san_pham,
   loai_san_pham,
   don_vi_tinh,
   gia_ban,
   gia_von,
   trang_thai,
   created_at,
   updated_at
) values ( 'NL005',
           'DM004',
           N'Trân châu đen',
           'NGUYEN_LIEU',
           'KG',
           0,
           52000,
           1,
           timestamp '2026-05-27 08:00:00',
           timestamp '2026-05-27 08:00:00' );
insert into san_pham (
   san_pham_id,
   danh_muc_id,
   ten_san_pham,
   loai_san_pham,
   don_vi_tinh,
   gia_ban,
   gia_von,
   trang_thai,
   created_at,
   updated_at
) values ( 'NL006',
           'DM004',
           N'Đào miếng',
           'NGUYEN_LIEU',
           'KG',
           0,
           78000,
           1,
           timestamp '2026-05-27 08:00:00',
           timestamp '2026-05-27 08:00:00' );
insert into san_pham (
   san_pham_id,
   danh_muc_id,
   ten_san_pham,
   loai_san_pham,
   don_vi_tinh,
   gia_ban,
   gia_von,
   trang_thai,
   created_at,
   updated_at
) values ( 'NL007',
           'DM004',
           N'Trà ô long',
           'NGUYEN_LIEU',
           'KG',
           0,
           220000,
           1,
           timestamp '2026-05-27 08:00:00',
           timestamp '2026-05-27 08:00:00' );
insert into san_pham (
   san_pham_id,
   danh_muc_id,
   ten_san_pham,
   loai_san_pham,
   don_vi_tinh,
   gia_ban,
   gia_von,
   trang_thai,
   created_at,
   updated_at
) values ( 'NL008',
           'DM004',
           N'Bột matcha',
           'NGUYEN_LIEU',
           'KG',
           0,
           320000,
           1,
           timestamp '2026-05-27 08:00:00',
           timestamp '2026-05-27 08:00:00' );
insert into san_pham (
   san_pham_id,
   danh_muc_id,
   ten_san_pham,
   loai_san_pham,
   don_vi_tinh,
   gia_ban,
   gia_von,
   trang_thai,
   created_at,
   updated_at
) values ( 'NL009',
           'DM004',
           N'Bột cacao',
           'NGUYEN_LIEU',
           'KG',
           0,
           210000,
           1,
           timestamp '2026-05-27 08:00:00',
           timestamp '2026-05-27 08:00:00' );
insert into san_pham (
   san_pham_id,
   danh_muc_id,
   ten_san_pham,
   loai_san_pham,
   don_vi_tinh,
   gia_ban,
   gia_von,
   trang_thai,
   created_at,
   updated_at
) values ( 'NL010',
           'DM004',
           N'Dâu tây đông lạnh',
           'NGUYEN_LIEU',
           'KG',
           0,
           95000,
           1,
           timestamp '2026-05-27 08:00:00',
           timestamp '2026-05-27 08:00:00' );
insert into san_pham (
   san_pham_id,
   danh_muc_id,
   ten_san_pham,
   loai_san_pham,
   don_vi_tinh,
   gia_ban,
   gia_von,
   trang_thai,
   created_at,
   updated_at
) values ( 'NL011',
           'DM004',
           N'Cam tươi',
           'NGUYEN_LIEU',
           'KG',
           0,
           36000,
           1,
           timestamp '2026-05-27 08:00:00',
           timestamp '2026-05-27 08:00:00' );
insert into san_pham (
   san_pham_id,
   danh_muc_id,
   ten_san_pham,
   loai_san_pham,
   don_vi_tinh,
   gia_ban,
   gia_von,
   trang_thai,
   created_at,
   updated_at
) values ( 'NL012',
           'DM004',
           N'Kem béo',
           'NGUYEN_LIEU',
           'L',
           0,
           62000,
           1,
           timestamp '2026-05-27 08:00:00',
           timestamp '2026-05-27 08:00:00' );
insert into san_pham (
   san_pham_id,
   danh_muc_id,
   ten_san_pham,
   loai_san_pham,
   don_vi_tinh,
   gia_ban,
   gia_von,
   trang_thai,
   created_at,
   updated_at
) values ( 'NL013',
           'DM004',
           N'Siro caramel',
           'NGUYEN_LIEU',
           'L',
           0,
           85000,
           1,
           timestamp '2026-05-27 08:00:00',
           timestamp '2026-05-27 08:00:00' );
insert into san_pham (
   san_pham_id,
   danh_muc_id,
   ten_san_pham,
   loai_san_pham,
   don_vi_tinh,
   gia_ban,
   gia_von,
   trang_thai,
   created_at,
   updated_at
) values ( 'NL014',
           'DM004',
           N'Đá viên',
           'NGUYEN_LIEU',
           'KG',
           0,
           5000,
           1,
           timestamp '2026-05-27 08:00:00',
           timestamp '2026-05-27 08:00:00' );
insert into san_pham (
   san_pham_id,
   danh_muc_id,
   ten_san_pham,
   loai_san_pham,
   don_vi_tinh,
   gia_ban,
   gia_von,
   trang_thai,
   created_at,
   updated_at
) values ( 'NL015',
           'DM004',
           N'Siro đường nâu',
           'NGUYEN_LIEU',
           'L',
           0,
           69000,
           1,
           timestamp '2026-05-27 08:00:00',
           timestamp '2026-05-27 08:00:00' );
insert into san_pham (
   san_pham_id,
   danh_muc_id,
   ten_san_pham,
   loai_san_pham,
   don_vi_tinh,
   gia_ban,
   gia_von,
   trang_thai,
   created_at,
   updated_at
) values ( 'NL016',
           'DM004',
           N'Trà đen',
           'NGUYEN_LIEU',
           'KG',
           0,
           180000,
           1,
           timestamp '2026-05-27 08:00:00',
           timestamp '2026-05-27 08:00:00' );
insert into san_pham (
   san_pham_id,
   danh_muc_id,
   ten_san_pham,
   loai_san_pham,
   don_vi_tinh,
   gia_ban,
   gia_von,
   trang_thai,
   created_at,
   updated_at
) values ( 'NL017',
           'DM005',
           N'Ly nhựa quy đổi',
           'NGUYEN_LIEU',
           'KG',
           0,
           45000,
           1,
           timestamp '2026-05-27 08:00:00',
           timestamp '2026-05-27 08:00:00' );
insert into san_pham (
   san_pham_id,
   danh_muc_id,
   ten_san_pham,
   loai_san_pham,
   don_vi_tinh,
   gia_ban,
   gia_von,
   trang_thai,
   created_at,
   updated_at
) values ( 'NL018',
           'DM005',
           N'Nắp ly quy đổi',
           'NGUYEN_LIEU',
           'KG',
           0,
           38000,
           1,
           timestamp '2026-05-27 08:00:00',
           timestamp '2026-05-27 08:00:00' );

insert into ton_kho (
   kho_id,
   san_pham_id,
   so_luong_ton,
   muc_ton_toi_thieu,
   last_updated
) values ( 'KHO001',
           'NL001',
           24,
           4.32,
           timestamp '2026-05-27 17:00:00' );
insert into ton_kho (
   kho_id,
   san_pham_id,
   so_luong_ton,
   muc_ton_toi_thieu,
   last_updated
) values ( 'KHO001',
           'NL002',
           39,
           7.02,
           timestamp '2026-05-27 19:00:00' );
insert into ton_kho (
   kho_id,
   san_pham_id,
   so_luong_ton,
   muc_ton_toi_thieu,
   last_updated
) values ( 'KHO001',
           'NL003',
           46,
           8.28,
           timestamp '2026-05-28 18:00:00' );
insert into ton_kho (
   kho_id,
   san_pham_id,
   so_luong_ton,
   muc_ton_toi_thieu,
   last_updated
) values ( 'KHO001',
           'NL004',
           61,
           10.98,
           timestamp '2026-05-27 17:00:00' );
insert into ton_kho (
   kho_id,
   san_pham_id,
   so_luong_ton,
   muc_ton_toi_thieu,
   last_updated
) values ( 'KHO001',
           'NL005',
           55,
           9.9,
           timestamp '2026-05-29 18:00:00' );
insert into ton_kho (
   kho_id,
   san_pham_id,
   so_luong_ton,
   muc_ton_toi_thieu,
   last_updated
) values ( 'KHO001',
           'NL006',
           25,
           4.5,
           timestamp '2026-05-29 20:00:00' );
insert into ton_kho (
   kho_id,
   san_pham_id,
   so_luong_ton,
   muc_ton_toi_thieu,
   last_updated
) values ( 'KHO001',
           'NL007',
           38,
           6.84,
           timestamp '2026-05-27 16:00:00' );
insert into ton_kho (
   kho_id,
   san_pham_id,
   so_luong_ton,
   muc_ton_toi_thieu,
   last_updated
) values ( 'KHO001',
           'NL008',
           26,
           4.68,
           timestamp '2026-05-29 17:00:00' );
insert into ton_kho (
   kho_id,
   san_pham_id,
   so_luong_ton,
   muc_ton_toi_thieu,
   last_updated
) values ( 'KHO001',
           'NL009',
           23,
           4.14,
           timestamp '2026-05-28 17:00:00' );
insert into ton_kho (
   kho_id,
   san_pham_id,
   so_luong_ton,
   muc_ton_toi_thieu,
   last_updated
) values ( 'KHO001',
           'NL010',
           58,
           10.44,
           timestamp '2026-05-27 18:00:00' );
insert into ton_kho (
   kho_id,
   san_pham_id,
   so_luong_ton,
   muc_ton_toi_thieu,
   last_updated
) values ( 'KHO001',
           'NL011',
           76,
           13.68,
           timestamp '2026-05-27 19:00:00' );
insert into ton_kho (
   kho_id,
   san_pham_id,
   so_luong_ton,
   muc_ton_toi_thieu,
   last_updated
) values ( 'KHO001',
           'NL012',
           37,
           6.66,
           timestamp '2026-05-29 18:00:00' );
insert into ton_kho (
   kho_id,
   san_pham_id,
   so_luong_ton,
   muc_ton_toi_thieu,
   last_updated
) values ( 'KHO001',
           'NL013',
           69,
           12.42,
           timestamp '2026-05-27 18:00:00' );
insert into ton_kho (
   kho_id,
   san_pham_id,
   so_luong_ton,
   muc_ton_toi_thieu,
   last_updated
) values ( 'KHO001',
           'NL014',
           54,
           9.72,
           timestamp '2026-05-29 20:00:00' );
insert into ton_kho (
   kho_id,
   san_pham_id,
   so_luong_ton,
   muc_ton_toi_thieu,
   last_updated
) values ( 'KHO001',
           'NL015',
           95,
           17.1,
           timestamp '2026-05-27 18:00:00' );
insert into ton_kho (
   kho_id,
   san_pham_id,
   so_luong_ton,
   muc_ton_toi_thieu,
   last_updated
) values ( 'KHO001',
           'NL016',
           32,
           5.76,
           timestamp '2026-05-28 18:00:00' );
insert into ton_kho (
   kho_id,
   san_pham_id,
   so_luong_ton,
   muc_ton_toi_thieu,
   last_updated
) values ( 'KHO001',
           'NL017',
           44,
           7.92,
           timestamp '2026-05-29 19:00:00' );
insert into ton_kho (
   kho_id,
   san_pham_id,
   so_luong_ton,
   muc_ton_toi_thieu,
   last_updated
) values ( 'KHO001',
           'NL018',
           50,
           9,
           timestamp '2026-05-28 16:00:00' );
insert into ton_kho (
   kho_id,
   san_pham_id,
   so_luong_ton,
   muc_ton_toi_thieu,
   last_updated
) values ( 'KHO002',
           'NL001',
           15,
           3,
           timestamp '2026-05-29 18:00:00' );
insert into ton_kho (
   kho_id,
   san_pham_id,
   so_luong_ton,
   muc_ton_toi_thieu,
   last_updated
) values ( 'KHO002',
           'NL002',
           31,
           5.58,
           timestamp '2026-05-29 16:00:00' );
insert into ton_kho (
   kho_id,
   san_pham_id,
   so_luong_ton,
   muc_ton_toi_thieu,
   last_updated
) values ( 'KHO002',
           'NL003',
           31,
           5.58,
           timestamp '2026-05-29 16:00:00' );
insert into ton_kho (
   kho_id,
   san_pham_id,
   so_luong_ton,
   muc_ton_toi_thieu,
   last_updated
) values ( 'KHO002',
           'NL004',
           96,
           17.28,
           timestamp '2026-05-28 17:00:00' );
insert into ton_kho (
   kho_id,
   san_pham_id,
   so_luong_ton,
   muc_ton_toi_thieu,
   last_updated
) values ( 'KHO002',
           'NL005',
           22,
           3.96,
           timestamp '2026-05-28 17:00:00' );
insert into ton_kho (
   kho_id,
   san_pham_id,
   so_luong_ton,
   muc_ton_toi_thieu,
   last_updated
) values ( 'KHO002',
           'NL006',
           42,
           7.56,
           timestamp '2026-05-29 17:00:00' );
insert into ton_kho (
   kho_id,
   san_pham_id,
   so_luong_ton,
   muc_ton_toi_thieu,
   last_updated
) values ( 'KHO002',
           'NL007',
           45,
           8.1,
           timestamp '2026-05-28 16:00:00' );
insert into ton_kho (
   kho_id,
   san_pham_id,
   so_luong_ton,
   muc_ton_toi_thieu,
   last_updated
) values ( 'KHO002',
           'NL008',
           33,
           5.94,
           timestamp '2026-05-29 17:00:00' );
insert into ton_kho (
   kho_id,
   san_pham_id,
   so_luong_ton,
   muc_ton_toi_thieu,
   last_updated
) values ( 'KHO002',
           'NL009',
           50,
           9,
           timestamp '2026-05-28 16:00:00' );
insert into ton_kho (
   kho_id,
   san_pham_id,
   so_luong_ton,
   muc_ton_toi_thieu,
   last_updated
) values ( 'KHO002',
           'NL010',
           70,
           12.6,
           timestamp '2026-05-28 18:00:00' );
insert into ton_kho (
   kho_id,
   san_pham_id,
   so_luong_ton,
   muc_ton_toi_thieu,
   last_updated
) values ( 'KHO002',
           'NL011',
           43,
           7.74,
           timestamp '2026-05-28 18:00:00' );
insert into ton_kho (
   kho_id,
   san_pham_id,
   so_luong_ton,
   muc_ton_toi_thieu,
   last_updated
) values ( 'KHO002',
           'NL012',
           28,
           5.04,
           timestamp '2026-05-28 20:00:00' );
insert into ton_kho (
   kho_id,
   san_pham_id,
   so_luong_ton,
   muc_ton_toi_thieu,
   last_updated
) values ( 'KHO002',
           'NL013',
           92,
           16.56,
           timestamp '2026-05-27 18:00:00' );
insert into ton_kho (
   kho_id,
   san_pham_id,
   so_luong_ton,
   muc_ton_toi_thieu,
   last_updated
) values ( 'KHO002',
           'NL014',
           39,
           7.02,
           timestamp '2026-05-27 20:00:00' );
insert into ton_kho (
   kho_id,
   san_pham_id,
   so_luong_ton,
   muc_ton_toi_thieu,
   last_updated
) values ( 'KHO002',
           'NL015',
           63,
           11.34,
           timestamp '2026-05-28 20:00:00' );
insert into ton_kho (
   kho_id,
   san_pham_id,
   so_luong_ton,
   muc_ton_toi_thieu,
   last_updated
) values ( 'KHO002',
           'NL016',
           79,
           14.22,
           timestamp '2026-05-28 16:00:00' );
insert into ton_kho (
   kho_id,
   san_pham_id,
   so_luong_ton,
   muc_ton_toi_thieu,
   last_updated
) values ( 'KHO002',
           'NL017',
           69,
           12.42,
           timestamp '2026-05-28 19:00:00' );
insert into ton_kho (
   kho_id,
   san_pham_id,
   so_luong_ton,
   muc_ton_toi_thieu,
   last_updated
) values ( 'KHO002',
           'NL018',
           20,
           3.6,
           timestamp '2026-05-29 16:00:00' );
insert into ton_kho (
   kho_id,
   san_pham_id,
   so_luong_ton,
   muc_ton_toi_thieu,
   last_updated
) values ( 'KHO003',
           'NL001',
           42,
           7.56,
           timestamp '2026-05-28 19:00:00' );
insert into ton_kho (
   kho_id,
   san_pham_id,
   so_luong_ton,
   muc_ton_toi_thieu,
   last_updated
) values ( 'KHO003',
           'NL002',
           47,
           8.46,
           timestamp '2026-05-28 19:00:00' );
insert into ton_kho (
   kho_id,
   san_pham_id,
   so_luong_ton,
   muc_ton_toi_thieu,
   last_updated
) values ( 'KHO003',
           'NL003',
           83,
           14.94,
           timestamp '2026-05-29 16:00:00' );
insert into ton_kho (
   kho_id,
   san_pham_id,
   so_luong_ton,
   muc_ton_toi_thieu,
   last_updated
) values ( 'KHO003',
           'NL004',
           47,
           8.46,
           timestamp '2026-05-29 20:00:00' );
insert into ton_kho (
   kho_id,
   san_pham_id,
   so_luong_ton,
   muc_ton_toi_thieu,
   last_updated
) values ( 'KHO003',
           'NL005',
           43,
           7.74,
           timestamp '2026-05-29 17:00:00' );
insert into ton_kho (
   kho_id,
   san_pham_id,
   so_luong_ton,
   muc_ton_toi_thieu,
   last_updated
) values ( 'KHO003',
           'NL006',
           77,
           13.86,
           timestamp '2026-05-29 16:00:00' );
insert into ton_kho (
   kho_id,
   san_pham_id,
   so_luong_ton,
   muc_ton_toi_thieu,
   last_updated
) values ( 'KHO003',
           'NL007',
           42,
           7.56,
           timestamp '2026-05-27 17:00:00' );
insert into ton_kho (
   kho_id,
   san_pham_id,
   so_luong_ton,
   muc_ton_toi_thieu,
   last_updated
) values ( 'KHO003',
           'NL008',
           49,
           8.82,
           timestamp '2026-05-27 16:00:00' );
insert into ton_kho (
   kho_id,
   san_pham_id,
   so_luong_ton,
   muc_ton_toi_thieu,
   last_updated
) values ( 'KHO003',
           'NL009',
           19,
           3.42,
           timestamp '2026-05-28 19:00:00' );
insert into ton_kho (
   kho_id,
   san_pham_id,
   so_luong_ton,
   muc_ton_toi_thieu,
   last_updated
) values ( 'KHO003',
           'NL010',
           28,
           5.04,
           timestamp '2026-05-27 17:00:00' );
insert into ton_kho (
   kho_id,
   san_pham_id,
   so_luong_ton,
   muc_ton_toi_thieu,
   last_updated
) values ( 'KHO003',
           'NL011',
           5,
           3,
           timestamp '2026-05-27 17:00:00' );
insert into ton_kho (
   kho_id,
   san_pham_id,
   so_luong_ton,
   muc_ton_toi_thieu,
   last_updated
) values ( 'KHO003',
           'NL012',
           76,
           13.68,
           timestamp '2026-05-27 19:00:00' );
insert into ton_kho (
   kho_id,
   san_pham_id,
   so_luong_ton,
   muc_ton_toi_thieu,
   last_updated
) values ( 'KHO003',
           'NL013',
           72,
           12.96,
           timestamp '2026-05-28 20:00:00' );
insert into ton_kho (
   kho_id,
   san_pham_id,
   so_luong_ton,
   muc_ton_toi_thieu,
   last_updated
) values ( 'KHO003',
           'NL014',
           66,
           11.88,
           timestamp '2026-05-27 19:00:00' );
insert into ton_kho (
   kho_id,
   san_pham_id,
   so_luong_ton,
   muc_ton_toi_thieu,
   last_updated
) values ( 'KHO003',
           'NL015',
           50,
           9,
           timestamp '2026-05-29 18:00:00' );
insert into ton_kho (
   kho_id,
   san_pham_id,
   so_luong_ton,
   muc_ton_toi_thieu,
   last_updated
) values ( 'KHO003',
           'NL016',
           76,
           13.68,
           timestamp '2026-05-28 19:00:00' );
insert into ton_kho (
   kho_id,
   san_pham_id,
   so_luong_ton,
   muc_ton_toi_thieu,
   last_updated
) values ( 'KHO003',
           'NL017',
           17,
           3.06,
           timestamp '2026-05-28 18:00:00' );
insert into ton_kho (
   kho_id,
   san_pham_id,
   so_luong_ton,
   muc_ton_toi_thieu,
   last_updated
) values ( 'KHO003',
           'NL018',
           81,
           14.58,
           timestamp '2026-05-27 19:00:00' );
insert into ton_kho (
   kho_id,
   san_pham_id,
   so_luong_ton,
   muc_ton_toi_thieu,
   last_updated
) values ( 'KHO004',
           'NL001',
           16,
           3,
           timestamp '2026-05-28 18:00:00' );
insert into ton_kho (
   kho_id,
   san_pham_id,
   so_luong_ton,
   muc_ton_toi_thieu,
   last_updated
) values ( 'KHO004',
           'NL002',
           84,
           15.12,
           timestamp '2026-05-27 19:00:00' );
insert into ton_kho (
   kho_id,
   san_pham_id,
   so_luong_ton,
   muc_ton_toi_thieu,
   last_updated
) values ( 'KHO004',
           'NL003',
           96,
           17.28,
           timestamp '2026-05-29 19:00:00' );
insert into ton_kho (
   kho_id,
   san_pham_id,
   so_luong_ton,
   muc_ton_toi_thieu,
   last_updated
) values ( 'KHO004',
           'NL004',
           10,
           3,
           timestamp '2026-05-28 19:00:00' );
insert into ton_kho (
   kho_id,
   san_pham_id,
   so_luong_ton,
   muc_ton_toi_thieu,
   last_updated
) values ( 'KHO004',
           'NL005',
           74,
           13.32,
           timestamp '2026-05-28 17:00:00' );
insert into ton_kho (
   kho_id,
   san_pham_id,
   so_luong_ton,
   muc_ton_toi_thieu,
   last_updated
) values ( 'KHO004',
           'NL006',
           49,
           8.82,
           timestamp '2026-05-28 18:00:00' );
insert into ton_kho (
   kho_id,
   san_pham_id,
   so_luong_ton,
   muc_ton_toi_thieu,
   last_updated
) values ( 'KHO004',
           'NL007',
           45,
           8.1,
           timestamp '2026-05-27 20:00:00' );
insert into ton_kho (
   kho_id,
   san_pham_id,
   so_luong_ton,
   muc_ton_toi_thieu,
   last_updated
) values ( 'KHO004',
           'NL008',
           65,
           11.7,
           timestamp '2026-05-29 20:00:00' );
insert into ton_kho (
   kho_id,
   san_pham_id,
   so_luong_ton,
   muc_ton_toi_thieu,
   last_updated
) values ( 'KHO004',
           'NL009',
           5,
           3,
           timestamp '2026-05-27 19:00:00' );
insert into ton_kho (
   kho_id,
   san_pham_id,
   so_luong_ton,
   muc_ton_toi_thieu,
   last_updated
) values ( 'KHO004',
           'NL010',
           20,
           3.6,
           timestamp '2026-05-28 17:00:00' );
insert into ton_kho (
   kho_id,
   san_pham_id,
   so_luong_ton,
   muc_ton_toi_thieu,
   last_updated
) values ( 'KHO004',
           'NL011',
           55,
           9.9,
           timestamp '2026-05-28 19:00:00' );
insert into ton_kho (
   kho_id,
   san_pham_id,
   so_luong_ton,
   muc_ton_toi_thieu,
   last_updated
) values ( 'KHO004',
           'NL012',
           32,
           5.76,
           timestamp '2026-05-29 20:00:00' );
insert into ton_kho (
   kho_id,
   san_pham_id,
   so_luong_ton,
   muc_ton_toi_thieu,
   last_updated
) values ( 'KHO004',
           'NL013',
           63,
           11.34,
           timestamp '2026-05-29 16:00:00' );
insert into ton_kho (
   kho_id,
   san_pham_id,
   so_luong_ton,
   muc_ton_toi_thieu,
   last_updated
) values ( 'KHO004',
           'NL014',
           18,
           3.24,
           timestamp '2026-05-29 17:00:00' );
insert into ton_kho (
   kho_id,
   san_pham_id,
   so_luong_ton,
   muc_ton_toi_thieu,
   last_updated
) values ( 'KHO004',
           'NL015',
           35,
           6.3,
           timestamp '2026-05-29 17:00:00' );
insert into ton_kho (
   kho_id,
   san_pham_id,
   so_luong_ton,
   muc_ton_toi_thieu,
   last_updated
) values ( 'KHO004',
           'NL016',
           59,
           10.62,
           timestamp '2026-05-27 20:00:00' );
insert into ton_kho (
   kho_id,
   san_pham_id,
   so_luong_ton,
   muc_ton_toi_thieu,
   last_updated
) values ( 'KHO004',
           'NL017',
           26,
           4.68,
           timestamp '2026-05-29 16:00:00' );
insert into ton_kho (
   kho_id,
   san_pham_id,
   so_luong_ton,
   muc_ton_toi_thieu,
   last_updated
) values ( 'KHO004',
           'NL018',
           36,
           6.48,
           timestamp '2026-05-28 17:00:00' );

insert into dinh_muc_san_pham (
   dinh_muc_id,
   san_pham_id,
   trang_thai
) values ( 'DMUC001',
           'SP001',
           1 );
insert into dinh_muc_san_pham (
   dinh_muc_id,
   san_pham_id,
   trang_thai
) values ( 'DMUC002',
           'SP002',
           1 );
insert into dinh_muc_san_pham (
   dinh_muc_id,
   san_pham_id,
   trang_thai
) values ( 'DMUC003',
           'SP003',
           1 );
insert into dinh_muc_san_pham (
   dinh_muc_id,
   san_pham_id,
   trang_thai
) values ( 'DMUC004',
           'SP004',
           1 );
insert into dinh_muc_san_pham (
   dinh_muc_id,
   san_pham_id,
   trang_thai
) values ( 'DMUC005',
           'SP005',
           1 );
insert into dinh_muc_san_pham (
   dinh_muc_id,
   san_pham_id,
   trang_thai
) values ( 'DMUC006',
           'SP006',
           1 );
insert into dinh_muc_san_pham (
   dinh_muc_id,
   san_pham_id,
   trang_thai
) values ( 'DMUC007',
           'SP007',
           1 );
insert into dinh_muc_san_pham (
   dinh_muc_id,
   san_pham_id,
   trang_thai
) values ( 'DMUC008',
           'SP008',
           1 );
insert into dinh_muc_san_pham (
   dinh_muc_id,
   san_pham_id,
   trang_thai
) values ( 'DMUC009',
           'SP009',
           1 );
insert into dinh_muc_san_pham (
   dinh_muc_id,
   san_pham_id,
   trang_thai
) values ( 'DMUC010',
           'SP010',
           1 );
insert into chi_tiet_dinh_muc (
   chi_tiet_dinh_muc_id,
   dinh_muc_id,
   nguyen_lieu_id,
   so_luong
) values ( 'CTDM0001',
           'DMUC001',
           'NL001',
           0.03 );
insert into chi_tiet_dinh_muc (
   chi_tiet_dinh_muc_id,
   dinh_muc_id,
   nguyen_lieu_id,
   so_luong
) values ( 'CTDM0002',
           'DMUC001',
           'NL002',
           0.04 );
insert into chi_tiet_dinh_muc (
   chi_tiet_dinh_muc_id,
   dinh_muc_id,
   nguyen_lieu_id,
   so_luong
) values ( 'CTDM0003',
           'DMUC001',
           'NL004',
           0.02 );
insert into chi_tiet_dinh_muc (
   chi_tiet_dinh_muc_id,
   dinh_muc_id,
   nguyen_lieu_id,
   so_luong
) values ( 'CTDM0004',
           'DMUC001',
           'NL014',
           0.18 );
insert into chi_tiet_dinh_muc (
   chi_tiet_dinh_muc_id,
   dinh_muc_id,
   nguyen_lieu_id,
   so_luong
) values ( 'CTDM0005',
           'DMUC001',
           'NL017',
           0.01 );
insert into chi_tiet_dinh_muc (
   chi_tiet_dinh_muc_id,
   dinh_muc_id,
   nguyen_lieu_id,
   so_luong
) values ( 'CTDM0006',
           'DMUC001',
           'NL018',
           0.01 );
insert into chi_tiet_dinh_muc (
   chi_tiet_dinh_muc_id,
   dinh_muc_id,
   nguyen_lieu_id,
   so_luong
) values ( 'CTDM0007',
           'DMUC002',
           'NL001',
           0.02 );
insert into chi_tiet_dinh_muc (
   chi_tiet_dinh_muc_id,
   dinh_muc_id,
   nguyen_lieu_id,
   so_luong
) values ( 'CTDM0008',
           'DMUC002',
           'NL002',
           0.04 );
insert into chi_tiet_dinh_muc (
   chi_tiet_dinh_muc_id,
   dinh_muc_id,
   nguyen_lieu_id,
   so_luong
) values ( 'CTDM0009',
           'DMUC002',
           'NL003',
           0.12 );
insert into chi_tiet_dinh_muc (
   chi_tiet_dinh_muc_id,
   dinh_muc_id,
   nguyen_lieu_id,
   so_luong
) values ( 'CTDM0010',
           'DMUC002',
           'NL014',
           0.18 );
insert into chi_tiet_dinh_muc (
   chi_tiet_dinh_muc_id,
   dinh_muc_id,
   nguyen_lieu_id,
   so_luong
) values ( 'CTDM0011',
           'DMUC002',
           'NL017',
           0.01 );
insert into chi_tiet_dinh_muc (
   chi_tiet_dinh_muc_id,
   dinh_muc_id,
   nguyen_lieu_id,
   so_luong
) values ( 'CTDM0012',
           'DMUC002',
           'NL018',
           0.01 );
insert into chi_tiet_dinh_muc (
   chi_tiet_dinh_muc_id,
   dinh_muc_id,
   nguyen_lieu_id,
   so_luong
) values ( 'CTDM0013',
           'DMUC003',
           'NL001',
           0.02 );
insert into chi_tiet_dinh_muc (
   chi_tiet_dinh_muc_id,
   dinh_muc_id,
   nguyen_lieu_id,
   so_luong
) values ( 'CTDM0014',
           'DMUC003',
           'NL004',
           0.01 );
insert into chi_tiet_dinh_muc (
   chi_tiet_dinh_muc_id,
   dinh_muc_id,
   nguyen_lieu_id,
   so_luong
) values ( 'CTDM0015',
           'DMUC003',
           'NL014',
           0.2 );
insert into chi_tiet_dinh_muc (
   chi_tiet_dinh_muc_id,
   dinh_muc_id,
   nguyen_lieu_id,
   so_luong
) values ( 'CTDM0016',
           'DMUC003',
           'NL017',
           0.01 );
insert into chi_tiet_dinh_muc (
   chi_tiet_dinh_muc_id,
   dinh_muc_id,
   nguyen_lieu_id,
   so_luong
) values ( 'CTDM0017',
           'DMUC003',
           'NL018',
           0.01 );
insert into chi_tiet_dinh_muc (
   chi_tiet_dinh_muc_id,
   dinh_muc_id,
   nguyen_lieu_id,
   so_luong
) values ( 'CTDM0018',
           'DMUC004',
           'NL001',
           0.02 );
insert into chi_tiet_dinh_muc (
   chi_tiet_dinh_muc_id,
   dinh_muc_id,
   nguyen_lieu_id,
   so_luong
) values ( 'CTDM0019',
           'DMUC004',
           'NL003',
           0.18 );
insert into chi_tiet_dinh_muc (
   chi_tiet_dinh_muc_id,
   dinh_muc_id,
   nguyen_lieu_id,
   so_luong
) values ( 'CTDM0020',
           'DMUC004',
           'NL012',
           0.03 );
insert into chi_tiet_dinh_muc (
   chi_tiet_dinh_muc_id,
   dinh_muc_id,
   nguyen_lieu_id,
   so_luong
) values ( 'CTDM0021',
           'DMUC004',
           'NL014',
           0.16 );
insert into chi_tiet_dinh_muc (
   chi_tiet_dinh_muc_id,
   dinh_muc_id,
   nguyen_lieu_id,
   so_luong
) values ( 'CTDM0022',
           'DMUC004',
           'NL017',
           0.01 );
insert into chi_tiet_dinh_muc (
   chi_tiet_dinh_muc_id,
   dinh_muc_id,
   nguyen_lieu_id,
   so_luong
) values ( 'CTDM0023',
           'DMUC004',
           'NL018',
           0.01 );
insert into chi_tiet_dinh_muc (
   chi_tiet_dinh_muc_id,
   dinh_muc_id,
   nguyen_lieu_id,
   so_luong
) values ( 'CTDM0024',
           'DMUC005',
           'NL016',
           0.02 );
insert into chi_tiet_dinh_muc (
   chi_tiet_dinh_muc_id,
   dinh_muc_id,
   nguyen_lieu_id,
   so_luong
) values ( 'CTDM0025',
           'DMUC005',
           'NL006',
           0.08 );
insert into chi_tiet_dinh_muc (
   chi_tiet_dinh_muc_id,
   dinh_muc_id,
   nguyen_lieu_id,
   so_luong
) values ( 'CTDM0026',
           'DMUC005',
           'NL011',
           0.06 );
insert into chi_tiet_dinh_muc (
   chi_tiet_dinh_muc_id,
   dinh_muc_id,
   nguyen_lieu_id,
   so_luong
) values ( 'CTDM0027',
           'DMUC005',
           'NL004',
           0.03 );
insert into chi_tiet_dinh_muc (
   chi_tiet_dinh_muc_id,
   dinh_muc_id,
   nguyen_lieu_id,
   so_luong
) values ( 'CTDM0028',
           'DMUC005',
           'NL014',
           0.18 );
insert into chi_tiet_dinh_muc (
   chi_tiet_dinh_muc_id,
   dinh_muc_id,
   nguyen_lieu_id,
   so_luong
) values ( 'CTDM0029',
           'DMUC005',
           'NL017',
           0.01 );
insert into chi_tiet_dinh_muc (
   chi_tiet_dinh_muc_id,
   dinh_muc_id,
   nguyen_lieu_id,
   so_luong
) values ( 'CTDM0030',
           'DMUC005',
           'NL018',
           0.01 );
insert into chi_tiet_dinh_muc (
   chi_tiet_dinh_muc_id,
   dinh_muc_id,
   nguyen_lieu_id,
   so_luong
) values ( 'CTDM0031',
           'DMUC006',
           'NL007',
           0.02 );
insert into chi_tiet_dinh_muc (
   chi_tiet_dinh_muc_id,
   dinh_muc_id,
   nguyen_lieu_id,
   so_luong
) values ( 'CTDM0032',
           'DMUC006',
           'NL003',
           0.12 );
insert into chi_tiet_dinh_muc (
   chi_tiet_dinh_muc_id,
   dinh_muc_id,
   nguyen_lieu_id,
   so_luong
) values ( 'CTDM0033',
           'DMUC006',
           'NL005',
           0.07 );
insert into chi_tiet_dinh_muc (
   chi_tiet_dinh_muc_id,
   dinh_muc_id,
   nguyen_lieu_id,
   so_luong
) values ( 'CTDM0034',
           'DMUC006',
           'NL015',
           0.03 );
insert into chi_tiet_dinh_muc (
   chi_tiet_dinh_muc_id,
   dinh_muc_id,
   nguyen_lieu_id,
   so_luong
) values ( 'CTDM0035',
           'DMUC006',
           'NL014',
           0.17 );
insert into chi_tiet_dinh_muc (
   chi_tiet_dinh_muc_id,
   dinh_muc_id,
   nguyen_lieu_id,
   so_luong
) values ( 'CTDM0036',
           'DMUC006',
           'NL017',
           0.01 );
insert into chi_tiet_dinh_muc (
   chi_tiet_dinh_muc_id,
   dinh_muc_id,
   nguyen_lieu_id,
   so_luong
) values ( 'CTDM0037',
           'DMUC006',
           'NL018',
           0.01 );
insert into chi_tiet_dinh_muc (
   chi_tiet_dinh_muc_id,
   dinh_muc_id,
   nguyen_lieu_id,
   so_luong
) values ( 'CTDM0038',
           'DMUC007',
           'NL008',
           0.02 );
insert into chi_tiet_dinh_muc (
   chi_tiet_dinh_muc_id,
   dinh_muc_id,
   nguyen_lieu_id,
   so_luong
) values ( 'CTDM0039',
           'DMUC007',
           'NL003',
           0.18 );
insert into chi_tiet_dinh_muc (
   chi_tiet_dinh_muc_id,
   dinh_muc_id,
   nguyen_lieu_id,
   so_luong
) values ( 'CTDM0040',
           'DMUC007',
           'NL012',
           0.03 );
insert into chi_tiet_dinh_muc (
   chi_tiet_dinh_muc_id,
   dinh_muc_id,
   nguyen_lieu_id,
   so_luong
) values ( 'CTDM0041',
           'DMUC007',
           'NL004',
           0.02 );
insert into chi_tiet_dinh_muc (
   chi_tiet_dinh_muc_id,
   dinh_muc_id,
   nguyen_lieu_id,
   so_luong
) values ( 'CTDM0042',
           'DMUC007',
           'NL014',
           0.15 );
insert into chi_tiet_dinh_muc (
   chi_tiet_dinh_muc_id,
   dinh_muc_id,
   nguyen_lieu_id,
   so_luong
) values ( 'CTDM0043',
           'DMUC007',
           'NL017',
           0.01 );
insert into chi_tiet_dinh_muc (
   chi_tiet_dinh_muc_id,
   dinh_muc_id,
   nguyen_lieu_id,
   so_luong
) values ( 'CTDM0044',
           'DMUC007',
           'NL018',
           0.01 );
insert into chi_tiet_dinh_muc (
   chi_tiet_dinh_muc_id,
   dinh_muc_id,
   nguyen_lieu_id,
   so_luong
) values ( 'CTDM0045',
           'DMUC008',
           'NL009',
           0.02 );
insert into chi_tiet_dinh_muc (
   chi_tiet_dinh_muc_id,
   dinh_muc_id,
   nguyen_lieu_id,
   so_luong
) values ( 'CTDM0046',
           'DMUC008',
           'NL003',
           0.14 );
insert into chi_tiet_dinh_muc (
   chi_tiet_dinh_muc_id,
   dinh_muc_id,
   nguyen_lieu_id,
   so_luong
) values ( 'CTDM0047',
           'DMUC008',
           'NL002',
           0.03 );
insert into chi_tiet_dinh_muc (
   chi_tiet_dinh_muc_id,
   dinh_muc_id,
   nguyen_lieu_id,
   so_luong
) values ( 'CTDM0048',
           'DMUC008',
           'NL014',
           0.17 );
insert into chi_tiet_dinh_muc (
   chi_tiet_dinh_muc_id,
   dinh_muc_id,
   nguyen_lieu_id,
   so_luong
) values ( 'CTDM0049',
           'DMUC008',
           'NL017',
           0.01 );
insert into chi_tiet_dinh_muc (
   chi_tiet_dinh_muc_id,
   dinh_muc_id,
   nguyen_lieu_id,
   so_luong
) values ( 'CTDM0050',
           'DMUC008',
           'NL018',
           0.01 );
insert into chi_tiet_dinh_muc (
   chi_tiet_dinh_muc_id,
   dinh_muc_id,
   nguyen_lieu_id,
   so_luong
) values ( 'CTDM0051',
           'DMUC009',
           'NL010',
           0.16 );
insert into chi_tiet_dinh_muc (
   chi_tiet_dinh_muc_id,
   dinh_muc_id,
   nguyen_lieu_id,
   so_luong
) values ( 'CTDM0052',
           'DMUC009',
           'NL003',
           0.12 );
insert into chi_tiet_dinh_muc (
   chi_tiet_dinh_muc_id,
   dinh_muc_id,
   nguyen_lieu_id,
   so_luong
) values ( 'CTDM0053',
           'DMUC009',
           'NL004',
           0.03 );
insert into chi_tiet_dinh_muc (
   chi_tiet_dinh_muc_id,
   dinh_muc_id,
   nguyen_lieu_id,
   so_luong
) values ( 'CTDM0054',
           'DMUC009',
           'NL014',
           0.12 );
insert into chi_tiet_dinh_muc (
   chi_tiet_dinh_muc_id,
   dinh_muc_id,
   nguyen_lieu_id,
   so_luong
) values ( 'CTDM0055',
           'DMUC009',
           'NL017',
           0.01 );
insert into chi_tiet_dinh_muc (
   chi_tiet_dinh_muc_id,
   dinh_muc_id,
   nguyen_lieu_id,
   so_luong
) values ( 'CTDM0056',
           'DMUC009',
           'NL018',
           0.01 );
insert into chi_tiet_dinh_muc (
   chi_tiet_dinh_muc_id,
   dinh_muc_id,
   nguyen_lieu_id,
   so_luong
) values ( 'CTDM0057',
           'DMUC010',
           'NL016',
           0.02 );
insert into chi_tiet_dinh_muc (
   chi_tiet_dinh_muc_id,
   dinh_muc_id,
   nguyen_lieu_id,
   so_luong
) values ( 'CTDM0058',
           'DMUC010',
           'NL012',
           0.06 );
insert into chi_tiet_dinh_muc (
   chi_tiet_dinh_muc_id,
   dinh_muc_id,
   nguyen_lieu_id,
   so_luong
) values ( 'CTDM0059',
           'DMUC010',
           'NL004',
           0.02 );
insert into chi_tiet_dinh_muc (
   chi_tiet_dinh_muc_id,
   dinh_muc_id,
   nguyen_lieu_id,
   so_luong
) values ( 'CTDM0060',
           'DMUC010',
           'NL014',
           0.16 );
insert into chi_tiet_dinh_muc (
   chi_tiet_dinh_muc_id,
   dinh_muc_id,
   nguyen_lieu_id,
   so_luong
) values ( 'CTDM0061',
           'DMUC010',
           'NL017',
           0.01 );
insert into chi_tiet_dinh_muc (
   chi_tiet_dinh_muc_id,
   dinh_muc_id,
   nguyen_lieu_id,
   so_luong
) values ( 'CTDM0062',
           'DMUC010',
           'NL018',
           0.01 );

insert into don_hang (
   don_hang_id,
   khach_hang_id,
   chi_nhanh_id,
   nhan_vien_id,
   trang_thai,
   tam_tinh,
   giam_gia,
   tong_tien,
   trang_thai_thanh_toan,
   created_at,
   updated_at
) values ( 'DH20260001',
           null,
           'CN002',
           'NV009',
           'DA_HOAN_THANH',
           42000,
           0,
           42000,
           'DA_THANH_TOAN',
           timestamp '2026-06-06 00:55:00',
           timestamp '2026-06-06 01:06:00' );
insert into don_hang (
   don_hang_id,
   khach_hang_id,
   chi_nhanh_id,
   nhan_vien_id,
   trang_thai,
   tam_tinh,
   giam_gia,
   tong_tien,
   trang_thai_thanh_toan,
   created_at,
   updated_at
) values ( 'DH20260002',
           null,
           'CN003',
           'NV012',
           'DA_HOAN_THANH',
           318000,
           0,
           318000,
           'DA_THANH_TOAN',
           timestamp '2026-07-13 16:40:00',
           timestamp '2026-07-13 16:51:00' );
insert into don_hang (
   don_hang_id,
   khach_hang_id,
   chi_nhanh_id,
   nhan_vien_id,
   trang_thai,
   tam_tinh,
   giam_gia,
   tong_tien,
   trang_thai_thanh_toan,
   created_at,
   updated_at
) values ( 'DH20260003',
           'KH016',
           'CN003',
           'NV012',
           'DA_HOAN_THANH',
           78000,
           0,
           78000,
           'DA_THANH_TOAN',
           timestamp '2026-07-25 21:55:00',
           timestamp '2026-07-25 22:05:00' );
insert into don_hang (
   don_hang_id,
   khach_hang_id,
   chi_nhanh_id,
   nhan_vien_id,
   trang_thai,
   tam_tinh,
   giam_gia,
   tong_tien,
   trang_thai_thanh_toan,
   created_at,
   updated_at
) values ( 'DH20260004',
           'KH012',
           'CN004',
           'NV015',
           'DA_HOAN_THANH',
           330000,
           10000,
           320000,
           'DA_THANH_TOAN',
           timestamp '2026-07-14 20:00:00',
           timestamp '2026-07-14 20:03:00' );
insert into don_hang (
   don_hang_id,
   khach_hang_id,
   chi_nhanh_id,
   nhan_vien_id,
   trang_thai,
   tam_tinh,
   giam_gia,
   tong_tien,
   trang_thai_thanh_toan,
   created_at,
   updated_at
) values ( 'DH20260005',
           'KH016',
           'CN004',
           'NV015',
           'DA_HOAN_THANH',
           227000,
           0,
           227000,
           'DA_THANH_TOAN',
           timestamp '2026-06-27 02:30:00',
           timestamp '2026-06-27 02:42:00' );
insert into don_hang (
   don_hang_id,
   khach_hang_id,
   chi_nhanh_id,
   nhan_vien_id,
   trang_thai,
   tam_tinh,
   giam_gia,
   tong_tien,
   trang_thai_thanh_toan,
   created_at,
   updated_at
) values ( 'DH20260006',
           'KH030',
           'CN003',
           'NV012',
           'DA_HOAN_THANH',
           242000,
           10000,
           232000,
           'DA_THANH_TOAN',
           timestamp '2026-07-10 21:55:00',
           timestamp '2026-07-10 22:00:00' );
insert into don_hang (
   don_hang_id,
   khach_hang_id,
   chi_nhanh_id,
   nhan_vien_id,
   trang_thai,
   tam_tinh,
   giam_gia,
   tong_tien,
   trang_thai_thanh_toan,
   created_at,
   updated_at
) values ( 'DH20260007',
           'KH013',
           'CN003',
           'NV012',
           'DA_HOAN_THANH',
           251000,
           0,
           251000,
           'DA_THANH_TOAN',
           timestamp '2026-07-02 02:45:00',
           timestamp '2026-07-02 02:48:00' );
insert into don_hang (
   don_hang_id,
   khach_hang_id,
   chi_nhanh_id,
   nhan_vien_id,
   trang_thai,
   tam_tinh,
   giam_gia,
   tong_tien,
   trang_thai_thanh_toan,
   created_at,
   updated_at
) values ( 'DH20260008',
           'KH037',
           'CN001',
           'NV005',
           'DA_HOAN_THANH',
           226000,
           5000,
           221000,
           'DA_THANH_TOAN',
           timestamp '2026-06-13 01:35:00',
           timestamp '2026-06-13 01:45:00' );
insert into don_hang (
   don_hang_id,
   khach_hang_id,
   chi_nhanh_id,
   nhan_vien_id,
   trang_thai,
   tam_tinh,
   giam_gia,
   tong_tien,
   trang_thai_thanh_toan,
   created_at,
   updated_at
) values ( 'DH20260009',
           null,
           'CN003',
           'NV012',
           'DA_HOAN_THANH',
           401000,
           0,
           401000,
           'DA_THANH_TOAN',
           timestamp '2026-06-16 03:45:00',
           timestamp '2026-06-16 03:57:00' );
insert into don_hang (
   don_hang_id,
   khach_hang_id,
   chi_nhanh_id,
   nhan_vien_id,
   trang_thai,
   tam_tinh,
   giam_gia,
   tong_tien,
   trang_thai_thanh_toan,
   created_at,
   updated_at
) values ( 'DH20260010',
           'KH011',
           'CN003',
           'NV012',
           'DA_HOAN_THANH',
           35000,
           5000,
           30000,
           'DA_THANH_TOAN',
           timestamp '2026-06-23 01:15:00',
           timestamp '2026-06-23 01:25:00' );
insert into don_hang (
   don_hang_id,
   khach_hang_id,
   chi_nhanh_id,
   nhan_vien_id,
   trang_thai,
   tam_tinh,
   giam_gia,
   tong_tien,
   trang_thai_thanh_toan,
   created_at,
   updated_at
) values ( 'DH20260011',
           'KH019',
           'CN002',
           'NV009',
           'DA_HOAN_THANH',
           384000,
           5000,
           379000,
           'DA_THANH_TOAN',
           timestamp '2026-07-26 19:00:00',
           timestamp '2026-07-26 19:04:00' );
insert into don_hang (
   don_hang_id,
   khach_hang_id,
   chi_nhanh_id,
   nhan_vien_id,
   trang_thai,
   tam_tinh,
   giam_gia,
   tong_tien,
   trang_thai_thanh_toan,
   created_at,
   updated_at
) values ( 'DH20260012',
           'KH039',
           'CN002',
           'NV009',
           'DA_HOAN_THANH',
           304000,
           5000,
           299000,
           'DA_THANH_TOAN',
           timestamp '2026-06-14 16:00:00',
           timestamp '2026-06-14 16:07:00' );
insert into don_hang (
   don_hang_id,
   khach_hang_id,
   chi_nhanh_id,
   nhan_vien_id,
   trang_thai,
   tam_tinh,
   giam_gia,
   tong_tien,
   trang_thai_thanh_toan,
   created_at,
   updated_at
) values ( 'DH20260013',
           'KH021',
           'CN001',
           'NV005',
           'DA_HOAN_THANH',
           32000,
           15000,
           17000,
           'DA_THANH_TOAN',
           timestamp '2026-07-22 16:45:00',
           timestamp '2026-07-22 16:57:00' );
insert into don_hang (
   don_hang_id,
   khach_hang_id,
   chi_nhanh_id,
   nhan_vien_id,
   trang_thai,
   tam_tinh,
   giam_gia,
   tong_tien,
   trang_thai_thanh_toan,
   created_at,
   updated_at
) values ( 'DH20260014',
           'KH012',
           'CN003',
           'NV012',
           'DA_HOAN_THANH',
           289000,
           5000,
           284000,
           'DA_THANH_TOAN',
           timestamp '2026-05-30 03:50:00',
           timestamp '2026-05-30 03:58:00' );
insert into don_hang (
   don_hang_id,
   khach_hang_id,
   chi_nhanh_id,
   nhan_vien_id,
   trang_thai,
   tam_tinh,
   giam_gia,
   tong_tien,
   trang_thai_thanh_toan,
   created_at,
   updated_at
) values ( 'DH20260015',
           'KH026',
           'CN003',
           'NV012',
           'DA_HOAN_THANH',
           38000,
           0,
           38000,
           'DA_THANH_TOAN',
           timestamp '2026-07-19 02:35:00',
           timestamp '2026-07-19 02:42:00' );
insert into don_hang (
   don_hang_id,
   khach_hang_id,
   chi_nhanh_id,
   nhan_vien_id,
   trang_thai,
   tam_tinh,
   giam_gia,
   tong_tien,
   trang_thai_thanh_toan,
   created_at,
   updated_at
) values ( 'DH20260016',
           'KH035',
           'CN001',
           'NV005',
           'DA_HOAN_THANH',
           126000,
           0,
           126000,
           'DA_THANH_TOAN',
           timestamp '2026-06-11 03:30:00',
           timestamp '2026-06-11 03:42:00' );
insert into don_hang (
   don_hang_id,
   khach_hang_id,
   chi_nhanh_id,
   nhan_vien_id,
   trang_thai,
   tam_tinh,
   giam_gia,
   tong_tien,
   trang_thai_thanh_toan,
   created_at,
   updated_at
) values ( 'DH20260017',
           'KH009',
           'CN002',
           'NV009',
           'DA_HOAN_THANH',
           276000,
           0,
           276000,
           'DA_THANH_TOAN',
           timestamp '2026-07-23 03:00:00',
           timestamp '2026-07-23 03:11:00' );
insert into don_hang (
   don_hang_id,
   khach_hang_id,
   chi_nhanh_id,
   nhan_vien_id,
   trang_thai,
   tam_tinh,
   giam_gia,
   tong_tien,
   trang_thai_thanh_toan,
   created_at,
   updated_at
) values ( 'DH20260018',
           'KH010',
           'CN004',
           'NV015',
           'DA_HOAN_THANH',
           221000,
           5000,
           216000,
           'DA_THANH_TOAN',
           timestamp '2026-06-25 04:05:00',
           timestamp '2026-06-25 04:16:00' );
insert into don_hang (
   don_hang_id,
   khach_hang_id,
   chi_nhanh_id,
   nhan_vien_id,
   trang_thai,
   tam_tinh,
   giam_gia,
   tong_tien,
   trang_thai_thanh_toan,
   created_at,
   updated_at
) values ( 'DH20260019',
           'KH027',
           'CN001',
           'NV005',
           'DA_HOAN_THANH',
           351000,
           5000,
           346000,
           'DA_THANH_TOAN',
           timestamp '2026-08-01 02:10:00',
           timestamp '2026-08-01 02:15:00' );
insert into don_hang (
   don_hang_id,
   khach_hang_id,
   chi_nhanh_id,
   nhan_vien_id,
   trang_thai,
   tam_tinh,
   giam_gia,
   tong_tien,
   trang_thai_thanh_toan,
   created_at,
   updated_at
) values ( 'DH20260020',
           'KH021',
           'CN004',
           'NV015',
           'DA_HOAN_THANH',
           132000,
           0,
           132000,
           'DA_THANH_TOAN',
           timestamp '2026-07-10 20:40:00',
           timestamp '2026-07-10 20:48:00' );
insert into don_hang (
   don_hang_id,
   khach_hang_id,
   chi_nhanh_id,
   nhan_vien_id,
   trang_thai,
   tam_tinh,
   giam_gia,
   tong_tien,
   trang_thai_thanh_toan,
   created_at,
   updated_at
) values ( 'DH20260021',
           'KH003',
           'CN002',
           'NV009',
           'DA_HOAN_THANH',
           214000,
           15000,
           199000,
           'DA_THANH_TOAN',
           timestamp '2026-07-16 01:50:00',
           timestamp '2026-07-16 01:55:00' );
insert into don_hang (
   don_hang_id,
   khach_hang_id,
   chi_nhanh_id,
   nhan_vien_id,
   trang_thai,
   tam_tinh,
   giam_gia,
   tong_tien,
   trang_thai_thanh_toan,
   created_at,
   updated_at
) values ( 'DH20260022',
           'KH026',
           'CN003',
           'NV012',
           'DA_HOAN_THANH',
           368000,
           10000,
           358000,
           'DA_THANH_TOAN',
           timestamp '2026-07-27 03:20:00',
           timestamp '2026-07-27 03:23:00' );
insert into don_hang (
   don_hang_id,
   khach_hang_id,
   chi_nhanh_id,
   nhan_vien_id,
   trang_thai,
   tam_tinh,
   giam_gia,
   tong_tien,
   trang_thai_thanh_toan,
   created_at,
   updated_at
) values ( 'DH20260023',
           'KH007',
           'CN001',
           'NV005',
           'DA_HOAN_THANH',
           38000,
           15000,
           23000,
           'DA_THANH_TOAN',
           timestamp '2026-07-02 18:55:00',
           timestamp '2026-07-02 19:02:00' );
insert into don_hang (
   don_hang_id,
   khach_hang_id,
   chi_nhanh_id,
   nhan_vien_id,
   trang_thai,
   tam_tinh,
   giam_gia,
   tong_tien,
   trang_thai_thanh_toan,
   created_at,
   updated_at
) values ( 'DH20260024',
           'KH028',
           'CN003',
           'NV012',
           'DA_HOAN_THANH',
           341000,
           15000,
           326000,
           'DA_THANH_TOAN',
           timestamp '2026-06-01 20:00:00',
           timestamp '2026-06-01 20:06:00' );
insert into don_hang (
   don_hang_id,
   khach_hang_id,
   chi_nhanh_id,
   nhan_vien_id,
   trang_thai,
   tam_tinh,
   giam_gia,
   tong_tien,
   trang_thai_thanh_toan,
   created_at,
   updated_at
) values ( 'DH20260025',
           'KH001',
           'CN004',
           'NV015',
           'DA_HOAN_THANH',
           339000,
           15000,
           324000,
           'DA_THANH_TOAN',
           timestamp '2026-07-26 01:20:00',
           timestamp '2026-07-26 01:29:00' );
insert into don_hang (
   don_hang_id,
   khach_hang_id,
   chi_nhanh_id,
   nhan_vien_id,
   trang_thai,
   tam_tinh,
   giam_gia,
   tong_tien,
   trang_thai_thanh_toan,
   created_at,
   updated_at
) values ( 'DH20260026',
           'KH037',
           'CN001',
           'NV005',
           'DA_HOAN_THANH',
           242000,
           15000,
           227000,
           'DA_THANH_TOAN',
           timestamp '2026-07-16 04:35:00',
           timestamp '2026-07-16 04:38:00' );
insert into don_hang (
   don_hang_id,
   khach_hang_id,
   chi_nhanh_id,
   nhan_vien_id,
   trang_thai,
   tam_tinh,
   giam_gia,
   tong_tien,
   trang_thai_thanh_toan,
   created_at,
   updated_at
) values ( 'DH20260027',
           'KH040',
           'CN002',
           'NV009',
           'DA_HOAN_THANH',
           122000,
           0,
           122000,
           'DA_THANH_TOAN',
           timestamp '2026-06-26 00:25:00',
           timestamp '2026-06-26 00:37:00' );
insert into don_hang (
   don_hang_id,
   khach_hang_id,
   chi_nhanh_id,
   nhan_vien_id,
   trang_thai,
   tam_tinh,
   giam_gia,
   tong_tien,
   trang_thai_thanh_toan,
   created_at,
   updated_at
) values ( 'DH20260028',
           'KH012',
           'CN003',
           'NV012',
           'DA_HOAN_THANH',
           211000,
           0,
           211000,
           'DA_THANH_TOAN',
           timestamp '2026-06-08 05:20:00',
           timestamp '2026-06-08 05:28:00' );
insert into don_hang (
   don_hang_id,
   khach_hang_id,
   chi_nhanh_id,
   nhan_vien_id,
   trang_thai,
   tam_tinh,
   giam_gia,
   tong_tien,
   trang_thai_thanh_toan,
   created_at,
   updated_at
) values ( 'DH20260029',
           'KH036',
           'CN004',
           'NV015',
           'DA_HOAN_THANH',
           397000,
           0,
           397000,
           'DA_THANH_TOAN',
           timestamp '2026-06-15 03:15:00',
           timestamp '2026-06-15 03:27:00' );
insert into don_hang (
   don_hang_id,
   khach_hang_id,
   chi_nhanh_id,
   nhan_vien_id,
   trang_thai,
   tam_tinh,
   giam_gia,
   tong_tien,
   trang_thai_thanh_toan,
   created_at,
   updated_at
) values ( 'DH20260030',
           'KH015',
           'CN003',
           'NV012',
           'DA_HOAN_THANH',
           224000,
           0,
           224000,
           'DA_THANH_TOAN',
           timestamp '2026-07-26 15:45:00',
           timestamp '2026-07-26 15:49:00' );
insert into don_hang (
   don_hang_id,
   khach_hang_id,
   chi_nhanh_id,
   nhan_vien_id,
   trang_thai,
   tam_tinh,
   giam_gia,
   tong_tien,
   trang_thai_thanh_toan,
   created_at,
   updated_at
) values ( 'DH20260031',
           'KH010',
           'CN004',
           'NV015',
           'DA_HOAN_THANH',
           114000,
           5000,
           109000,
           'DA_THANH_TOAN',
           timestamp '2026-07-24 20:50:00',
           timestamp '2026-07-24 20:57:00' );
insert into don_hang (
   don_hang_id,
   khach_hang_id,
   chi_nhanh_id,
   nhan_vien_id,
   trang_thai,
   tam_tinh,
   giam_gia,
   tong_tien,
   trang_thai_thanh_toan,
   created_at,
   updated_at
) values ( 'DH20260032',
           'KH024',
           'CN004',
           'NV015',
           'DA_HOAN_THANH',
           213000,
           0,
           213000,
           'DA_THANH_TOAN',
           timestamp '2026-07-13 18:35:00',
           timestamp '2026-07-13 18:45:00' );
insert into don_hang (
   don_hang_id,
   khach_hang_id,
   chi_nhanh_id,
   nhan_vien_id,
   trang_thai,
   tam_tinh,
   giam_gia,
   tong_tien,
   trang_thai_thanh_toan,
   created_at,
   updated_at
) values ( 'DH20260033',
           'KH037',
           'CN002',
           'NV009',
           'DA_HOAN_THANH',
           126000,
           0,
           126000,
           'DA_THANH_TOAN',
           timestamp '2026-05-29 15:25:00',
           timestamp '2026-05-29 15:37:00' );
insert into don_hang (
   don_hang_id,
   khach_hang_id,
   chi_nhanh_id,
   nhan_vien_id,
   trang_thai,
   tam_tinh,
   giam_gia,
   tong_tien,
   trang_thai_thanh_toan,
   created_at,
   updated_at
) values ( 'DH20260034',
           'KH008',
           'CN003',
           'NV012',
           'DA_HOAN_THANH',
           35000,
           0,
           35000,
           'DA_THANH_TOAN',
           timestamp '2026-06-14 17:40:00',
           timestamp '2026-06-14 17:46:00' );
insert into don_hang (
   don_hang_id,
   khach_hang_id,
   chi_nhanh_id,
   nhan_vien_id,
   trang_thai,
   tam_tinh,
   giam_gia,
   tong_tien,
   trang_thai_thanh_toan,
   created_at,
   updated_at
) values ( 'DH20260035',
           null,
           'CN003',
           'NV012',
           'DA_HOAN_THANH',
           64000,
           5000,
           59000,
           'DA_THANH_TOAN',
           timestamp '2026-07-07 15:10:00',
           timestamp '2026-07-07 15:18:00' );
insert into don_hang (
   don_hang_id,
   khach_hang_id,
   chi_nhanh_id,
   nhan_vien_id,
   trang_thai,
   tam_tinh,
   giam_gia,
   tong_tien,
   trang_thai_thanh_toan,
   created_at,
   updated_at
) values ( 'DH20260036',
           'KH003',
           'CN002',
           'NV009',
           'DA_HOAN_THANH',
           232000,
           15000,
           217000,
           'DA_THANH_TOAN',
           timestamp '2026-06-09 22:40:00',
           timestamp '2026-06-09 22:44:00' );
insert into don_hang (
   don_hang_id,
   khach_hang_id,
   chi_nhanh_id,
   nhan_vien_id,
   trang_thai,
   tam_tinh,
   giam_gia,
   tong_tien,
   trang_thai_thanh_toan,
   created_at,
   updated_at
) values ( 'DH20260037',
           null,
           'CN002',
           'NV009',
           'DA_HOAN_THANH',
           354000,
           5000,
           349000,
           'DA_THANH_TOAN',
           timestamp '2026-06-06 20:45:00',
           timestamp '2026-06-06 20:49:00' );
insert into don_hang (
   don_hang_id,
   khach_hang_id,
   chi_nhanh_id,
   nhan_vien_id,
   trang_thai,
   tam_tinh,
   giam_gia,
   tong_tien,
   trang_thai_thanh_toan,
   created_at,
   updated_at
) values ( 'DH20260038',
           'KH030',
           'CN004',
           'NV015',
           'DA_HOAN_THANH',
           86000,
           0,
           86000,
           'DA_THANH_TOAN',
           timestamp '2026-07-21 22:15:00',
           timestamp '2026-07-21 22:22:00' );
insert into don_hang (
   don_hang_id,
   khach_hang_id,
   chi_nhanh_id,
   nhan_vien_id,
   trang_thai,
   tam_tinh,
   giam_gia,
   tong_tien,
   trang_thai_thanh_toan,
   created_at,
   updated_at
) values ( 'DH20260039',
           null,
           'CN001',
           'NV005',
           'DA_HOAN_THANH',
           383000,
           0,
           383000,
           'DA_THANH_TOAN',
           timestamp '2026-06-16 01:35:00',
           timestamp '2026-06-16 01:39:00' );
insert into don_hang (
   don_hang_id,
   khach_hang_id,
   chi_nhanh_id,
   nhan_vien_id,
   trang_thai,
   tam_tinh,
   giam_gia,
   tong_tien,
   trang_thai_thanh_toan,
   created_at,
   updated_at
) values ( 'DH20260040',
           null,
           'CN003',
           'NV012',
           'DA_HOAN_THANH',
           122000,
           10000,
           112000,
           'DA_THANH_TOAN',
           timestamp '2026-07-03 00:20:00',
           timestamp '2026-07-03 00:28:00' );
insert into don_hang (
   don_hang_id,
   khach_hang_id,
   chi_nhanh_id,
   nhan_vien_id,
   trang_thai,
   tam_tinh,
   giam_gia,
   tong_tien,
   trang_thai_thanh_toan,
   created_at,
   updated_at
) values ( 'DH20260041',
           'KH018',
           'CN001',
           'NV005',
           'DA_HUY',
           172000,
           0,
           172000,
           'DA_HOAN_TIEN',
           timestamp '2026-06-25 03:30:00',
           timestamp '2026-06-25 03:39:00' );
insert into don_hang (
   don_hang_id,
   khach_hang_id,
   chi_nhanh_id,
   nhan_vien_id,
   trang_thai,
   tam_tinh,
   giam_gia,
   tong_tien,
   trang_thai_thanh_toan,
   created_at,
   updated_at
) values ( 'DH20260042',
           'KH030',
           'CN002',
           'NV009',
           'DA_HOAN_THANH',
           114000,
           10000,
           104000,
           'DA_THANH_TOAN',
           timestamp '2026-06-08 02:40:00',
           timestamp '2026-06-08 02:43:00' );
insert into don_hang (
   don_hang_id,
   khach_hang_id,
   chi_nhanh_id,
   nhan_vien_id,
   trang_thai,
   tam_tinh,
   giam_gia,
   tong_tien,
   trang_thai_thanh_toan,
   created_at,
   updated_at
) values ( 'DH20260043',
           'KH014',
           'CN004',
           'NV015',
           'DA_HOAN_THANH',
           86000,
           0,
           86000,
           'DA_THANH_TOAN',
           timestamp '2026-07-20 22:45:00',
           timestamp '2026-07-20 22:52:00' );
insert into don_hang (
   don_hang_id,
   khach_hang_id,
   chi_nhanh_id,
   nhan_vien_id,
   trang_thai,
   tam_tinh,
   giam_gia,
   tong_tien,
   trang_thai_thanh_toan,
   created_at,
   updated_at
) values ( 'DH20260044',
           null,
           'CN003',
           'NV012',
           'DA_HOAN_THANH',
           29000,
           0,
           29000,
           'DA_THANH_TOAN',
           timestamp '2026-07-28 23:50:00',
           timestamp '2026-07-28 23:56:00' );
insert into don_hang (
   don_hang_id,
   khach_hang_id,
   chi_nhanh_id,
   nhan_vien_id,
   trang_thai,
   tam_tinh,
   giam_gia,
   tong_tien,
   trang_thai_thanh_toan,
   created_at,
   updated_at
) values ( 'DH20260045',
           null,
           'CN001',
           'NV005',
           'DA_HOAN_THANH',
           240000,
           0,
           240000,
           'DA_THANH_TOAN',
           timestamp '2026-06-28 19:25:00',
           timestamp '2026-06-28 19:36:00' );
insert into don_hang (
   don_hang_id,
   khach_hang_id,
   chi_nhanh_id,
   nhan_vien_id,
   trang_thai,
   tam_tinh,
   giam_gia,
   tong_tien,
   trang_thai_thanh_toan,
   created_at,
   updated_at
) values ( 'DH20260046',
           'KH030',
           'CN001',
           'NV005',
           'DA_HOAN_THANH',
           359000,
           0,
           359000,
           'DA_THANH_TOAN',
           timestamp '2026-06-05 21:55:00',
           timestamp '2026-06-05 21:59:00' );
insert into don_hang (
   don_hang_id,
   khach_hang_id,
   chi_nhanh_id,
   nhan_vien_id,
   trang_thai,
   tam_tinh,
   giam_gia,
   tong_tien,
   trang_thai_thanh_toan,
   created_at,
   updated_at
) values ( 'DH20260047',
           'KH024',
           'CN004',
           'NV015',
           'DA_HOAN_THANH',
           84000,
           10000,
           74000,
           'DA_THANH_TOAN',
           timestamp '2026-06-18 03:45:00',
           timestamp '2026-06-18 03:54:00' );
insert into don_hang (
   don_hang_id,
   khach_hang_id,
   chi_nhanh_id,
   nhan_vien_id,
   trang_thai,
   tam_tinh,
   giam_gia,
   tong_tien,
   trang_thai_thanh_toan,
   created_at,
   updated_at
) values ( 'DH20260048',
           'KH011',
           'CN003',
           'NV012',
           'DA_HOAN_THANH',
           147000,
           0,
           147000,
           'DA_THANH_TOAN',
           timestamp '2026-06-06 21:20:00',
           timestamp '2026-06-06 21:28:00' );
insert into don_hang (
   don_hang_id,
   khach_hang_id,
   chi_nhanh_id,
   nhan_vien_id,
   trang_thai,
   tam_tinh,
   giam_gia,
   tong_tien,
   trang_thai_thanh_toan,
   created_at,
   updated_at
) values ( 'DH20260049',
           'KH012',
           'CN002',
           'NV009',
           'DA_HOAN_THANH',
           105000,
           5000,
           100000,
           'DA_THANH_TOAN',
           timestamp '2026-06-14 18:05:00',
           timestamp '2026-06-14 18:15:00' );
insert into don_hang (
   don_hang_id,
   khach_hang_id,
   chi_nhanh_id,
   nhan_vien_id,
   trang_thai,
   tam_tinh,
   giam_gia,
   tong_tien,
   trang_thai_thanh_toan,
   created_at,
   updated_at
) values ( 'DH20260050',
           'KH021',
           'CN003',
           'NV012',
           'DA_HOAN_THANH',
           76000,
           15000,
           61000,
           'DA_THANH_TOAN',
           timestamp '2026-07-24 01:45:00',
           timestamp '2026-07-24 01:52:00' );
insert into don_hang (
   don_hang_id,
   khach_hang_id,
   chi_nhanh_id,
   nhan_vien_id,
   trang_thai,
   tam_tinh,
   giam_gia,
   tong_tien,
   trang_thai_thanh_toan,
   created_at,
   updated_at
) values ( 'DH20260051',
           'KH029',
           'CN001',
           'NV005',
           'DA_HUY',
           325000,
           0,
           325000,
           'CHUA_THANH_TOAN',
           timestamp '2026-06-03 20:40:00',
           timestamp '2026-06-03 20:43:00' );
insert into don_hang (
   don_hang_id,
   khach_hang_id,
   chi_nhanh_id,
   nhan_vien_id,
   trang_thai,
   tam_tinh,
   giam_gia,
   tong_tien,
   trang_thai_thanh_toan,
   created_at,
   updated_at
) values ( 'DH20260052',
           'KH029',
           'CN002',
           'NV009',
           'DA_HOAN_THANH',
           186000,
           5000,
           181000,
           'DA_THANH_TOAN',
           timestamp '2026-07-08 00:35:00',
           timestamp '2026-07-08 00:45:00' );
insert into don_hang (
   don_hang_id,
   khach_hang_id,
   chi_nhanh_id,
   nhan_vien_id,
   trang_thai,
   tam_tinh,
   giam_gia,
   tong_tien,
   trang_thai_thanh_toan,
   created_at,
   updated_at
) values ( 'DH20260053',
           'KH022',
           'CN003',
           'NV012',
           'DA_HOAN_THANH',
           43000,
           0,
           43000,
           'DA_THANH_TOAN',
           timestamp '2026-06-16 20:25:00',
           timestamp '2026-06-16 20:29:00' );
insert into don_hang (
   don_hang_id,
   khach_hang_id,
   chi_nhanh_id,
   nhan_vien_id,
   trang_thai,
   tam_tinh,
   giam_gia,
   tong_tien,
   trang_thai_thanh_toan,
   created_at,
   updated_at
) values ( 'DH20260054',
           'KH038',
           'CN002',
           'NV009',
           'DA_HOAN_THANH',
           287000,
           0,
           287000,
           'DA_THANH_TOAN',
           timestamp '2026-07-15 19:20:00',
           timestamp '2026-07-15 19:31:00' );
insert into don_hang (
   don_hang_id,
   khach_hang_id,
   chi_nhanh_id,
   nhan_vien_id,
   trang_thai,
   tam_tinh,
   giam_gia,
   tong_tien,
   trang_thai_thanh_toan,
   created_at,
   updated_at
) values ( 'DH20260055',
           'KH002',
           'CN004',
           'NV015',
           'DA_HOAN_THANH',
           127000,
           0,
           127000,
           'DA_THANH_TOAN',
           timestamp '2026-08-02 16:50:00',
           timestamp '2026-08-02 16:55:00' );
insert into don_hang (
   don_hang_id,
   khach_hang_id,
   chi_nhanh_id,
   nhan_vien_id,
   trang_thai,
   tam_tinh,
   giam_gia,
   tong_tien,
   trang_thai_thanh_toan,
   created_at,
   updated_at
) values ( 'DH20260056',
           'KH040',
           'CN001',
           'NV005',
           'DA_HOAN_THANH',
           415000,
           5000,
           410000,
           'DA_THANH_TOAN',
           timestamp '2026-07-04 04:05:00',
           timestamp '2026-07-04 04:08:00' );
insert into don_hang (
   don_hang_id,
   khach_hang_id,
   chi_nhanh_id,
   nhan_vien_id,
   trang_thai,
   tam_tinh,
   giam_gia,
   tong_tien,
   trang_thai_thanh_toan,
   created_at,
   updated_at
) values ( 'DH20260057',
           'KH016',
           'CN004',
           'NV015',
           'DA_HOAN_THANH',
           410000,
           5000,
           405000,
           'DA_THANH_TOAN',
           timestamp '2026-07-03 03:55:00',
           timestamp '2026-07-03 04:00:00' );
insert into don_hang (
   don_hang_id,
   khach_hang_id,
   chi_nhanh_id,
   nhan_vien_id,
   trang_thai,
   tam_tinh,
   giam_gia,
   tong_tien,
   trang_thai_thanh_toan,
   created_at,
   updated_at
) values ( 'DH20260058',
           'KH007',
           'CN003',
           'NV012',
           'DA_HOAN_THANH',
           39000,
           0,
           39000,
           'DA_THANH_TOAN',
           timestamp '2026-06-03 01:35:00',
           timestamp '2026-06-03 01:42:00' );
insert into don_hang (
   don_hang_id,
   khach_hang_id,
   chi_nhanh_id,
   nhan_vien_id,
   trang_thai,
   tam_tinh,
   giam_gia,
   tong_tien,
   trang_thai_thanh_toan,
   created_at,
   updated_at
) values ( 'DH20260059',
           'KH015',
           'CN001',
           'NV005',
           'DA_HOAN_THANH',
           277000,
           0,
           277000,
           'DA_THANH_TOAN',
           timestamp '2026-07-31 17:30:00',
           timestamp '2026-07-31 17:39:00' );
insert into don_hang (
   don_hang_id,
   khach_hang_id,
   chi_nhanh_id,
   nhan_vien_id,
   trang_thai,
   tam_tinh,
   giam_gia,
   tong_tien,
   trang_thai_thanh_toan,
   created_at,
   updated_at
) values ( 'DH20260060',
           'KH009',
           'CN003',
           'NV012',
           'DA_HUY',
           200000,
           0,
           200000,
           'CHUA_THANH_TOAN',
           timestamp '2026-05-30 20:05:00',
           timestamp '2026-05-30 20:11:00' );
insert into don_hang (
   don_hang_id,
   khach_hang_id,
   chi_nhanh_id,
   nhan_vien_id,
   trang_thai,
   tam_tinh,
   giam_gia,
   tong_tien,
   trang_thai_thanh_toan,
   created_at,
   updated_at
) values ( 'DH20260061',
           'KH004',
           'CN002',
           'NV009',
           'DA_HOAN_THANH',
           369000,
           10000,
           359000,
           'DA_THANH_TOAN',
           timestamp '2026-07-20 16:20:00',
           timestamp '2026-07-20 16:26:00' );
insert into don_hang (
   don_hang_id,
   khach_hang_id,
   chi_nhanh_id,
   nhan_vien_id,
   trang_thai,
   tam_tinh,
   giam_gia,
   tong_tien,
   trang_thai_thanh_toan,
   created_at,
   updated_at
) values ( 'DH20260062',
           'KH006',
           'CN004',
           'NV015',
           'DA_HOAN_THANH',
           191000,
           15000,
           176000,
           'DA_THANH_TOAN',
           timestamp '2026-07-11 18:45:00',
           timestamp '2026-07-11 18:54:00' );
insert into don_hang (
   don_hang_id,
   khach_hang_id,
   chi_nhanh_id,
   nhan_vien_id,
   trang_thai,
   tam_tinh,
   giam_gia,
   tong_tien,
   trang_thai_thanh_toan,
   created_at,
   updated_at
) values ( 'DH20260063',
           'KH007',
           'CN003',
           'NV012',
           'DA_HOAN_THANH',
           292000,
           0,
           292000,
           'DA_THANH_TOAN',
           timestamp '2026-07-12 03:05:00',
           timestamp '2026-07-12 03:15:00' );
insert into don_hang (
   don_hang_id,
   khach_hang_id,
   chi_nhanh_id,
   nhan_vien_id,
   trang_thai,
   tam_tinh,
   giam_gia,
   tong_tien,
   trang_thai_thanh_toan,
   created_at,
   updated_at
) values ( 'DH20260064',
           'KH003',
           'CN001',
           'NV005',
           'DA_HOAN_THANH',
           86000,
           10000,
           76000,
           'DA_THANH_TOAN',
           timestamp '2026-06-05 02:35:00',
           timestamp '2026-06-05 02:44:00' );
insert into don_hang (
   don_hang_id,
   khach_hang_id,
   chi_nhanh_id,
   nhan_vien_id,
   trang_thai,
   tam_tinh,
   giam_gia,
   tong_tien,
   trang_thai_thanh_toan,
   created_at,
   updated_at
) values ( 'DH20260065',
           'KH004',
           'CN002',
           'NV009',
           'DA_HOAN_THANH',
           271000,
           5000,
           266000,
           'DA_THANH_TOAN',
           timestamp '2026-07-26 19:00:00',
           timestamp '2026-07-26 19:09:00' );
insert into don_hang (
   don_hang_id,
   khach_hang_id,
   chi_nhanh_id,
   nhan_vien_id,
   trang_thai,
   tam_tinh,
   giam_gia,
   tong_tien,
   trang_thai_thanh_toan,
   created_at,
   updated_at
) values ( 'DH20260066',
           'KH028',
           'CN003',
           'NV012',
           'DA_HOAN_THANH',
           137000,
           0,
           137000,
           'DA_THANH_TOAN',
           timestamp '2026-07-29 20:40:00',
           timestamp '2026-07-29 20:48:00' );
insert into don_hang (
   don_hang_id,
   khach_hang_id,
   chi_nhanh_id,
   nhan_vien_id,
   trang_thai,
   tam_tinh,
   giam_gia,
   tong_tien,
   trang_thai_thanh_toan,
   created_at,
   updated_at
) values ( 'DH20260067',
           'KH029',
           'CN004',
           'NV015',
           'DA_HOAN_THANH',
           129000,
           5000,
           124000,
           'DA_THANH_TOAN',
           timestamp '2026-07-24 00:55:00',
           timestamp '2026-07-24 01:02:00' );
insert into don_hang (
   don_hang_id,
   khach_hang_id,
   chi_nhanh_id,
   nhan_vien_id,
   trang_thai,
   tam_tinh,
   giam_gia,
   tong_tien,
   trang_thai_thanh_toan,
   created_at,
   updated_at
) values ( 'DH20260068',
           'KH011',
           'CN004',
           'NV015',
           'DA_HOAN_THANH',
           80000,
           0,
           80000,
           'DA_THANH_TOAN',
           timestamp '2026-06-06 01:50:00',
           timestamp '2026-06-06 01:56:00' );
insert into don_hang (
   don_hang_id,
   khach_hang_id,
   chi_nhanh_id,
   nhan_vien_id,
   trang_thai,
   tam_tinh,
   giam_gia,
   tong_tien,
   trang_thai_thanh_toan,
   created_at,
   updated_at
) values ( 'DH20260069',
           'KH024',
           'CN002',
           'NV009',
           'DA_HOAN_THANH',
           42000,
           10000,
           32000,
           'DA_THANH_TOAN',
           timestamp '2026-07-16 00:00:00',
           timestamp '2026-07-16 00:08:00' );
insert into don_hang (
   don_hang_id,
   khach_hang_id,
   chi_nhanh_id,
   nhan_vien_id,
   trang_thai,
   tam_tinh,
   giam_gia,
   tong_tien,
   trang_thai_thanh_toan,
   created_at,
   updated_at
) values ( 'DH20260070',
           'KH002',
           'CN002',
           'NV009',
           'DA_HOAN_THANH',
           332000,
           10000,
           322000,
           'DA_THANH_TOAN',
           timestamp '2026-07-07 01:20:00',
           timestamp '2026-07-07 01:27:00' );
insert into don_hang (
   don_hang_id,
   khach_hang_id,
   chi_nhanh_id,
   nhan_vien_id,
   trang_thai,
   tam_tinh,
   giam_gia,
   tong_tien,
   trang_thai_thanh_toan,
   created_at,
   updated_at
) values ( 'DH20260071',
           'KH021',
           'CN004',
           'NV015',
           'DA_HOAN_THANH',
           147000,
           0,
           147000,
           'DA_THANH_TOAN',
           timestamp '2026-06-05 22:10:00',
           timestamp '2026-06-05 22:17:00' );
insert into don_hang (
   don_hang_id,
   khach_hang_id,
   chi_nhanh_id,
   nhan_vien_id,
   trang_thai,
   tam_tinh,
   giam_gia,
   tong_tien,
   trang_thai_thanh_toan,
   created_at,
   updated_at
) values ( 'DH20260072',
           null,
           'CN002',
           'NV009',
           'DA_HOAN_THANH',
           118000,
           10000,
           108000,
           'DA_THANH_TOAN',
           timestamp '2026-06-19 03:25:00',
           timestamp '2026-06-19 03:37:00' );
insert into don_hang (
   don_hang_id,
   khach_hang_id,
   chi_nhanh_id,
   nhan_vien_id,
   trang_thai,
   tam_tinh,
   giam_gia,
   tong_tien,
   trang_thai_thanh_toan,
   created_at,
   updated_at
) values ( 'DH20260073',
           null,
           'CN001',
           'NV005',
           'DA_HOAN_THANH',
           310000,
           15000,
           295000,
           'DA_THANH_TOAN',
           timestamp '2026-08-05 17:45:00',
           timestamp '2026-08-05 17:49:00' );
insert into don_hang (
   don_hang_id,
   khach_hang_id,
   chi_nhanh_id,
   nhan_vien_id,
   trang_thai,
   tam_tinh,
   giam_gia,
   tong_tien,
   trang_thai_thanh_toan,
   created_at,
   updated_at
) values ( 'DH20260074',
           'KH009',
           'CN002',
           'NV009',
           'DA_HOAN_THANH',
           96000,
           0,
           96000,
           'DA_THANH_TOAN',
           timestamp '2026-06-13 05:40:00',
           timestamp '2026-06-13 05:47:00' );
insert into don_hang (
   don_hang_id,
   khach_hang_id,
   chi_nhanh_id,
   nhan_vien_id,
   trang_thai,
   tam_tinh,
   giam_gia,
   tong_tien,
   trang_thai_thanh_toan,
   created_at,
   updated_at
) values ( 'DH20260075',
           'KH034',
           'CN002',
           'NV009',
           'DA_HOAN_THANH',
           39000,
           15000,
           24000,
           'DA_THANH_TOAN',
           timestamp '2026-06-16 20:55:00',
           timestamp '2026-06-16 21:06:00' );
insert into don_hang (
   don_hang_id,
   khach_hang_id,
   chi_nhanh_id,
   nhan_vien_id,
   trang_thai,
   tam_tinh,
   giam_gia,
   tong_tien,
   trang_thai_thanh_toan,
   created_at,
   updated_at
) values ( 'DH20260076',
           'KH011',
           'CN001',
           'NV005',
           'DA_HOAN_THANH',
           148000,
           0,
           148000,
           'DA_THANH_TOAN',
           timestamp '2026-06-13 01:20:00',
           timestamp '2026-06-13 01:24:00' );
insert into don_hang (
   don_hang_id,
   khach_hang_id,
   chi_nhanh_id,
   nhan_vien_id,
   trang_thai,
   tam_tinh,
   giam_gia,
   tong_tien,
   trang_thai_thanh_toan,
   created_at,
   updated_at
) values ( 'DH20260077',
           'KH002',
           'CN004',
           'NV015',
           'DA_HOAN_THANH',
           277000,
           5000,
           272000,
           'DA_THANH_TOAN',
           timestamp '2026-06-30 01:15:00',
           timestamp '2026-06-30 01:19:00' );
insert into don_hang (
   don_hang_id,
   khach_hang_id,
   chi_nhanh_id,
   nhan_vien_id,
   trang_thai,
   tam_tinh,
   giam_gia,
   tong_tien,
   trang_thai_thanh_toan,
   created_at,
   updated_at
) values ( 'DH20260078',
           'KH010',
           'CN002',
           'NV009',
           'DA_HOAN_THANH',
           326000,
           0,
           326000,
           'DA_THANH_TOAN',
           timestamp '2026-07-19 22:35:00',
           timestamp '2026-07-19 22:43:00' );
insert into don_hang (
   don_hang_id,
   khach_hang_id,
   chi_nhanh_id,
   nhan_vien_id,
   trang_thai,
   tam_tinh,
   giam_gia,
   tong_tien,
   trang_thai_thanh_toan,
   created_at,
   updated_at
) values ( 'DH20260079',
           null,
           'CN002',
           'NV009',
           'DA_HOAN_THANH',
           405000,
           0,
           405000,
           'DA_THANH_TOAN',
           timestamp '2026-06-30 22:15:00',
           timestamp '2026-06-30 22:21:00' );
insert into don_hang (
   don_hang_id,
   khach_hang_id,
   chi_nhanh_id,
   nhan_vien_id,
   trang_thai,
   tam_tinh,
   giam_gia,
   tong_tien,
   trang_thai_thanh_toan,
   created_at,
   updated_at
) values ( 'DH20260080',
           null,
           'CN004',
           'NV015',
           'DA_HOAN_THANH',
           299000,
           15000,
           284000,
           'DA_THANH_TOAN',
           timestamp '2026-07-30 05:20:00',
           timestamp '2026-07-30 05:30:00' );
insert into don_hang (
   don_hang_id,
   khach_hang_id,
   chi_nhanh_id,
   nhan_vien_id,
   trang_thai,
   tam_tinh,
   giam_gia,
   tong_tien,
   trang_thai_thanh_toan,
   created_at,
   updated_at
) values ( 'DH20260081',
           'KH024',
           'CN003',
           'NV012',
           'DA_HUY',
           135000,
           0,
           135000,
           'DA_HOAN_TIEN',
           timestamp '2026-07-21 17:20:00',
           timestamp '2026-07-21 17:29:00' );
insert into don_hang (
   don_hang_id,
   khach_hang_id,
   chi_nhanh_id,
   nhan_vien_id,
   trang_thai,
   tam_tinh,
   giam_gia,
   tong_tien,
   trang_thai_thanh_toan,
   created_at,
   updated_at
) values ( 'DH20260082',
           null,
           'CN001',
           'NV005',
           'DA_HOAN_THANH',
           218000,
           10000,
           208000,
           'DA_THANH_TOAN',
           timestamp '2026-08-05 19:45:00',
           timestamp '2026-08-05 19:54:00' );
insert into don_hang (
   don_hang_id,
   khach_hang_id,
   chi_nhanh_id,
   nhan_vien_id,
   trang_thai,
   tam_tinh,
   giam_gia,
   tong_tien,
   trang_thai_thanh_toan,
   created_at,
   updated_at
) values ( 'DH20260083',
           'KH034',
           'CN003',
           'NV012',
           'DA_HOAN_THANH',
           127000,
           10000,
           117000,
           'DA_THANH_TOAN',
           timestamp '2026-05-31 17:55:00',
           timestamp '2026-05-31 18:02:00' );
insert into don_hang (
   don_hang_id,
   khach_hang_id,
   chi_nhanh_id,
   nhan_vien_id,
   trang_thai,
   tam_tinh,
   giam_gia,
   tong_tien,
   trang_thai_thanh_toan,
   created_at,
   updated_at
) values ( 'DH20260084',
           'KH020',
           'CN004',
           'NV015',
           'DA_HOAN_THANH',
           86000,
           15000,
           71000,
           'DA_THANH_TOAN',
           timestamp '2026-07-31 04:40:00',
           timestamp '2026-07-31 04:44:00' );
insert into don_hang (
   don_hang_id,
   khach_hang_id,
   chi_nhanh_id,
   nhan_vien_id,
   trang_thai,
   tam_tinh,
   giam_gia,
   tong_tien,
   trang_thai_thanh_toan,
   created_at,
   updated_at
) values ( 'DH20260085',
           'KH017',
           'CN001',
           'NV005',
           'DA_HOAN_THANH',
           143000,
           15000,
           128000,
           'DA_THANH_TOAN',
           timestamp '2026-07-06 03:55:00',
           timestamp '2026-07-06 04:07:00' );
insert into don_hang (
   don_hang_id,
   khach_hang_id,
   chi_nhanh_id,
   nhan_vien_id,
   trang_thai,
   tam_tinh,
   giam_gia,
   tong_tien,
   trang_thai_thanh_toan,
   created_at,
   updated_at
) values ( 'DH20260086',
           'KH029',
           'CN001',
           'NV005',
           'DA_HOAN_THANH',
           216000,
           10000,
           206000,
           'DA_THANH_TOAN',
           timestamp '2026-06-27 15:45:00',
           timestamp '2026-06-27 15:55:00' );
insert into don_hang (
   don_hang_id,
   khach_hang_id,
   chi_nhanh_id,
   nhan_vien_id,
   trang_thai,
   tam_tinh,
   giam_gia,
   tong_tien,
   trang_thai_thanh_toan,
   created_at,
   updated_at
) values ( 'DH20260087',
           'KH031',
           'CN003',
           'NV012',
           'DA_HOAN_THANH',
           310000,
           15000,
           295000,
           'DA_THANH_TOAN',
           timestamp '2026-08-01 18:40:00',
           timestamp '2026-08-01 18:47:00' );
insert into don_hang (
   don_hang_id,
   khach_hang_id,
   chi_nhanh_id,
   nhan_vien_id,
   trang_thai,
   tam_tinh,
   giam_gia,
   tong_tien,
   trang_thai_thanh_toan,
   created_at,
   updated_at
) values ( 'DH20260088',
           'KH020',
           'CN003',
           'NV012',
           'DA_HOAN_THANH',
           162000,
           10000,
           152000,
           'DA_THANH_TOAN',
           timestamp '2026-06-27 19:40:00',
           timestamp '2026-06-27 19:47:00' );
insert into don_hang (
   don_hang_id,
   khach_hang_id,
   chi_nhanh_id,
   nhan_vien_id,
   trang_thai,
   tam_tinh,
   giam_gia,
   tong_tien,
   trang_thai_thanh_toan,
   created_at,
   updated_at
) values ( 'DH20260089',
           'KH010',
           'CN003',
           'NV012',
           'DA_HOAN_THANH',
           296000,
           5000,
           291000,
           'DA_THANH_TOAN',
           timestamp '2026-08-04 21:30:00',
           timestamp '2026-08-04 21:36:00' );
insert into don_hang (
   don_hang_id,
   khach_hang_id,
   chi_nhanh_id,
   nhan_vien_id,
   trang_thai,
   tam_tinh,
   giam_gia,
   tong_tien,
   trang_thai_thanh_toan,
   created_at,
   updated_at
) values ( 'DH20260090',
           'KH034',
           'CN002',
           'NV009',
           'DA_HOAN_THANH',
           122000,
           15000,
           107000,
           'DA_THANH_TOAN',
           timestamp '2026-06-30 17:05:00',
           timestamp '2026-06-30 17:15:00' );
insert into don_hang (
   don_hang_id,
   khach_hang_id,
   chi_nhanh_id,
   nhan_vien_id,
   trang_thai,
   tam_tinh,
   giam_gia,
   tong_tien,
   trang_thai_thanh_toan,
   created_at,
   updated_at
) values ( 'DH20260091',
           'KH031',
           'CN004',
           'NV015',
           'DA_HOAN_THANH',
           207000,
           0,
           207000,
           'DA_THANH_TOAN',
           timestamp '2026-05-27 23:10:00',
           timestamp '2026-05-27 23:14:00' );
insert into don_hang (
   don_hang_id,
   khach_hang_id,
   chi_nhanh_id,
   nhan_vien_id,
   trang_thai,
   tam_tinh,
   giam_gia,
   tong_tien,
   trang_thai_thanh_toan,
   created_at,
   updated_at
) values ( 'DH20260092',
           'KH012',
           'CN001',
           'NV005',
           'DA_HOAN_THANH',
           103000,
           15000,
           88000,
           'DA_THANH_TOAN',
           timestamp '2026-08-04 02:55:00',
           timestamp '2026-08-04 03:02:00' );
insert into don_hang (
   don_hang_id,
   khach_hang_id,
   chi_nhanh_id,
   nhan_vien_id,
   trang_thai,
   tam_tinh,
   giam_gia,
   tong_tien,
   trang_thai_thanh_toan,
   created_at,
   updated_at
) values ( 'DH20260093',
           'KH022',
           'CN001',
           'NV005',
           'DA_HOAN_THANH',
           202000,
           15000,
           187000,
           'DA_THANH_TOAN',
           timestamp '2026-07-05 00:45:00',
           timestamp '2026-07-05 00:55:00' );
insert into don_hang (
   don_hang_id,
   khach_hang_id,
   chi_nhanh_id,
   nhan_vien_id,
   trang_thai,
   tam_tinh,
   giam_gia,
   tong_tien,
   trang_thai_thanh_toan,
   created_at,
   updated_at
) values ( 'DH20260094',
           'KH026',
           'CN002',
           'NV009',
           'DA_HOAN_THANH',
           161000,
           0,
           161000,
           'DA_THANH_TOAN',
           timestamp '2026-07-04 00:50:00',
           timestamp '2026-07-04 00:56:00' );
insert into don_hang (
   don_hang_id,
   khach_hang_id,
   chi_nhanh_id,
   nhan_vien_id,
   trang_thai,
   tam_tinh,
   giam_gia,
   tong_tien,
   trang_thai_thanh_toan,
   created_at,
   updated_at
) values ( 'DH20260095',
           'KH037',
           'CN003',
           'NV012',
           'DA_HUY',
           122000,
           0,
           122000,
           'CHUA_THANH_TOAN',
           timestamp '2026-06-26 22:20:00',
           timestamp '2026-06-26 22:25:00' );
insert into don_hang (
   don_hang_id,
   khach_hang_id,
   chi_nhanh_id,
   nhan_vien_id,
   trang_thai,
   tam_tinh,
   giam_gia,
   tong_tien,
   trang_thai_thanh_toan,
   created_at,
   updated_at
) values ( 'DH20260096',
           'KH015',
           'CN003',
           'NV012',
           'DA_HOAN_THANH',
           181000,
           10000,
           171000,
           'DA_THANH_TOAN',
           timestamp '2026-07-06 02:05:00',
           timestamp '2026-07-06 02:13:00' );
insert into don_hang (
   don_hang_id,
   khach_hang_id,
   chi_nhanh_id,
   nhan_vien_id,
   trang_thai,
   tam_tinh,
   giam_gia,
   tong_tien,
   trang_thai_thanh_toan,
   created_at,
   updated_at
) values ( 'DH20260097',
           'KH039',
           'CN002',
           'NV009',
           'DA_HOAN_THANH',
           98000,
           10000,
           88000,
           'DA_THANH_TOAN',
           timestamp '2026-07-27 03:40:00',
           timestamp '2026-07-27 03:48:00' );
insert into don_hang (
   don_hang_id,
   khach_hang_id,
   chi_nhanh_id,
   nhan_vien_id,
   trang_thai,
   tam_tinh,
   giam_gia,
   tong_tien,
   trang_thai_thanh_toan,
   created_at,
   updated_at
) values ( 'DH20260098',
           'KH010',
           'CN002',
           'NV009',
           'DA_HOAN_THANH',
           276000,
           0,
           276000,
           'DA_THANH_TOAN',
           timestamp '2026-06-10 15:40:00',
           timestamp '2026-06-10 15:51:00' );
insert into don_hang (
   don_hang_id,
   khach_hang_id,
   chi_nhanh_id,
   nhan_vien_id,
   trang_thai,
   tam_tinh,
   giam_gia,
   tong_tien,
   trang_thai_thanh_toan,
   created_at,
   updated_at
) values ( 'DH20260099',
           'KH001',
           'CN001',
           'NV005',
           'DA_HOAN_THANH',
           58000,
           0,
           58000,
           'DA_THANH_TOAN',
           timestamp '2026-07-26 01:20:00',
           timestamp '2026-07-26 01:24:00' );
insert into don_hang (
   don_hang_id,
   khach_hang_id,
   chi_nhanh_id,
   nhan_vien_id,
   trang_thai,
   tam_tinh,
   giam_gia,
   tong_tien,
   trang_thai_thanh_toan,
   created_at,
   updated_at
) values ( 'DH20260100',
           null,
           'CN004',
           'NV015',
           'DA_HOAN_THANH',
           176000,
           5000,
           171000,
           'DA_THANH_TOAN',
           timestamp '2026-06-04 05:05:00',
           timestamp '2026-06-04 05:14:00' );
insert into don_hang (
   don_hang_id,
   khach_hang_id,
   chi_nhanh_id,
   nhan_vien_id,
   trang_thai,
   tam_tinh,
   giam_gia,
   tong_tien,
   trang_thai_thanh_toan,
   created_at,
   updated_at
) values ( 'DH20260101',
           'KH035',
           'CN001',
           'NV005',
           'DA_HOAN_THANH',
           100000,
           5000,
           95000,
           'DA_THANH_TOAN',
           timestamp '2026-06-14 01:25:00',
           timestamp '2026-06-14 01:36:00' );
insert into don_hang (
   don_hang_id,
   khach_hang_id,
   chi_nhanh_id,
   nhan_vien_id,
   trang_thai,
   tam_tinh,
   giam_gia,
   tong_tien,
   trang_thai_thanh_toan,
   created_at,
   updated_at
) values ( 'DH20260102',
           'KH010',
           'CN002',
           'NV009',
           'DA_HOAN_THANH',
           87000,
           5000,
           82000,
           'DA_THANH_TOAN',
           timestamp '2026-07-15 04:15:00',
           timestamp '2026-07-15 04:27:00' );
insert into don_hang (
   don_hang_id,
   khach_hang_id,
   chi_nhanh_id,
   nhan_vien_id,
   trang_thai,
   tam_tinh,
   giam_gia,
   tong_tien,
   trang_thai_thanh_toan,
   created_at,
   updated_at
) values ( 'DH20260103',
           'KH029',
           'CN001',
           'NV005',
           'DA_HOAN_THANH',
           126000,
           0,
           126000,
           'DA_THANH_TOAN',
           timestamp '2026-06-26 18:05:00',
           timestamp '2026-06-26 18:14:00' );
insert into don_hang (
   don_hang_id,
   khach_hang_id,
   chi_nhanh_id,
   nhan_vien_id,
   trang_thai,
   tam_tinh,
   giam_gia,
   tong_tien,
   trang_thai_thanh_toan,
   created_at,
   updated_at
) values ( 'DH20260104',
           null,
           'CN001',
           'NV005',
           'DA_HOAN_THANH',
           255000,
           15000,
           240000,
           'DA_THANH_TOAN',
           timestamp '2026-06-25 23:15:00',
           timestamp '2026-06-25 23:23:00' );
insert into don_hang (
   don_hang_id,
   khach_hang_id,
   chi_nhanh_id,
   nhan_vien_id,
   trang_thai,
   tam_tinh,
   giam_gia,
   tong_tien,
   trang_thai_thanh_toan,
   created_at,
   updated_at
) values ( 'DH20260105',
           'KH018',
           'CN002',
           'NV009',
           'DA_HOAN_THANH',
           139000,
           0,
           139000,
           'DA_THANH_TOAN',
           timestamp '2026-06-15 01:40:00',
           timestamp '2026-06-15 01:49:00' );
insert into don_hang (
   don_hang_id,
   khach_hang_id,
   chi_nhanh_id,
   nhan_vien_id,
   trang_thai,
   tam_tinh,
   giam_gia,
   tong_tien,
   trang_thai_thanh_toan,
   created_at,
   updated_at
) values ( 'DH20260106',
           'KH035',
           'CN003',
           'NV012',
           'DA_HOAN_THANH',
           113000,
           10000,
           103000,
           'DA_THANH_TOAN',
           timestamp '2026-07-19 21:10:00',
           timestamp '2026-07-19 21:19:00' );
insert into don_hang (
   don_hang_id,
   khach_hang_id,
   chi_nhanh_id,
   nhan_vien_id,
   trang_thai,
   tam_tinh,
   giam_gia,
   tong_tien,
   trang_thai_thanh_toan,
   created_at,
   updated_at
) values ( 'DH20260107',
           'KH022',
           'CN002',
           'NV009',
           'DA_HOAN_THANH',
           363000,
           10000,
           353000,
           'DA_THANH_TOAN',
           timestamp '2026-08-02 17:30:00',
           timestamp '2026-08-02 17:33:00' );
insert into don_hang (
   don_hang_id,
   khach_hang_id,
   chi_nhanh_id,
   nhan_vien_id,
   trang_thai,
   tam_tinh,
   giam_gia,
   tong_tien,
   trang_thai_thanh_toan,
   created_at,
   updated_at
) values ( 'DH20260108',
           'KH001',
           'CN003',
           'NV012',
           'DA_HOAN_THANH',
           146000,
           10000,
           136000,
           'DA_THANH_TOAN',
           timestamp '2026-06-23 22:15:00',
           timestamp '2026-06-23 22:21:00' );
insert into don_hang (
   don_hang_id,
   khach_hang_id,
   chi_nhanh_id,
   nhan_vien_id,
   trang_thai,
   tam_tinh,
   giam_gia,
   tong_tien,
   trang_thai_thanh_toan,
   created_at,
   updated_at
) values ( 'DH20260109',
           'KH023',
           'CN004',
           'NV015',
           'DA_HOAN_THANH',
           247000,
           0,
           247000,
           'DA_THANH_TOAN',
           timestamp '2026-08-05 20:20:00',
           timestamp '2026-08-05 20:26:00' );
insert into don_hang (
   don_hang_id,
   khach_hang_id,
   chi_nhanh_id,
   nhan_vien_id,
   trang_thai,
   tam_tinh,
   giam_gia,
   tong_tien,
   trang_thai_thanh_toan,
   created_at,
   updated_at
) values ( 'DH20260110',
           null,
           'CN002',
           'NV009',
           'DA_HOAN_THANH',
           284000,
           5000,
           279000,
           'DA_THANH_TOAN',
           timestamp '2026-06-02 00:15:00',
           timestamp '2026-06-02 00:26:00' );
insert into don_hang (
   don_hang_id,
   khach_hang_id,
   chi_nhanh_id,
   nhan_vien_id,
   trang_thai,
   tam_tinh,
   giam_gia,
   tong_tien,
   trang_thai_thanh_toan,
   created_at,
   updated_at
) values ( 'DH20260111',
           'KH035',
           'CN003',
           'NV012',
           'DA_HOAN_THANH',
           49000,
           0,
           49000,
           'DA_THANH_TOAN',
           timestamp '2026-07-24 17:55:00',
           timestamp '2026-07-24 17:58:00' );
insert into don_hang (
   don_hang_id,
   khach_hang_id,
   chi_nhanh_id,
   nhan_vien_id,
   trang_thai,
   tam_tinh,
   giam_gia,
   tong_tien,
   trang_thai_thanh_toan,
   created_at,
   updated_at
) values ( 'DH20260112',
           null,
           'CN002',
           'NV009',
           'DA_HOAN_THANH',
           136000,
           10000,
           126000,
           'DA_THANH_TOAN',
           timestamp '2026-07-18 17:50:00',
           timestamp '2026-07-18 18:02:00' );
insert into don_hang (
   don_hang_id,
   khach_hang_id,
   chi_nhanh_id,
   nhan_vien_id,
   trang_thai,
   tam_tinh,
   giam_gia,
   tong_tien,
   trang_thai_thanh_toan,
   created_at,
   updated_at
) values ( 'DH20260113',
           null,
           'CN004',
           'NV015',
           'DA_HOAN_THANH',
           351000,
           5000,
           346000,
           'DA_THANH_TOAN',
           timestamp '2026-05-29 15:40:00',
           timestamp '2026-05-29 15:45:00' );
insert into don_hang (
   don_hang_id,
   khach_hang_id,
   chi_nhanh_id,
   nhan_vien_id,
   trang_thai,
   tam_tinh,
   giam_gia,
   tong_tien,
   trang_thai_thanh_toan,
   created_at,
   updated_at
) values ( 'DH20260114',
           'KH018',
           'CN003',
           'NV012',
           'DA_HOAN_THANH',
           86000,
           5000,
           81000,
           'DA_THANH_TOAN',
           timestamp '2026-06-15 18:15:00',
           timestamp '2026-06-15 18:27:00' );
insert into don_hang (
   don_hang_id,
   khach_hang_id,
   chi_nhanh_id,
   nhan_vien_id,
   trang_thai,
   tam_tinh,
   giam_gia,
   tong_tien,
   trang_thai_thanh_toan,
   created_at,
   updated_at
) values ( 'DH20260115',
           'KH003',
           'CN001',
           'NV005',
           'DA_HOAN_THANH',
           327000,
           0,
           327000,
           'DA_THANH_TOAN',
           timestamp '2026-06-24 19:50:00',
           timestamp '2026-06-24 20:00:00' );
insert into don_hang (
   don_hang_id,
   khach_hang_id,
   chi_nhanh_id,
   nhan_vien_id,
   trang_thai,
   tam_tinh,
   giam_gia,
   tong_tien,
   trang_thai_thanh_toan,
   created_at,
   updated_at
) values ( 'DH20260116',
           'KH037',
           'CN002',
           'NV009',
           'DA_HOAN_THANH',
           96000,
           0,
           96000,
           'DA_THANH_TOAN',
           timestamp '2026-08-03 05:00:00',
           timestamp '2026-08-03 05:11:00' );
insert into don_hang (
   don_hang_id,
   khach_hang_id,
   chi_nhanh_id,
   nhan_vien_id,
   trang_thai,
   tam_tinh,
   giam_gia,
   tong_tien,
   trang_thai_thanh_toan,
   created_at,
   updated_at
) values ( 'DH20260117',
           'KH038',
           'CN001',
           'NV005',
           'DA_HOAN_THANH',
           366000,
           10000,
           356000,
           'DA_THANH_TOAN',
           timestamp '2026-05-31 17:25:00',
           timestamp '2026-05-31 17:33:00' );
insert into don_hang (
   don_hang_id,
   khach_hang_id,
   chi_nhanh_id,
   nhan_vien_id,
   trang_thai,
   tam_tinh,
   giam_gia,
   tong_tien,
   trang_thai_thanh_toan,
   created_at,
   updated_at
) values ( 'DH20260118',
           'KH005',
           'CN004',
           'NV015',
           'DA_HOAN_THANH',
           273000,
           10000,
           263000,
           'DA_THANH_TOAN',
           timestamp '2026-07-10 15:05:00',
           timestamp '2026-07-10 15:14:00' );
insert into don_hang (
   don_hang_id,
   khach_hang_id,
   chi_nhanh_id,
   nhan_vien_id,
   trang_thai,
   tam_tinh,
   giam_gia,
   tong_tien,
   trang_thai_thanh_toan,
   created_at,
   updated_at
) values ( 'DH20260119',
           'KH005',
           'CN003',
           'NV012',
           'DA_HOAN_THANH',
           205000,
           0,
           205000,
           'DA_THANH_TOAN',
           timestamp '2026-06-07 03:45:00',
           timestamp '2026-06-07 03:53:00' );
insert into don_hang (
   don_hang_id,
   khach_hang_id,
   chi_nhanh_id,
   nhan_vien_id,
   trang_thai,
   tam_tinh,
   giam_gia,
   tong_tien,
   trang_thai_thanh_toan,
   created_at,
   updated_at
) values ( 'DH20260120',
           'KH007',
           'CN003',
           'NV012',
           'DA_HOAN_THANH',
           249000,
           10000,
           239000,
           'DA_THANH_TOAN',
           timestamp '2026-05-27 19:35:00',
           timestamp '2026-05-27 19:44:00' );
insert into chi_tiet_don_hang (
   chi_tiet_don_hang_id,
   don_hang_id,
   san_pham_id,
   so_luong,
   don_gia,
   thanh_tien,
   ghi_chu,
   created_at,
   updated_at
) values ( 'CTDH2026000101',
           'DH20260001',
           'SP010',
           1,
           42000,
           42000,
           N'Ít đường',
           timestamp '2026-06-06 00:55:00',
           timestamp '2026-06-06 00:55:00' );
insert into chi_tiet_don_hang (
   chi_tiet_don_hang_id,
   don_hang_id,
   san_pham_id,
   so_luong,
   don_gia,
   thanh_tien,
   ghi_chu,
   created_at,
   updated_at
) values ( 'CTDH2026000201',
           'DH20260002',
           'SP002',
           2,
           32000,
           64000,
           N'Ít đá',
           timestamp '2026-07-13 16:40:00',
           timestamp '2026-07-13 16:40:00' );
insert into chi_tiet_don_hang (
   chi_tiet_don_hang_id,
   don_hang_id,
   san_pham_id,
   so_luong,
   don_gia,
   thanh_tien,
   ghi_chu,
   created_at,
   updated_at
) values ( 'CTDH2026000202',
           'DH20260002',
           'SP007',
           3,
           45000,
           135000,
           N'Không lấy topping',
           timestamp '2026-07-13 16:40:00',
           timestamp '2026-07-13 16:40:00' );
insert into chi_tiet_don_hang (
   chi_tiet_don_hang_id,
   don_hang_id,
   san_pham_id,
   so_luong,
   don_gia,
   thanh_tien,
   ghi_chu,
   created_at,
   updated_at
) values ( 'CTDH2026000203',
           'DH20260002',
           'SP006',
           1,
           43000,
           43000,
           N'Không lấy topping',
           timestamp '2026-07-13 16:40:00',
           timestamp '2026-07-13 16:40:00' );
insert into chi_tiet_don_hang (
   chi_tiet_don_hang_id,
   don_hang_id,
   san_pham_id,
   so_luong,
   don_gia,
   thanh_tien,
   ghi_chu,
   created_at,
   updated_at
) values ( 'CTDH2026000204',
           'DH20260002',
           'SP008',
           2,
           38000,
           76000,
           N'Ít đường',
           timestamp '2026-07-13 16:40:00',
           timestamp '2026-07-13 16:40:00' );
insert into chi_tiet_don_hang (
   chi_tiet_don_hang_id,
   don_hang_id,
   san_pham_id,
   so_luong,
   don_gia,
   thanh_tien,
   ghi_chu,
   created_at,
   updated_at
) values ( 'CTDH2026000301',
           'DH20260003',
           'SP005',
           2,
           39000,
           78000,
           N'Không lấy topping',
           timestamp '2026-07-25 21:55:00',
           timestamp '2026-07-25 21:55:00' );
insert into chi_tiet_don_hang (
   chi_tiet_don_hang_id,
   don_hang_id,
   san_pham_id,
   so_luong,
   don_gia,
   thanh_tien,
   ghi_chu,
   created_at,
   updated_at
) values ( 'CTDH2026000401',
           'DH20260004',
           'SP005',
           3,
           39000,
           117000,
           N'Không lấy topping',
           timestamp '2026-07-14 20:00:00',
           timestamp '2026-07-14 20:00:00' );
insert into chi_tiet_don_hang (
   chi_tiet_don_hang_id,
   don_hang_id,
   san_pham_id,
   so_luong,
   don_gia,
   thanh_tien,
   ghi_chu,
   created_at,
   updated_at
) values ( 'CTDH2026000402',
           'DH20260004',
           'SP006',
           3,
           43000,
           129000,
           null,
           timestamp '2026-07-14 20:00:00',
           timestamp '2026-07-14 20:00:00' );
insert into chi_tiet_don_hang (
   chi_tiet_don_hang_id,
   don_hang_id,
   san_pham_id,
   so_luong,
   don_gia,
   thanh_tien,
   ghi_chu,
   created_at,
   updated_at
) values ( 'CTDH2026000403',
           'DH20260004',
           'SP010',
           2,
           42000,
           84000,
           null,
           timestamp '2026-07-14 20:00:00',
           timestamp '2026-07-14 20:00:00' );
insert into chi_tiet_don_hang (
   chi_tiet_don_hang_id,
   don_hang_id,
   san_pham_id,
   so_luong,
   don_gia,
   thanh_tien,
   ghi_chu,
   created_at,
   updated_at
) values ( 'CTDH2026000501',
           'DH20260005',
           'SP008',
           1,
           38000,
           38000,
           N'Ít đá',
           timestamp '2026-06-27 02:30:00',
           timestamp '2026-06-27 02:30:00' );
insert into chi_tiet_don_hang (
   chi_tiet_don_hang_id,
   don_hang_id,
   san_pham_id,
   so_luong,
   don_gia,
   thanh_tien,
   ghi_chu,
   created_at,
   updated_at
) values ( 'CTDH2026000502',
           'DH20260005',
           'SP001',
           2,
           29000,
           58000,
           N'Ít đường',
           timestamp '2026-06-27 02:30:00',
           timestamp '2026-06-27 02:30:00' );
insert into chi_tiet_don_hang (
   chi_tiet_don_hang_id,
   don_hang_id,
   san_pham_id,
   so_luong,
   don_gia,
   thanh_tien,
   ghi_chu,
   created_at,
   updated_at
) values ( 'CTDH2026000503',
           'DH20260005',
           'SP002',
           3,
           32000,
           96000,
           N'Không lấy topping',
           timestamp '2026-06-27 02:30:00',
           timestamp '2026-06-27 02:30:00' );
insert into chi_tiet_don_hang (
   chi_tiet_don_hang_id,
   don_hang_id,
   san_pham_id,
   so_luong,
   don_gia,
   thanh_tien,
   ghi_chu,
   created_at,
   updated_at
) values ( 'CTDH2026000504',
           'DH20260005',
           'SP003',
           1,
           35000,
           35000,
           N'Không lấy topping',
           timestamp '2026-06-27 02:30:00',
           timestamp '2026-06-27 02:30:00' );
insert into chi_tiet_don_hang (
   chi_tiet_don_hang_id,
   don_hang_id,
   san_pham_id,
   so_luong,
   don_gia,
   thanh_tien,
   ghi_chu,
   created_at,
   updated_at
) values ( 'CTDH2026000601',
           'DH20260006',
           'SP004',
           2,
           42000,
           84000,
           null,
           timestamp '2026-07-10 21:55:00',
           timestamp '2026-07-10 21:55:00' );
insert into chi_tiet_don_hang (
   chi_tiet_don_hang_id,
   don_hang_id,
   san_pham_id,
   so_luong,
   don_gia,
   thanh_tien,
   ghi_chu,
   created_at,
   updated_at
) values ( 'CTDH2026000602',
           'DH20260006',
           'SP002',
           1,
           32000,
           32000,
           null,
           timestamp '2026-07-10 21:55:00',
           timestamp '2026-07-10 21:55:00' );
insert into chi_tiet_don_hang (
   chi_tiet_don_hang_id,
   don_hang_id,
   san_pham_id,
   so_luong,
   don_gia,
   thanh_tien,
   ghi_chu,
   created_at,
   updated_at
) values ( 'CTDH2026000603',
           'DH20260006',
           'SP010',
           3,
           42000,
           126000,
           N'Ít đường',
           timestamp '2026-07-10 21:55:00',
           timestamp '2026-07-10 21:55:00' );
insert into chi_tiet_don_hang (
   chi_tiet_don_hang_id,
   don_hang_id,
   san_pham_id,
   so_luong,
   don_gia,
   thanh_tien,
   ghi_chu,
   created_at,
   updated_at
) values ( 'CTDH2026000701',
           'DH20260007',
           'SP003',
           3,
           35000,
           105000,
           null,
           timestamp '2026-07-02 02:45:00',
           timestamp '2026-07-02 02:45:00' );
insert into chi_tiet_don_hang (
   chi_tiet_don_hang_id,
   don_hang_id,
   san_pham_id,
   so_luong,
   don_gia,
   thanh_tien,
   ghi_chu,
   created_at,
   updated_at
) values ( 'CTDH2026000702',
           'DH20260007',
           'SP005',
           3,
           39000,
           117000,
           N'Không lấy topping',
           timestamp '2026-07-02 02:45:00',
           timestamp '2026-07-02 02:45:00' );
insert into chi_tiet_don_hang (
   chi_tiet_don_hang_id,
   don_hang_id,
   san_pham_id,
   so_luong,
   don_gia,
   thanh_tien,
   ghi_chu,
   created_at,
   updated_at
) values ( 'CTDH2026000703',
           'DH20260007',
           'SP001',
           1,
           29000,
           29000,
           N'Ít đá',
           timestamp '2026-07-02 02:45:00',
           timestamp '2026-07-02 02:45:00' );
insert into chi_tiet_don_hang (
   chi_tiet_don_hang_id,
   don_hang_id,
   san_pham_id,
   so_luong,
   don_gia,
   thanh_tien,
   ghi_chu,
   created_at,
   updated_at
) values ( 'CTDH2026000801',
           'DH20260008',
           'SP008',
           2,
           38000,
           76000,
           null,
           timestamp '2026-06-13 01:35:00',
           timestamp '2026-06-13 01:35:00' );
insert into chi_tiet_don_hang (
   chi_tiet_don_hang_id,
   don_hang_id,
   san_pham_id,
   so_luong,
   don_gia,
   thanh_tien,
   ghi_chu,
   created_at,
   updated_at
) values ( 'CTDH2026000802',
           'DH20260008',
           'SP006',
           2,
           43000,
           86000,
           N'Không lấy topping',
           timestamp '2026-06-13 01:35:00',
           timestamp '2026-06-13 01:35:00' );
insert into chi_tiet_don_hang (
   chi_tiet_don_hang_id,
   don_hang_id,
   san_pham_id,
   so_luong,
   don_gia,
   thanh_tien,
   ghi_chu,
   created_at,
   updated_at
) values ( 'CTDH2026000803',
           'DH20260008',
           'SP003',
           1,
           35000,
           35000,
           null,
           timestamp '2026-06-13 01:35:00',
           timestamp '2026-06-13 01:35:00' );
insert into chi_tiet_don_hang (
   chi_tiet_don_hang_id,
   don_hang_id,
   san_pham_id,
   so_luong,
   don_gia,
   thanh_tien,
   ghi_chu,
   created_at,
   updated_at
) values ( 'CTDH2026000804',
           'DH20260008',
           'SP001',
           1,
           29000,
           29000,
           null,
           timestamp '2026-06-13 01:35:00',
           timestamp '2026-06-13 01:35:00' );
insert into chi_tiet_don_hang (
   chi_tiet_don_hang_id,
   don_hang_id,
   san_pham_id,
   so_luong,
   don_gia,
   thanh_tien,
   ghi_chu,
   created_at,
   updated_at
) values ( 'CTDH2026000901',
           'DH20260009',
           'SP010',
           2,
           42000,
           84000,
           N'Không lấy topping',
           timestamp '2026-06-16 03:45:00',
           timestamp '2026-06-16 03:45:00' );
insert into chi_tiet_don_hang (
   chi_tiet_don_hang_id,
   don_hang_id,
   san_pham_id,
   so_luong,
   don_gia,
   thanh_tien,
   ghi_chu,
   created_at,
   updated_at
) values ( 'CTDH2026000902',
           'DH20260009',
           'SP004',
           2,
           42000,
           84000,
           null,
           timestamp '2026-06-16 03:45:00',
           timestamp '2026-06-16 03:45:00' );
insert into chi_tiet_don_hang (
   chi_tiet_don_hang_id,
   don_hang_id,
   san_pham_id,
   so_luong,
   don_gia,
   thanh_tien,
   ghi_chu,
   created_at,
   updated_at
) values ( 'CTDH2026000903',
           'DH20260009',
           'SP007',
           3,
           45000,
           135000,
           N'Không lấy topping',
           timestamp '2026-06-16 03:45:00',
           timestamp '2026-06-16 03:45:00' );
insert into chi_tiet_don_hang (
   chi_tiet_don_hang_id,
   don_hang_id,
   san_pham_id,
   so_luong,
   don_gia,
   thanh_tien,
   ghi_chu,
   created_at,
   updated_at
) values ( 'CTDH2026000904',
           'DH20260009',
           'SP009',
           2,
           49000,
           98000,
           null,
           timestamp '2026-06-16 03:45:00',
           timestamp '2026-06-16 03:45:00' );
insert into chi_tiet_don_hang (
   chi_tiet_don_hang_id,
   don_hang_id,
   san_pham_id,
   so_luong,
   don_gia,
   thanh_tien,
   ghi_chu,
   created_at,
   updated_at
) values ( 'CTDH2026001001',
           'DH20260010',
           'SP003',
           1,
           35000,
           35000,
           N'Không lấy topping',
           timestamp '2026-06-23 01:15:00',
           timestamp '2026-06-23 01:15:00' );
insert into chi_tiet_don_hang (
   chi_tiet_don_hang_id,
   don_hang_id,
   san_pham_id,
   so_luong,
   don_gia,
   thanh_tien,
   ghi_chu,
   created_at,
   updated_at
) values ( 'CTDH2026001101',
           'DH20260011',
           'SP002',
           3,
           32000,
           96000,
           N'Không lấy topping',
           timestamp '2026-07-26 19:00:00',
           timestamp '2026-07-26 19:00:00' );
insert into chi_tiet_don_hang (
   chi_tiet_don_hang_id,
   don_hang_id,
   san_pham_id,
   so_luong,
   don_gia,
   thanh_tien,
   ghi_chu,
   created_at,
   updated_at
) values ( 'CTDH2026001102',
           'DH20260011',
           'SP004',
           3,
           42000,
           126000,
           null,
           timestamp '2026-07-26 19:00:00',
           timestamp '2026-07-26 19:00:00' );
insert into chi_tiet_don_hang (
   chi_tiet_don_hang_id,
   don_hang_id,
   san_pham_id,
   so_luong,
   don_gia,
   thanh_tien,
   ghi_chu,
   created_at,
   updated_at
) values ( 'CTDH2026001103',
           'DH20260011',
           'SP005',
           3,
           39000,
           117000,
           null,
           timestamp '2026-07-26 19:00:00',
           timestamp '2026-07-26 19:00:00' );
insert into chi_tiet_don_hang (
   chi_tiet_don_hang_id,
   don_hang_id,
   san_pham_id,
   so_luong,
   don_gia,
   thanh_tien,
   ghi_chu,
   created_at,
   updated_at
) values ( 'CTDH2026001104',
           'DH20260011',
           'SP007',
           1,
           45000,
           45000,
           N'Ít đá',
           timestamp '2026-07-26 19:00:00',
           timestamp '2026-07-26 19:00:00' );
insert into chi_tiet_don_hang (
   chi_tiet_don_hang_id,
   don_hang_id,
   san_pham_id,
   so_luong,
   don_gia,
   thanh_tien,
   ghi_chu,
   created_at,
   updated_at
) values ( 'CTDH2026001201',
           'DH20260012',
           'SP008',
           3,
           38000,
           114000,
           N'Không lấy topping',
           timestamp '2026-06-14 16:00:00',
           timestamp '2026-06-14 16:00:00' );
insert into chi_tiet_don_hang (
   chi_tiet_don_hang_id,
   don_hang_id,
   san_pham_id,
   so_luong,
   don_gia,
   thanh_tien,
   ghi_chu,
   created_at,
   updated_at
) values ( 'CTDH2026001202',
           'DH20260012',
           'SP002',
           2,
           32000,
           64000,
           N'Không lấy topping',
           timestamp '2026-06-14 16:00:00',
           timestamp '2026-06-14 16:00:00' );
insert into chi_tiet_don_hang (
   chi_tiet_don_hang_id,
   don_hang_id,
   san_pham_id,
   so_luong,
   don_gia,
   thanh_tien,
   ghi_chu,
   created_at,
   updated_at
) values ( 'CTDH2026001203',
           'DH20260012',
           'SP010',
           3,
           42000,
           126000,
           N'Ít đường',
           timestamp '2026-06-14 16:00:00',
           timestamp '2026-06-14 16:00:00' );
insert into chi_tiet_don_hang (
   chi_tiet_don_hang_id,
   don_hang_id,
   san_pham_id,
   so_luong,
   don_gia,
   thanh_tien,
   ghi_chu,
   created_at,
   updated_at
) values ( 'CTDH2026001301',
           'DH20260013',
           'SP002',
           1,
           32000,
           32000,
           N'Không lấy topping',
           timestamp '2026-07-22 16:45:00',
           timestamp '2026-07-22 16:45:00' );
insert into chi_tiet_don_hang (
   chi_tiet_don_hang_id,
   don_hang_id,
   san_pham_id,
   so_luong,
   don_gia,
   thanh_tien,
   ghi_chu,
   created_at,
   updated_at
) values ( 'CTDH2026001401',
           'DH20260014',
           'SP005',
           2,
           39000,
           78000,
           N'Ít đá',
           timestamp '2026-05-30 03:50:00',
           timestamp '2026-05-30 03:50:00' );
insert into chi_tiet_don_hang (
   chi_tiet_don_hang_id,
   don_hang_id,
   san_pham_id,
   so_luong,
   don_gia,
   thanh_tien,
   ghi_chu,
   created_at,
   updated_at
) values ( 'CTDH2026001402',
           'DH20260014',
           'SP003',
           1,
           35000,
           35000,
           null,
           timestamp '2026-05-30 03:50:00',
           timestamp '2026-05-30 03:50:00' );
insert into chi_tiet_don_hang (
   chi_tiet_don_hang_id,
   don_hang_id,
   san_pham_id,
   so_luong,
   don_gia,
   thanh_tien,
   ghi_chu,
   created_at,
   updated_at
) values ( 'CTDH2026001403',
           'DH20260014',
           'SP007',
           2,
           45000,
           90000,
           null,
           timestamp '2026-05-30 03:50:00',
           timestamp '2026-05-30 03:50:00' );
insert into chi_tiet_don_hang (
   chi_tiet_don_hang_id,
   don_hang_id,
   san_pham_id,
   so_luong,
   don_gia,
   thanh_tien,
   ghi_chu,
   created_at,
   updated_at
) values ( 'CTDH2026001404',
           'DH20260014',
           'SP006',
           2,
           43000,
           86000,
           N'Ít đá',
           timestamp '2026-05-30 03:50:00',
           timestamp '2026-05-30 03:50:00' );
insert into chi_tiet_don_hang (
   chi_tiet_don_hang_id,
   don_hang_id,
   san_pham_id,
   so_luong,
   don_gia,
   thanh_tien,
   ghi_chu,
   created_at,
   updated_at
) values ( 'CTDH2026001501',
           'DH20260015',
           'SP008',
           1,
           38000,
           38000,
           N'Ít đá',
           timestamp '2026-07-19 02:35:00',
           timestamp '2026-07-19 02:35:00' );
insert into chi_tiet_don_hang (
   chi_tiet_don_hang_id,
   don_hang_id,
   san_pham_id,
   so_luong,
   don_gia,
   thanh_tien,
   ghi_chu,
   created_at,
   updated_at
) values ( 'CTDH2026001601',
           'DH20260016',
           'SP004',
           3,
           42000,
           126000,
           N'Ít đường',
           timestamp '2026-06-11 03:30:00',
           timestamp '2026-06-11 03:30:00' );
insert into chi_tiet_don_hang (
   chi_tiet_don_hang_id,
   don_hang_id,
   san_pham_id,
   so_luong,
   don_gia,
   thanh_tien,
   ghi_chu,
   created_at,
   updated_at
) values ( 'CTDH2026001701',
           'DH20260017',
           'SP008',
           3,
           38000,
           114000,
           null,
           timestamp '2026-07-23 03:00:00',
           timestamp '2026-07-23 03:00:00' );
insert into chi_tiet_don_hang (
   chi_tiet_don_hang_id,
   don_hang_id,
   san_pham_id,
   so_luong,
   don_gia,
   thanh_tien,
   ghi_chu,
   created_at,
   updated_at
) values ( 'CTDH2026001702',
           'DH20260017',
           'SP002',
           1,
           32000,
           32000,
           N'Không lấy topping',
           timestamp '2026-07-23 03:00:00',
           timestamp '2026-07-23 03:00:00' );
insert into chi_tiet_don_hang (
   chi_tiet_don_hang_id,
   don_hang_id,
   san_pham_id,
   so_luong,
   don_gia,
   thanh_tien,
   ghi_chu,
   created_at,
   updated_at
) values ( 'CTDH2026001703',
           'DH20260017',
           'SP001',
           3,
           29000,
           87000,
           N'Ít đường',
           timestamp '2026-07-23 03:00:00',
           timestamp '2026-07-23 03:00:00' );
insert into chi_tiet_don_hang (
   chi_tiet_don_hang_id,
   don_hang_id,
   san_pham_id,
   so_luong,
   don_gia,
   thanh_tien,
   ghi_chu,
   created_at,
   updated_at
) values ( 'CTDH2026001704',
           'DH20260017',
           'SP006',
           1,
           43000,
           43000,
           null,
           timestamp '2026-07-23 03:00:00',
           timestamp '2026-07-23 03:00:00' );
insert into chi_tiet_don_hang (
   chi_tiet_don_hang_id,
   don_hang_id,
   san_pham_id,
   so_luong,
   don_gia,
   thanh_tien,
   ghi_chu,
   created_at,
   updated_at
) values ( 'CTDH2026001801',
           'DH20260018',
           'SP009',
           2,
           49000,
           98000,
           null,
           timestamp '2026-06-25 04:05:00',
           timestamp '2026-06-25 04:05:00' );
insert into chi_tiet_don_hang (
   chi_tiet_don_hang_id,
   don_hang_id,
   san_pham_id,
   so_luong,
   don_gia,
   thanh_tien,
   ghi_chu,
   created_at,
   updated_at
) values ( 'CTDH2026001802',
           'DH20260018',
           'SP005',
           2,
           39000,
           78000,
           N'Ít đường',
           timestamp '2026-06-25 04:05:00',
           timestamp '2026-06-25 04:05:00' );
insert into chi_tiet_don_hang (
   chi_tiet_don_hang_id,
   don_hang_id,
   san_pham_id,
   so_luong,
   don_gia,
   thanh_tien,
   ghi_chu,
   created_at,
   updated_at
) values ( 'CTDH2026001803',
           'DH20260018',
           'SP007',
           1,
           45000,
           45000,
           null,
           timestamp '2026-06-25 04:05:00',
           timestamp '2026-06-25 04:05:00' );
insert into chi_tiet_don_hang (
   chi_tiet_don_hang_id,
   don_hang_id,
   san_pham_id,
   so_luong,
   don_gia,
   thanh_tien,
   ghi_chu,
   created_at,
   updated_at
) values ( 'CTDH2026001901',
           'DH20260019',
           'SP001',
           3,
           29000,
           87000,
           N'Ít đường',
           timestamp '2026-08-01 02:10:00',
           timestamp '2026-08-01 02:10:00' );
insert into chi_tiet_don_hang (
   chi_tiet_don_hang_id,
   don_hang_id,
   san_pham_id,
   so_luong,
   don_gia,
   thanh_tien,
   ghi_chu,
   created_at,
   updated_at
) values ( 'CTDH2026001902',
           'DH20260019',
           'SP005',
           3,
           39000,
           117000,
           N'Không lấy topping',
           timestamp '2026-08-01 02:10:00',
           timestamp '2026-08-01 02:10:00' );
insert into chi_tiet_don_hang (
   chi_tiet_don_hang_id,
   don_hang_id,
   san_pham_id,
   so_luong,
   don_gia,
   thanh_tien,
   ghi_chu,
   created_at,
   updated_at
) values ( 'CTDH2026001903',
           'DH20260019',
           'SP009',
           3,
           49000,
           147000,
           N'Ít đường',
           timestamp '2026-08-01 02:10:00',
           timestamp '2026-08-01 02:10:00' );
insert into chi_tiet_don_hang (
   chi_tiet_don_hang_id,
   don_hang_id,
   san_pham_id,
   so_luong,
   don_gia,
   thanh_tien,
   ghi_chu,
   created_at,
   updated_at
) values ( 'CTDH2026002001',
           'DH20260020',
           'SP010',
           1,
           42000,
           42000,
           N'Ít đường',
           timestamp '2026-07-10 20:40:00',
           timestamp '2026-07-10 20:40:00' );
insert into chi_tiet_don_hang (
   chi_tiet_don_hang_id,
   don_hang_id,
   san_pham_id,
   so_luong,
   don_gia,
   thanh_tien,
   ghi_chu,
   created_at,
   updated_at
) values ( 'CTDH2026002002',
           'DH20260020',
           'SP007',
           2,
           45000,
           90000,
           N'Ít đường',
           timestamp '2026-07-10 20:40:00',
           timestamp '2026-07-10 20:40:00' );
insert into chi_tiet_don_hang (
   chi_tiet_don_hang_id,
   don_hang_id,
   san_pham_id,
   so_luong,
   don_gia,
   thanh_tien,
   ghi_chu,
   created_at,
   updated_at
) values ( 'CTDH2026002101',
           'DH20260021',
           'SP002',
           3,
           32000,
           96000,
           N'Ít đường',
           timestamp '2026-07-16 01:50:00',
           timestamp '2026-07-16 01:50:00' );
insert into chi_tiet_don_hang (
   chi_tiet_don_hang_id,
   don_hang_id,
   san_pham_id,
   so_luong,
   don_gia,
   thanh_tien,
   ghi_chu,
   created_at,
   updated_at
) values ( 'CTDH2026002102',
           'DH20260021',
           'SP008',
           2,
           38000,
           76000,
           null,
           timestamp '2026-07-16 01:50:00',
           timestamp '2026-07-16 01:50:00' );
insert into chi_tiet_don_hang (
   chi_tiet_don_hang_id,
   don_hang_id,
   san_pham_id,
   so_luong,
   don_gia,
   thanh_tien,
   ghi_chu,
   created_at,
   updated_at
) values ( 'CTDH2026002103',
           'DH20260021',
           'SP010',
           1,
           42000,
           42000,
           null,
           timestamp '2026-07-16 01:50:00',
           timestamp '2026-07-16 01:50:00' );
insert into chi_tiet_don_hang (
   chi_tiet_don_hang_id,
   don_hang_id,
   san_pham_id,
   so_luong,
   don_gia,
   thanh_tien,
   ghi_chu,
   created_at,
   updated_at
) values ( 'CTDH2026002201',
           'DH20260022',
           'SP009',
           3,
           49000,
           147000,
           N'Không lấy topping',
           timestamp '2026-07-27 03:20:00',
           timestamp '2026-07-27 03:20:00' );
insert into chi_tiet_don_hang (
   chi_tiet_don_hang_id,
   don_hang_id,
   san_pham_id,
   so_luong,
   don_gia,
   thanh_tien,
   ghi_chu,
   created_at,
   updated_at
) values ( 'CTDH2026002202',
           'DH20260022',
           'SP007',
           3,
           45000,
           135000,
           null,
           timestamp '2026-07-27 03:20:00',
           timestamp '2026-07-27 03:20:00' );
insert into chi_tiet_don_hang (
   chi_tiet_don_hang_id,
   don_hang_id,
   san_pham_id,
   so_luong,
   don_gia,
   thanh_tien,
   ghi_chu,
   created_at,
   updated_at
) values ( 'CTDH2026002203',
           'DH20260022',
           'SP006',
           2,
           43000,
           86000,
           null,
           timestamp '2026-07-27 03:20:00',
           timestamp '2026-07-27 03:20:00' );
insert into chi_tiet_don_hang (
   chi_tiet_don_hang_id,
   don_hang_id,
   san_pham_id,
   so_luong,
   don_gia,
   thanh_tien,
   ghi_chu,
   created_at,
   updated_at
) values ( 'CTDH2026002301',
           'DH20260023',
           'SP008',
           1,
           38000,
           38000,
           null,
           timestamp '2026-07-02 18:55:00',
           timestamp '2026-07-02 18:55:00' );
insert into chi_tiet_don_hang (
   chi_tiet_don_hang_id,
   don_hang_id,
   san_pham_id,
   so_luong,
   don_gia,
   thanh_tien,
   ghi_chu,
   created_at,
   updated_at
) values ( 'CTDH2026002401',
           'DH20260024',
           'SP010',
           1,
           42000,
           42000,
           N'Ít đường',
           timestamp '2026-06-01 20:00:00',
           timestamp '2026-06-01 20:00:00' );
insert into chi_tiet_don_hang (
   chi_tiet_don_hang_id,
   don_hang_id,
   san_pham_id,
   so_luong,
   don_gia,
   thanh_tien,
   ghi_chu,
   created_at,
   updated_at
) values ( 'CTDH2026002402',
           'DH20260024',
           'SP003',
           3,
           35000,
           105000,
           N'Không lấy topping',
           timestamp '2026-06-01 20:00:00',
           timestamp '2026-06-01 20:00:00' );
insert into chi_tiet_don_hang (
   chi_tiet_don_hang_id,
   don_hang_id,
   san_pham_id,
   so_luong,
   don_gia,
   thanh_tien,
   ghi_chu,
   created_at,
   updated_at
) values ( 'CTDH2026002403',
           'DH20260024',
           'SP009',
           2,
           49000,
           98000,
           null,
           timestamp '2026-06-01 20:00:00',
           timestamp '2026-06-01 20:00:00' );
insert into chi_tiet_don_hang (
   chi_tiet_don_hang_id,
   don_hang_id,
   san_pham_id,
   so_luong,
   don_gia,
   thanh_tien,
   ghi_chu,
   created_at,
   updated_at
) values ( 'CTDH2026002404',
           'DH20260024',
           'SP002',
           3,
           32000,
           96000,
           null,
           timestamp '2026-06-01 20:00:00',
           timestamp '2026-06-01 20:00:00' );
insert into chi_tiet_don_hang (
   chi_tiet_don_hang_id,
   don_hang_id,
   san_pham_id,
   so_luong,
   don_gia,
   thanh_tien,
   ghi_chu,
   created_at,
   updated_at
) values ( 'CTDH2026002501',
           'DH20260025',
           'SP005',
           2,
           39000,
           78000,
           N'Ít đá',
           timestamp '2026-07-26 01:20:00',
           timestamp '2026-07-26 01:20:00' );
insert into chi_tiet_don_hang (
   chi_tiet_don_hang_id,
   don_hang_id,
   san_pham_id,
   so_luong,
   don_gia,
   thanh_tien,
   ghi_chu,
   created_at,
   updated_at
) values ( 'CTDH2026002502',
           'DH20260025',
           'SP009',
           2,
           49000,
           98000,
           N'Ít đường',
           timestamp '2026-07-26 01:20:00',
           timestamp '2026-07-26 01:20:00' );
insert into chi_tiet_don_hang (
   chi_tiet_don_hang_id,
   don_hang_id,
   san_pham_id,
   so_luong,
   don_gia,
   thanh_tien,
   ghi_chu,
   created_at,
   updated_at
) values ( 'CTDH2026002503',
           'DH20260025',
           'SP003',
           3,
           35000,
           105000,
           N'Ít đá',
           timestamp '2026-07-26 01:20:00',
           timestamp '2026-07-26 01:20:00' );
insert into chi_tiet_don_hang (
   chi_tiet_don_hang_id,
   don_hang_id,
   san_pham_id,
   so_luong,
   don_gia,
   thanh_tien,
   ghi_chu,
   created_at,
   updated_at
) values ( 'CTDH2026002504',
           'DH20260025',
           'SP001',
           2,
           29000,
           58000,
           null,
           timestamp '2026-07-26 01:20:00',
           timestamp '2026-07-26 01:20:00' );
insert into chi_tiet_don_hang (
   chi_tiet_don_hang_id,
   don_hang_id,
   san_pham_id,
   so_luong,
   don_gia,
   thanh_tien,
   ghi_chu,
   created_at,
   updated_at
) values ( 'CTDH2026002601',
           'DH20260026',
           'SP005',
           2,
           39000,
           78000,
           N'Không lấy topping',
           timestamp '2026-07-16 04:35:00',
           timestamp '2026-07-16 04:35:00' );
insert into chi_tiet_don_hang (
   chi_tiet_don_hang_id,
   don_hang_id,
   san_pham_id,
   so_luong,
   don_gia,
   thanh_tien,
   ghi_chu,
   created_at,
   updated_at
) values ( 'CTDH2026002602',
           'DH20260026',
           'SP001',
           1,
           29000,
           29000,
           N'Ít đường',
           timestamp '2026-07-16 04:35:00',
           timestamp '2026-07-16 04:35:00' );
insert into chi_tiet_don_hang (
   chi_tiet_don_hang_id,
   don_hang_id,
   san_pham_id,
   so_luong,
   don_gia,
   thanh_tien,
   ghi_chu,
   created_at,
   updated_at
) values ( 'CTDH2026002603',
           'DH20260026',
           'SP007',
           3,
           45000,
           135000,
           N'Ít đá',
           timestamp '2026-07-16 04:35:00',
           timestamp '2026-07-16 04:35:00' );
insert into chi_tiet_don_hang (
   chi_tiet_don_hang_id,
   don_hang_id,
   san_pham_id,
   so_luong,
   don_gia,
   thanh_tien,
   ghi_chu,
   created_at,
   updated_at
) values ( 'CTDH2026002701',
           'DH20260027',
           'SP002',
           2,
           32000,
           64000,
           N'Ít đá',
           timestamp '2026-06-26 00:25:00',
           timestamp '2026-06-26 00:25:00' );
insert into chi_tiet_don_hang (
   chi_tiet_don_hang_id,
   don_hang_id,
   san_pham_id,
   so_luong,
   don_gia,
   thanh_tien,
   ghi_chu,
   created_at,
   updated_at
) values ( 'CTDH2026002702',
           'DH20260027',
           'SP001',
           2,
           29000,
           58000,
           null,
           timestamp '2026-06-26 00:25:00',
           timestamp '2026-06-26 00:25:00' );
insert into chi_tiet_don_hang (
   chi_tiet_don_hang_id,
   don_hang_id,
   san_pham_id,
   so_luong,
   don_gia,
   thanh_tien,
   ghi_chu,
   created_at,
   updated_at
) values ( 'CTDH2026002801',
           'DH20260028',
           'SP009',
           1,
           49000,
           49000,
           null,
           timestamp '2026-06-08 05:20:00',
           timestamp '2026-06-08 05:20:00' );
insert into chi_tiet_don_hang (
   chi_tiet_don_hang_id,
   don_hang_id,
   san_pham_id,
   so_luong,
   don_gia,
   thanh_tien,
   ghi_chu,
   created_at,
   updated_at
) values ( 'CTDH2026002802',
           'DH20260028',
           'SP010',
           2,
           42000,
           84000,
           N'Ít đường',
           timestamp '2026-06-08 05:20:00',
           timestamp '2026-06-08 05:20:00' );
insert into chi_tiet_don_hang (
   chi_tiet_don_hang_id,
   don_hang_id,
   san_pham_id,
   so_luong,
   don_gia,
   thanh_tien,
   ghi_chu,
   created_at,
   updated_at
) values ( 'CTDH2026002803',
           'DH20260028',
           'SP005',
           2,
           39000,
           78000,
           null,
           timestamp '2026-06-08 05:20:00',
           timestamp '2026-06-08 05:20:00' );
insert into chi_tiet_don_hang (
   chi_tiet_don_hang_id,
   don_hang_id,
   san_pham_id,
   so_luong,
   don_gia,
   thanh_tien,
   ghi_chu,
   created_at,
   updated_at
) values ( 'CTDH2026002901',
           'DH20260029',
           'SP001',
           2,
           29000,
           58000,
           N'Ít đường',
           timestamp '2026-06-15 03:15:00',
           timestamp '2026-06-15 03:15:00' );
insert into chi_tiet_don_hang (
   chi_tiet_don_hang_id,
   don_hang_id,
   san_pham_id,
   so_luong,
   don_gia,
   thanh_tien,
   ghi_chu,
   created_at,
   updated_at
) values ( 'CTDH2026002902',
           'DH20260029',
           'SP005',
           3,
           39000,
           117000,
           N'Ít đá',
           timestamp '2026-06-15 03:15:00',
           timestamp '2026-06-15 03:15:00' );
insert into chi_tiet_don_hang (
   chi_tiet_don_hang_id,
   don_hang_id,
   san_pham_id,
   so_luong,
   don_gia,
   thanh_tien,
   ghi_chu,
   created_at,
   updated_at
) values ( 'CTDH2026002903',
           'DH20260029',
           'SP002',
           3,
           32000,
           96000,
           null,
           timestamp '2026-06-15 03:15:00',
           timestamp '2026-06-15 03:15:00' );
insert into chi_tiet_don_hang (
   chi_tiet_don_hang_id,
   don_hang_id,
   san_pham_id,
   so_luong,
   don_gia,
   thanh_tien,
   ghi_chu,
   created_at,
   updated_at
) values ( 'CTDH2026002904',
           'DH20260029',
           'SP004',
           3,
           42000,
           126000,
           null,
           timestamp '2026-06-15 03:15:00',
           timestamp '2026-06-15 03:15:00' );
insert into chi_tiet_don_hang (
   chi_tiet_don_hang_id,
   don_hang_id,
   san_pham_id,
   so_luong,
   don_gia,
   thanh_tien,
   ghi_chu,
   created_at,
   updated_at
) values ( 'CTDH2026003001',
           'DH20260030',
           'SP005',
           1,
           39000,
           39000,
           null,
           timestamp '2026-07-26 15:45:00',
           timestamp '2026-07-26 15:45:00' );
insert into chi_tiet_don_hang (
   chi_tiet_don_hang_id,
   don_hang_id,
   san_pham_id,
   so_luong,
   don_gia,
   thanh_tien,
   ghi_chu,
   created_at,
   updated_at
) values ( 'CTDH2026003002',
           'DH20260030',
           'SP007',
           1,
           45000,
           45000,
           N'Không lấy topping',
           timestamp '2026-07-26 15:45:00',
           timestamp '2026-07-26 15:45:00' );
insert into chi_tiet_don_hang (
   chi_tiet_don_hang_id,
   don_hang_id,
   san_pham_id,
   so_luong,
   don_gia,
   thanh_tien,
   ghi_chu,
   created_at,
   updated_at
) values ( 'CTDH2026003003',
           'DH20260030',
           'SP002',
           2,
           32000,
           64000,
           null,
           timestamp '2026-07-26 15:45:00',
           timestamp '2026-07-26 15:45:00' );
insert into chi_tiet_don_hang (
   chi_tiet_don_hang_id,
   don_hang_id,
   san_pham_id,
   so_luong,
   don_gia,
   thanh_tien,
   ghi_chu,
   created_at,
   updated_at
) values ( 'CTDH2026003004',
           'DH20260030',
           'SP008',
           2,
           38000,
           76000,
           N'Ít đường',
           timestamp '2026-07-26 15:45:00',
           timestamp '2026-07-26 15:45:00' );
insert into chi_tiet_don_hang (
   chi_tiet_don_hang_id,
   don_hang_id,
   san_pham_id,
   so_luong,
   don_gia,
   thanh_tien,
   ghi_chu,
   created_at,
   updated_at
) values ( 'CTDH2026003101',
           'DH20260031',
           'SP008',
           3,
           38000,
           114000,
           null,
           timestamp '2026-07-24 20:50:00',
           timestamp '2026-07-24 20:50:00' );
insert into chi_tiet_don_hang (
   chi_tiet_don_hang_id,
   don_hang_id,
   san_pham_id,
   so_luong,
   don_gia,
   thanh_tien,
   ghi_chu,
   created_at,
   updated_at
) values ( 'CTDH2026003201',
           'DH20260032',
           'SP009',
           2,
           49000,
           98000,
           null,
           timestamp '2026-07-13 18:35:00',
           timestamp '2026-07-13 18:35:00' );
insert into chi_tiet_don_hang (
   chi_tiet_don_hang_id,
   don_hang_id,
   san_pham_id,
   so_luong,
   don_gia,
   thanh_tien,
   ghi_chu,
   created_at,
   updated_at
) values ( 'CTDH2026003202',
           'DH20260032',
           'SP006',
           2,
           43000,
           86000,
           null,
           timestamp '2026-07-13 18:35:00',
           timestamp '2026-07-13 18:35:00' );
insert into chi_tiet_don_hang (
   chi_tiet_don_hang_id,
   don_hang_id,
   san_pham_id,
   so_luong,
   don_gia,
   thanh_tien,
   ghi_chu,
   created_at,
   updated_at
) values ( 'CTDH2026003203',
           'DH20260032',
           'SP001',
           1,
           29000,
           29000,
           N'Không lấy topping',
           timestamp '2026-07-13 18:35:00',
           timestamp '2026-07-13 18:35:00' );
insert into chi_tiet_don_hang (
   chi_tiet_don_hang_id,
   don_hang_id,
   san_pham_id,
   so_luong,
   don_gia,
   thanh_tien,
   ghi_chu,
   created_at,
   updated_at
) values ( 'CTDH2026003301',
           'DH20260033',
           'SP010',
           1,
           42000,
           42000,
           null,
           timestamp '2026-05-29 15:25:00',
           timestamp '2026-05-29 15:25:00' );
insert into chi_tiet_don_hang (
   chi_tiet_don_hang_id,
   don_hang_id,
   san_pham_id,
   so_luong,
   don_gia,
   thanh_tien,
   ghi_chu,
   created_at,
   updated_at
) values ( 'CTDH2026003302',
           'DH20260033',
           'SP004',
           2,
           42000,
           84000,
           N'Ít đá',
           timestamp '2026-05-29 15:25:00',
           timestamp '2026-05-29 15:25:00' );
insert into chi_tiet_don_hang (
   chi_tiet_don_hang_id,
   don_hang_id,
   san_pham_id,
   so_luong,
   don_gia,
   thanh_tien,
   ghi_chu,
   created_at,
   updated_at
) values ( 'CTDH2026003401',
           'DH20260034',
           'SP003',
           1,
           35000,
           35000,
           N'Không lấy topping',
           timestamp '2026-06-14 17:40:00',
           timestamp '2026-06-14 17:40:00' );
insert into chi_tiet_don_hang (
   chi_tiet_don_hang_id,
   don_hang_id,
   san_pham_id,
   so_luong,
   don_gia,
   thanh_tien,
   ghi_chu,
   created_at,
   updated_at
) values ( 'CTDH2026003501',
           'DH20260035',
           'SP002',
           2,
           32000,
           64000,
           N'Không lấy topping',
           timestamp '2026-07-07 15:10:00',
           timestamp '2026-07-07 15:10:00' );
insert into chi_tiet_don_hang (
   chi_tiet_don_hang_id,
   don_hang_id,
   san_pham_id,
   so_luong,
   don_gia,
   thanh_tien,
   ghi_chu,
   created_at,
   updated_at
) values ( 'CTDH2026003601',
           'DH20260036',
           'SP008',
           2,
           38000,
           76000,
           N'Ít đường',
           timestamp '2026-06-09 22:40:00',
           timestamp '2026-06-09 22:40:00' );
insert into chi_tiet_don_hang (
   chi_tiet_don_hang_id,
   don_hang_id,
   san_pham_id,
   so_luong,
   don_gia,
   thanh_tien,
   ghi_chu,
   created_at,
   updated_at
) values ( 'CTDH2026003602',
           'DH20260036',
           'SP001',
           2,
           29000,
           58000,
           N'Ít đường',
           timestamp '2026-06-09 22:40:00',
           timestamp '2026-06-09 22:40:00' );
insert into chi_tiet_don_hang (
   chi_tiet_don_hang_id,
   don_hang_id,
   san_pham_id,
   so_luong,
   don_gia,
   thanh_tien,
   ghi_chu,
   created_at,
   updated_at
) values ( 'CTDH2026003603',
           'DH20260036',
           'SP009',
           2,
           49000,
           98000,
           null,
           timestamp '2026-06-09 22:40:00',
           timestamp '2026-06-09 22:40:00' );
insert into chi_tiet_don_hang (
   chi_tiet_don_hang_id,
   don_hang_id,
   san_pham_id,
   so_luong,
   don_gia,
   thanh_tien,
   ghi_chu,
   created_at,
   updated_at
) values ( 'CTDH2026003701',
           'DH20260037',
           'SP007',
           2,
           45000,
           90000,
           null,
           timestamp '2026-06-06 20:45:00',
           timestamp '2026-06-06 20:45:00' );
insert into chi_tiet_don_hang (
   chi_tiet_don_hang_id,
   don_hang_id,
   san_pham_id,
   so_luong,
   don_gia,
   thanh_tien,
   ghi_chu,
   created_at,
   updated_at
) values ( 'CTDH2026003702',
           'DH20260037',
           'SP009',
           3,
           49000,
           147000,
           N'Không lấy topping',
           timestamp '2026-06-06 20:45:00',
           timestamp '2026-06-06 20:45:00' );
insert into chi_tiet_don_hang (
   chi_tiet_don_hang_id,
   don_hang_id,
   san_pham_id,
   so_luong,
   don_gia,
   thanh_tien,
   ghi_chu,
   created_at,
   updated_at
) values ( 'CTDH2026003703',
           'DH20260037',
           'SP005',
           3,
           39000,
           117000,
           null,
           timestamp '2026-06-06 20:45:00',
           timestamp '2026-06-06 20:45:00' );
insert into chi_tiet_don_hang (
   chi_tiet_don_hang_id,
   don_hang_id,
   san_pham_id,
   so_luong,
   don_gia,
   thanh_tien,
   ghi_chu,
   created_at,
   updated_at
) values ( 'CTDH2026003801',
           'DH20260038',
           'SP006',
           2,
           43000,
           86000,
           N'Ít đá',
           timestamp '2026-07-21 22:15:00',
           timestamp '2026-07-21 22:15:00' );
insert into chi_tiet_don_hang (
   chi_tiet_don_hang_id,
   don_hang_id,
   san_pham_id,
   so_luong,
   don_gia,
   thanh_tien,
   ghi_chu,
   created_at,
   updated_at
) values ( 'CTDH2026003901',
           'DH20260039',
           'SP002',
           1,
           32000,
           32000,
           N'Ít đường',
           timestamp '2026-06-16 01:35:00',
           timestamp '2026-06-16 01:35:00' );
insert into chi_tiet_don_hang (
   chi_tiet_don_hang_id,
   don_hang_id,
   san_pham_id,
   so_luong,
   don_gia,
   thanh_tien,
   ghi_chu,
   created_at,
   updated_at
) values ( 'CTDH2026003902',
           'DH20260039',
           'SP006',
           3,
           43000,
           129000,
           N'Ít đá',
           timestamp '2026-06-16 01:35:00',
           timestamp '2026-06-16 01:35:00' );
insert into chi_tiet_don_hang (
   chi_tiet_don_hang_id,
   don_hang_id,
   san_pham_id,
   so_luong,
   don_gia,
   thanh_tien,
   ghi_chu,
   created_at,
   updated_at
) values ( 'CTDH2026003903',
           'DH20260039',
           'SP003',
           3,
           35000,
           105000,
           N'Ít đường',
           timestamp '2026-06-16 01:35:00',
           timestamp '2026-06-16 01:35:00' );
insert into chi_tiet_don_hang (
   chi_tiet_don_hang_id,
   don_hang_id,
   san_pham_id,
   so_luong,
   don_gia,
   thanh_tien,
   ghi_chu,
   created_at,
   updated_at
) values ( 'CTDH2026003904',
           'DH20260039',
           'SP005',
           3,
           39000,
           117000,
           null,
           timestamp '2026-06-16 01:35:00',
           timestamp '2026-06-16 01:35:00' );
insert into chi_tiet_don_hang (
   chi_tiet_don_hang_id,
   don_hang_id,
   san_pham_id,
   so_luong,
   don_gia,
   thanh_tien,
   ghi_chu,
   created_at,
   updated_at
) values ( 'CTDH2026004001',
           'DH20260040',
           'SP008',
           1,
           38000,
           38000,
           null,
           timestamp '2026-07-03 00:20:00',
           timestamp '2026-07-03 00:20:00' );
insert into chi_tiet_don_hang (
   chi_tiet_don_hang_id,
   don_hang_id,
   san_pham_id,
   so_luong,
   don_gia,
   thanh_tien,
   ghi_chu,
   created_at,
   updated_at
) values ( 'CTDH2026004002',
           'DH20260040',
           'SP004',
           2,
           42000,
           84000,
           N'Ít đá',
           timestamp '2026-07-03 00:20:00',
           timestamp '2026-07-03 00:20:00' );
insert into chi_tiet_don_hang (
   chi_tiet_don_hang_id,
   don_hang_id,
   san_pham_id,
   so_luong,
   don_gia,
   thanh_tien,
   ghi_chu,
   created_at,
   updated_at
) values ( 'CTDH2026004101',
           'DH20260041',
           'SP006',
           1,
           43000,
           43000,
           null,
           timestamp '2026-06-25 03:30:00',
           timestamp '2026-06-25 03:30:00' );
insert into chi_tiet_don_hang (
   chi_tiet_don_hang_id,
   don_hang_id,
   san_pham_id,
   so_luong,
   don_gia,
   thanh_tien,
   ghi_chu,
   created_at,
   updated_at
) values ( 'CTDH2026004102',
           'DH20260041',
           'SP010',
           1,
           42000,
           42000,
           null,
           timestamp '2026-06-25 03:30:00',
           timestamp '2026-06-25 03:30:00' );
insert into chi_tiet_don_hang (
   chi_tiet_don_hang_id,
   don_hang_id,
   san_pham_id,
   so_luong,
   don_gia,
   thanh_tien,
   ghi_chu,
   created_at,
   updated_at
) values ( 'CTDH2026004103',
           'DH20260041',
           'SP001',
           3,
           29000,
           87000,
           null,
           timestamp '2026-06-25 03:30:00',
           timestamp '2026-06-25 03:30:00' );
insert into chi_tiet_don_hang (
   chi_tiet_don_hang_id,
   don_hang_id,
   san_pham_id,
   so_luong,
   don_gia,
   thanh_tien,
   ghi_chu,
   created_at,
   updated_at
) values ( 'CTDH2026004201',
           'DH20260042',
           'SP005',
           1,
           39000,
           39000,
           null,
           timestamp '2026-06-08 02:40:00',
           timestamp '2026-06-08 02:40:00' );
insert into chi_tiet_don_hang (
   chi_tiet_don_hang_id,
   don_hang_id,
   san_pham_id,
   so_luong,
   don_gia,
   thanh_tien,
   ghi_chu,
   created_at,
   updated_at
) values ( 'CTDH2026004202',
           'DH20260042',
           'SP006',
           1,
           43000,
           43000,
           N'Ít đá',
           timestamp '2026-06-08 02:40:00',
           timestamp '2026-06-08 02:40:00' );
insert into chi_tiet_don_hang (
   chi_tiet_don_hang_id,
   don_hang_id,
   san_pham_id,
   so_luong,
   don_gia,
   thanh_tien,
   ghi_chu,
   created_at,
   updated_at
) values ( 'CTDH2026004203',
           'DH20260042',
           'SP002',
           1,
           32000,
           32000,
           N'Ít đường',
           timestamp '2026-06-08 02:40:00',
           timestamp '2026-06-08 02:40:00' );
insert into chi_tiet_don_hang (
   chi_tiet_don_hang_id,
   don_hang_id,
   san_pham_id,
   so_luong,
   don_gia,
   thanh_tien,
   ghi_chu,
   created_at,
   updated_at
) values ( 'CTDH2026004301',
           'DH20260043',
           'SP006',
           2,
           43000,
           86000,
           N'Không lấy topping',
           timestamp '2026-07-20 22:45:00',
           timestamp '2026-07-20 22:45:00' );
insert into chi_tiet_don_hang (
   chi_tiet_don_hang_id,
   don_hang_id,
   san_pham_id,
   so_luong,
   don_gia,
   thanh_tien,
   ghi_chu,
   created_at,
   updated_at
) values ( 'CTDH2026004401',
           'DH20260044',
           'SP001',
           1,
           29000,
           29000,
           null,
           timestamp '2026-07-28 23:50:00',
           timestamp '2026-07-28 23:50:00' );
insert into chi_tiet_don_hang (
   chi_tiet_don_hang_id,
   don_hang_id,
   san_pham_id,
   so_luong,
   don_gia,
   thanh_tien,
   ghi_chu,
   created_at,
   updated_at
) values ( 'CTDH2026004501',
           'DH20260045',
           'SP003',
           3,
           35000,
           105000,
           N'Không lấy topping',
           timestamp '2026-06-28 19:25:00',
           timestamp '2026-06-28 19:25:00' );
insert into chi_tiet_don_hang (
   chi_tiet_don_hang_id,
   don_hang_id,
   san_pham_id,
   so_luong,
   don_gia,
   thanh_tien,
   ghi_chu,
   created_at,
   updated_at
) values ( 'CTDH2026004502',
           'DH20260045',
           'SP007',
           3,
           45000,
           135000,
           N'Ít đá',
           timestamp '2026-06-28 19:25:00',
           timestamp '2026-06-28 19:25:00' );
insert into chi_tiet_don_hang (
   chi_tiet_don_hang_id,
   don_hang_id,
   san_pham_id,
   so_luong,
   don_gia,
   thanh_tien,
   ghi_chu,
   created_at,
   updated_at
) values ( 'CTDH2026004601',
           'DH20260046',
           'SP010',
           3,
           42000,
           126000,
           N'Ít đường',
           timestamp '2026-06-05 21:55:00',
           timestamp '2026-06-05 21:55:00' );
insert into chi_tiet_don_hang (
   chi_tiet_don_hang_id,
   don_hang_id,
   san_pham_id,
   so_luong,
   don_gia,
   thanh_tien,
   ghi_chu,
   created_at,
   updated_at
) values ( 'CTDH2026004602',
           'DH20260046',
           'SP007',
           3,
           45000,
           135000,
           null,
           timestamp '2026-06-05 21:55:00',
           timestamp '2026-06-05 21:55:00' );
insert into chi_tiet_don_hang (
   chi_tiet_don_hang_id,
   don_hang_id,
   san_pham_id,
   so_luong,
   don_gia,
   thanh_tien,
   ghi_chu,
   created_at,
   updated_at
) values ( 'CTDH2026004603',
           'DH20260046',
           'SP009',
           2,
           49000,
           98000,
           N'Ít đá',
           timestamp '2026-06-05 21:55:00',
           timestamp '2026-06-05 21:55:00' );
insert into chi_tiet_don_hang (
   chi_tiet_don_hang_id,
   don_hang_id,
   san_pham_id,
   so_luong,
   don_gia,
   thanh_tien,
   ghi_chu,
   created_at,
   updated_at
) values ( 'CTDH2026004701',
           'DH20260047',
           'SP004',
           2,
           42000,
           84000,
           N'Không lấy topping',
           timestamp '2026-06-18 03:45:00',
           timestamp '2026-06-18 03:45:00' );
insert into chi_tiet_don_hang (
   chi_tiet_don_hang_id,
   don_hang_id,
   san_pham_id,
   so_luong,
   don_gia,
   thanh_tien,
   ghi_chu,
   created_at,
   updated_at
) values ( 'CTDH2026004801',
           'DH20260048',
           'SP009',
           3,
           49000,
           147000,
           N'Ít đá',
           timestamp '2026-06-06 21:20:00',
           timestamp '2026-06-06 21:20:00' );
insert into chi_tiet_don_hang (
   chi_tiet_don_hang_id,
   don_hang_id,
   san_pham_id,
   so_luong,
   don_gia,
   thanh_tien,
   ghi_chu,
   created_at,
   updated_at
) values ( 'CTDH2026004901',
           'DH20260049',
           'SP003',
           3,
           35000,
           105000,
           N'Không lấy topping',
           timestamp '2026-06-14 18:05:00',
           timestamp '2026-06-14 18:05:00' );
insert into chi_tiet_don_hang (
   chi_tiet_don_hang_id,
   don_hang_id,
   san_pham_id,
   so_luong,
   don_gia,
   thanh_tien,
   ghi_chu,
   created_at,
   updated_at
) values ( 'CTDH2026005001',
           'DH20260050',
           'SP008',
           2,
           38000,
           76000,
           N'Ít đá',
           timestamp '2026-07-24 01:45:00',
           timestamp '2026-07-24 01:45:00' );
insert into chi_tiet_don_hang (
   chi_tiet_don_hang_id,
   don_hang_id,
   san_pham_id,
   so_luong,
   don_gia,
   thanh_tien,
   ghi_chu,
   created_at,
   updated_at
) values ( 'CTDH2026005101',
           'DH20260051',
           'SP002',
           2,
           32000,
           64000,
           N'Ít đường',
           timestamp '2026-06-03 20:40:00',
           timestamp '2026-06-03 20:40:00' );
insert into chi_tiet_don_hang (
   chi_tiet_don_hang_id,
   don_hang_id,
   san_pham_id,
   so_luong,
   don_gia,
   thanh_tien,
   ghi_chu,
   created_at,
   updated_at
) values ( 'CTDH2026005102',
           'DH20260051',
           'SP010',
           3,
           42000,
           126000,
           N'Không lấy topping',
           timestamp '2026-06-03 20:40:00',
           timestamp '2026-06-03 20:40:00' );
insert into chi_tiet_don_hang (
   chi_tiet_don_hang_id,
   don_hang_id,
   san_pham_id,
   so_luong,
   don_gia,
   thanh_tien,
   ghi_chu,
   created_at,
   updated_at
) values ( 'CTDH2026005103',
           'DH20260051',
           'SP007',
           3,
           45000,
           135000,
           null,
           timestamp '2026-06-03 20:40:00',
           timestamp '2026-06-03 20:40:00' );
insert into chi_tiet_don_hang (
   chi_tiet_don_hang_id,
   don_hang_id,
   san_pham_id,
   so_luong,
   don_gia,
   thanh_tien,
   ghi_chu,
   created_at,
   updated_at
) values ( 'CTDH2026005201',
           'DH20260052',
           'SP002',
           1,
           32000,
           32000,
           N'Không lấy topping',
           timestamp '2026-07-08 00:35:00',
           timestamp '2026-07-08 00:35:00' );
insert into chi_tiet_don_hang (
   chi_tiet_don_hang_id,
   don_hang_id,
   san_pham_id,
   so_luong,
   don_gia,
   thanh_tien,
   ghi_chu,
   created_at,
   updated_at
) values ( 'CTDH2026005202',
           'DH20260052',
           'SP009',
           1,
           49000,
           49000,
           N'Không lấy topping',
           timestamp '2026-07-08 00:35:00',
           timestamp '2026-07-08 00:35:00' );
insert into chi_tiet_don_hang (
   chi_tiet_don_hang_id,
   don_hang_id,
   san_pham_id,
   so_luong,
   don_gia,
   thanh_tien,
   ghi_chu,
   created_at,
   updated_at
) values ( 'CTDH2026005203',
           'DH20260052',
           'SP003',
           3,
           35000,
           105000,
           N'Không lấy topping',
           timestamp '2026-07-08 00:35:00',
           timestamp '2026-07-08 00:35:00' );
insert into chi_tiet_don_hang (
   chi_tiet_don_hang_id,
   don_hang_id,
   san_pham_id,
   so_luong,
   don_gia,
   thanh_tien,
   ghi_chu,
   created_at,
   updated_at
) values ( 'CTDH2026005301',
           'DH20260053',
           'SP006',
           1,
           43000,
           43000,
           N'Không lấy topping',
           timestamp '2026-06-16 20:25:00',
           timestamp '2026-06-16 20:25:00' );
insert into chi_tiet_don_hang (
   chi_tiet_don_hang_id,
   don_hang_id,
   san_pham_id,
   so_luong,
   don_gia,
   thanh_tien,
   ghi_chu,
   created_at,
   updated_at
) values ( 'CTDH2026005401',
           'DH20260054',
           'SP005',
           3,
           39000,
           117000,
           N'Ít đường',
           timestamp '2026-07-15 19:20:00',
           timestamp '2026-07-15 19:20:00' );
insert into chi_tiet_don_hang (
   chi_tiet_don_hang_id,
   don_hang_id,
   san_pham_id,
   so_luong,
   don_gia,
   thanh_tien,
   ghi_chu,
   created_at,
   updated_at
) values ( 'CTDH2026005402',
           'DH20260054',
           'SP007',
           3,
           45000,
           135000,
           N'Ít đá',
           timestamp '2026-07-15 19:20:00',
           timestamp '2026-07-15 19:20:00' );
insert into chi_tiet_don_hang (
   chi_tiet_don_hang_id,
   don_hang_id,
   san_pham_id,
   so_luong,
   don_gia,
   thanh_tien,
   ghi_chu,
   created_at,
   updated_at
) values ( 'CTDH2026005403',
           'DH20260054',
           'SP003',
           1,
           35000,
           35000,
           null,
           timestamp '2026-07-15 19:20:00',
           timestamp '2026-07-15 19:20:00' );
insert into chi_tiet_don_hang (
   chi_tiet_don_hang_id,
   don_hang_id,
   san_pham_id,
   so_luong,
   don_gia,
   thanh_tien,
   ghi_chu,
   created_at,
   updated_at
) values ( 'CTDH2026005501',
           'DH20260055',
           'SP004',
           2,
           42000,
           84000,
           null,
           timestamp '2026-08-02 16:50:00',
           timestamp '2026-08-02 16:50:00' );
insert into chi_tiet_don_hang (
   chi_tiet_don_hang_id,
   don_hang_id,
   san_pham_id,
   so_luong,
   don_gia,
   thanh_tien,
   ghi_chu,
   created_at,
   updated_at
) values ( 'CTDH2026005502',
           'DH20260055',
           'SP006',
           1,
           43000,
           43000,
           null,
           timestamp '2026-08-02 16:50:00',
           timestamp '2026-08-02 16:50:00' );
insert into chi_tiet_don_hang (
   chi_tiet_don_hang_id,
   don_hang_id,
   san_pham_id,
   so_luong,
   don_gia,
   thanh_tien,
   ghi_chu,
   created_at,
   updated_at
) values ( 'CTDH2026005601',
           'DH20260056',
           'SP003',
           3,
           35000,
           105000,
           N'Ít đường',
           timestamp '2026-07-04 04:05:00',
           timestamp '2026-07-04 04:05:00' );
insert into chi_tiet_don_hang (
   chi_tiet_don_hang_id,
   don_hang_id,
   san_pham_id,
   so_luong,
   don_gia,
   thanh_tien,
   ghi_chu,
   created_at,
   updated_at
) values ( 'CTDH2026005602',
           'DH20260056',
           'SP010',
           3,
           42000,
           126000,
           N'Ít đá',
           timestamp '2026-07-04 04:05:00',
           timestamp '2026-07-04 04:05:00' );
insert into chi_tiet_don_hang (
   chi_tiet_don_hang_id,
   don_hang_id,
   san_pham_id,
   so_luong,
   don_gia,
   thanh_tien,
   ghi_chu,
   created_at,
   updated_at
) values ( 'CTDH2026005603',
           'DH20260056',
           'SP009',
           1,
           49000,
           49000,
           null,
           timestamp '2026-07-04 04:05:00',
           timestamp '2026-07-04 04:05:00' );
insert into chi_tiet_don_hang (
   chi_tiet_don_hang_id,
   don_hang_id,
   san_pham_id,
   so_luong,
   don_gia,
   thanh_tien,
   ghi_chu,
   created_at,
   updated_at
) values ( 'CTDH2026005604',
           'DH20260056',
           'SP007',
           3,
           45000,
           135000,
           N'Ít đường',
           timestamp '2026-07-04 04:05:00',
           timestamp '2026-07-04 04:05:00' );
insert into chi_tiet_don_hang (
   chi_tiet_don_hang_id,
   don_hang_id,
   san_pham_id,
   so_luong,
   don_gia,
   thanh_tien,
   ghi_chu,
   created_at,
   updated_at
) values ( 'CTDH2026005701',
           'DH20260057',
           'SP004',
           2,
           42000,
           84000,
           null,
           timestamp '2026-07-03 03:55:00',
           timestamp '2026-07-03 03:55:00' );
insert into chi_tiet_don_hang (
   chi_tiet_don_hang_id,
   don_hang_id,
   san_pham_id,
   so_luong,
   don_gia,
   thanh_tien,
   ghi_chu,
   created_at,
   updated_at
) values ( 'CTDH2026005702',
           'DH20260057',
           'SP006',
           2,
           43000,
           86000,
           N'Không lấy topping',
           timestamp '2026-07-03 03:55:00',
           timestamp '2026-07-03 03:55:00' );
insert into chi_tiet_don_hang (
   chi_tiet_don_hang_id,
   don_hang_id,
   san_pham_id,
   so_luong,
   don_gia,
   thanh_tien,
   ghi_chu,
   created_at,
   updated_at
) values ( 'CTDH2026005703',
           'DH20260057',
           'SP008',
           3,
           38000,
           114000,
           null,
           timestamp '2026-07-03 03:55:00',
           timestamp '2026-07-03 03:55:00' );
insert into chi_tiet_don_hang (
   chi_tiet_don_hang_id,
   don_hang_id,
   san_pham_id,
   so_luong,
   don_gia,
   thanh_tien,
   ghi_chu,
   created_at,
   updated_at
) values ( 'CTDH2026005704',
           'DH20260057',
           'SP010',
           3,
           42000,
           126000,
           N'Ít đá',
           timestamp '2026-07-03 03:55:00',
           timestamp '2026-07-03 03:55:00' );
insert into chi_tiet_don_hang (
   chi_tiet_don_hang_id,
   don_hang_id,
   san_pham_id,
   so_luong,
   don_gia,
   thanh_tien,
   ghi_chu,
   created_at,
   updated_at
) values ( 'CTDH2026005801',
           'DH20260058',
           'SP005',
           1,
           39000,
           39000,
           N'Ít đường',
           timestamp '2026-06-03 01:35:00',
           timestamp '2026-06-03 01:35:00' );
insert into chi_tiet_don_hang (
   chi_tiet_don_hang_id,
   don_hang_id,
   san_pham_id,
   so_luong,
   don_gia,
   thanh_tien,
   ghi_chu,
   created_at,
   updated_at
) values ( 'CTDH2026005901',
           'DH20260059',
           'SP001',
           2,
           29000,
           58000,
           null,
           timestamp '2026-07-31 17:30:00',
           timestamp '2026-07-31 17:30:00' );
insert into chi_tiet_don_hang (
   chi_tiet_don_hang_id,
   don_hang_id,
   san_pham_id,
   so_luong,
   don_gia,
   thanh_tien,
   ghi_chu,
   created_at,
   updated_at
) values ( 'CTDH2026005902',
           'DH20260059',
           'SP007',
           3,
           45000,
           135000,
           N'Ít đá',
           timestamp '2026-07-31 17:30:00',
           timestamp '2026-07-31 17:30:00' );
insert into chi_tiet_don_hang (
   chi_tiet_don_hang_id,
   don_hang_id,
   san_pham_id,
   so_luong,
   don_gia,
   thanh_tien,
   ghi_chu,
   created_at,
   updated_at
) values ( 'CTDH2026005903',
           'DH20260059',
           'SP010',
           2,
           42000,
           84000,
           null,
           timestamp '2026-07-31 17:30:00',
           timestamp '2026-07-31 17:30:00' );
insert into chi_tiet_don_hang (
   chi_tiet_don_hang_id,
   don_hang_id,
   san_pham_id,
   so_luong,
   don_gia,
   thanh_tien,
   ghi_chu,
   created_at,
   updated_at
) values ( 'CTDH2026006001',
           'DH20260060',
           'SP003',
           1,
           35000,
           35000,
           null,
           timestamp '2026-05-30 20:05:00',
           timestamp '2026-05-30 20:05:00' );
insert into chi_tiet_don_hang (
   chi_tiet_don_hang_id,
   don_hang_id,
   san_pham_id,
   so_luong,
   don_gia,
   thanh_tien,
   ghi_chu,
   created_at,
   updated_at
) values ( 'CTDH2026006002',
           'DH20260060',
           'SP008',
           1,
           38000,
           38000,
           N'Không lấy topping',
           timestamp '2026-05-30 20:05:00',
           timestamp '2026-05-30 20:05:00' );
insert into chi_tiet_don_hang (
   chi_tiet_don_hang_id,
   don_hang_id,
   san_pham_id,
   so_luong,
   don_gia,
   thanh_tien,
   ghi_chu,
   created_at,
   updated_at
) values ( 'CTDH2026006003',
           'DH20260060',
           'SP009',
           1,
           49000,
           49000,
           N'Không lấy topping',
           timestamp '2026-05-30 20:05:00',
           timestamp '2026-05-30 20:05:00' );
insert into chi_tiet_don_hang (
   chi_tiet_don_hang_id,
   don_hang_id,
   san_pham_id,
   so_luong,
   don_gia,
   thanh_tien,
   ghi_chu,
   created_at,
   updated_at
) values ( 'CTDH2026006004',
           'DH20260060',
           'SP005',
           2,
           39000,
           78000,
           N'Không lấy topping',
           timestamp '2026-05-30 20:05:00',
           timestamp '2026-05-30 20:05:00' );
insert into chi_tiet_don_hang (
   chi_tiet_don_hang_id,
   don_hang_id,
   san_pham_id,
   so_luong,
   don_gia,
   thanh_tien,
   ghi_chu,
   created_at,
   updated_at
) values ( 'CTDH2026006101',
           'DH20260061',
           'SP002',
           3,
           32000,
           96000,
           null,
           timestamp '2026-07-20 16:20:00',
           timestamp '2026-07-20 16:20:00' );
insert into chi_tiet_don_hang (
   chi_tiet_don_hang_id,
   don_hang_id,
   san_pham_id,
   so_luong,
   don_gia,
   thanh_tien,
   ghi_chu,
   created_at,
   updated_at
) values ( 'CTDH2026006102',
           'DH20260061',
           'SP010',
           1,
           42000,
           42000,
           N'Ít đá',
           timestamp '2026-07-20 16:20:00',
           timestamp '2026-07-20 16:20:00' );
insert into chi_tiet_don_hang (
   chi_tiet_don_hang_id,
   don_hang_id,
   san_pham_id,
   so_luong,
   don_gia,
   thanh_tien,
   ghi_chu,
   created_at,
   updated_at
) values ( 'CTDH2026006103',
           'DH20260061',
           'SP008',
           3,
           38000,
           114000,
           N'Ít đường',
           timestamp '2026-07-20 16:20:00',
           timestamp '2026-07-20 16:20:00' );
insert into chi_tiet_don_hang (
   chi_tiet_don_hang_id,
   don_hang_id,
   san_pham_id,
   so_luong,
   don_gia,
   thanh_tien,
   ghi_chu,
   created_at,
   updated_at
) values ( 'CTDH2026006104',
           'DH20260061',
           'SP005',
           3,
           39000,
           117000,
           null,
           timestamp '2026-07-20 16:20:00',
           timestamp '2026-07-20 16:20:00' );
insert into chi_tiet_don_hang (
   chi_tiet_don_hang_id,
   don_hang_id,
   san_pham_id,
   so_luong,
   don_gia,
   thanh_tien,
   ghi_chu,
   created_at,
   updated_at
) values ( 'CTDH2026006201',
           'DH20260062',
           'SP002',
           2,
           32000,
           64000,
           N'Ít đá',
           timestamp '2026-07-11 18:45:00',
           timestamp '2026-07-11 18:45:00' );
insert into chi_tiet_don_hang (
   chi_tiet_don_hang_id,
   don_hang_id,
   san_pham_id,
   so_luong,
   don_gia,
   thanh_tien,
   ghi_chu,
   created_at,
   updated_at
) values ( 'CTDH2026006202',
           'DH20260062',
           'SP009',
           2,
           49000,
           98000,
           N'Ít đá',
           timestamp '2026-07-11 18:45:00',
           timestamp '2026-07-11 18:45:00' );
insert into chi_tiet_don_hang (
   chi_tiet_don_hang_id,
   don_hang_id,
   san_pham_id,
   so_luong,
   don_gia,
   thanh_tien,
   ghi_chu,
   created_at,
   updated_at
) values ( 'CTDH2026006203',
           'DH20260062',
           'SP001',
           1,
           29000,
           29000,
           null,
           timestamp '2026-07-11 18:45:00',
           timestamp '2026-07-11 18:45:00' );
insert into chi_tiet_don_hang (
   chi_tiet_don_hang_id,
   don_hang_id,
   san_pham_id,
   so_luong,
   don_gia,
   thanh_tien,
   ghi_chu,
   created_at,
   updated_at
) values ( 'CTDH2026006301',
           'DH20260063',
           'SP003',
           3,
           35000,
           105000,
           N'Ít đường',
           timestamp '2026-07-12 03:05:00',
           timestamp '2026-07-12 03:05:00' );
insert into chi_tiet_don_hang (
   chi_tiet_don_hang_id,
   don_hang_id,
   san_pham_id,
   so_luong,
   don_gia,
   thanh_tien,
   ghi_chu,
   created_at,
   updated_at
) values ( 'CTDH2026006302',
           'DH20260063',
           'SP001',
           2,
           29000,
           58000,
           null,
           timestamp '2026-07-12 03:05:00',
           timestamp '2026-07-12 03:05:00' );
insert into chi_tiet_don_hang (
   chi_tiet_don_hang_id,
   don_hang_id,
   san_pham_id,
   so_luong,
   don_gia,
   thanh_tien,
   ghi_chu,
   created_at,
   updated_at
) values ( 'CTDH2026006303',
           'DH20260063',
           'SP006',
           3,
           43000,
           129000,
           null,
           timestamp '2026-07-12 03:05:00',
           timestamp '2026-07-12 03:05:00' );
insert into chi_tiet_don_hang (
   chi_tiet_don_hang_id,
   don_hang_id,
   san_pham_id,
   so_luong,
   don_gia,
   thanh_tien,
   ghi_chu,
   created_at,
   updated_at
) values ( 'CTDH2026006401',
           'DH20260064',
           'SP006',
           2,
           43000,
           86000,
           N'Không lấy topping',
           timestamp '2026-06-05 02:35:00',
           timestamp '2026-06-05 02:35:00' );
insert into chi_tiet_don_hang (
   chi_tiet_don_hang_id,
   don_hang_id,
   san_pham_id,
   so_luong,
   don_gia,
   thanh_tien,
   ghi_chu,
   created_at,
   updated_at
) values ( 'CTDH2026006501',
           'DH20260065',
           'SP005',
           2,
           39000,
           78000,
           N'Ít đá',
           timestamp '2026-07-26 19:00:00',
           timestamp '2026-07-26 19:00:00' );
insert into chi_tiet_don_hang (
   chi_tiet_don_hang_id,
   don_hang_id,
   san_pham_id,
   so_luong,
   don_gia,
   thanh_tien,
   ghi_chu,
   created_at,
   updated_at
) values ( 'CTDH2026006502',
           'DH20260065',
           'SP002',
           2,
           32000,
           64000,
           null,
           timestamp '2026-07-26 19:00:00',
           timestamp '2026-07-26 19:00:00' );
insert into chi_tiet_don_hang (
   chi_tiet_don_hang_id,
   don_hang_id,
   san_pham_id,
   so_luong,
   don_gia,
   thanh_tien,
   ghi_chu,
   created_at,
   updated_at
) values ( 'CTDH2026006503',
           'DH20260065',
           'SP006',
           3,
           43000,
           129000,
           N'Ít đường',
           timestamp '2026-07-26 19:00:00',
           timestamp '2026-07-26 19:00:00' );
insert into chi_tiet_don_hang (
   chi_tiet_don_hang_id,
   don_hang_id,
   san_pham_id,
   so_luong,
   don_gia,
   thanh_tien,
   ghi_chu,
   created_at,
   updated_at
) values ( 'CTDH2026006601',
           'DH20260066',
           'SP009',
           2,
           49000,
           98000,
           N'Ít đá',
           timestamp '2026-07-29 20:40:00',
           timestamp '2026-07-29 20:40:00' );
insert into chi_tiet_don_hang (
   chi_tiet_don_hang_id,
   don_hang_id,
   san_pham_id,
   so_luong,
   don_gia,
   thanh_tien,
   ghi_chu,
   created_at,
   updated_at
) values ( 'CTDH2026006602',
           'DH20260066',
           'SP005',
           1,
           39000,
           39000,
           N'Ít đá',
           timestamp '2026-07-29 20:40:00',
           timestamp '2026-07-29 20:40:00' );
insert into chi_tiet_don_hang (
   chi_tiet_don_hang_id,
   don_hang_id,
   san_pham_id,
   so_luong,
   don_gia,
   thanh_tien,
   ghi_chu,
   created_at,
   updated_at
) values ( 'CTDH2026006701',
           'DH20260067',
           'SP006',
           3,
           43000,
           129000,
           null,
           timestamp '2026-07-24 00:55:00',
           timestamp '2026-07-24 00:55:00' );
insert into chi_tiet_don_hang (
   chi_tiet_don_hang_id,
   don_hang_id,
   san_pham_id,
   so_luong,
   don_gia,
   thanh_tien,
   ghi_chu,
   created_at,
   updated_at
) values ( 'CTDH2026006801',
           'DH20260068',
           'SP010',
           1,
           42000,
           42000,
           N'Ít đá',
           timestamp '2026-06-06 01:50:00',
           timestamp '2026-06-06 01:50:00' );
insert into chi_tiet_don_hang (
   chi_tiet_don_hang_id,
   don_hang_id,
   san_pham_id,
   so_luong,
   don_gia,
   thanh_tien,
   ghi_chu,
   created_at,
   updated_at
) values ( 'CTDH2026006802',
           'DH20260068',
           'SP008',
           1,
           38000,
           38000,
           N'Ít đá',
           timestamp '2026-06-06 01:50:00',
           timestamp '2026-06-06 01:50:00' );
insert into chi_tiet_don_hang (
   chi_tiet_don_hang_id,
   don_hang_id,
   san_pham_id,
   so_luong,
   don_gia,
   thanh_tien,
   ghi_chu,
   created_at,
   updated_at
) values ( 'CTDH2026006901',
           'DH20260069',
           'SP010',
           1,
           42000,
           42000,
           N'Ít đường',
           timestamp '2026-07-16 00:00:00',
           timestamp '2026-07-16 00:00:00' );
insert into chi_tiet_don_hang (
   chi_tiet_don_hang_id,
   don_hang_id,
   san_pham_id,
   so_luong,
   don_gia,
   thanh_tien,
   ghi_chu,
   created_at,
   updated_at
) values ( 'CTDH2026007001',
           'DH20260070',
           'SP009',
           2,
           49000,
           98000,
           N'Ít đường',
           timestamp '2026-07-07 01:20:00',
           timestamp '2026-07-07 01:20:00' );
insert into chi_tiet_don_hang (
   chi_tiet_don_hang_id,
   don_hang_id,
   san_pham_id,
   so_luong,
   don_gia,
   thanh_tien,
   ghi_chu,
   created_at,
   updated_at
) values ( 'CTDH2026007002',
           'DH20260070',
           'SP007',
           3,
           45000,
           135000,
           null,
           timestamp '2026-07-07 01:20:00',
           timestamp '2026-07-07 01:20:00' );
insert into chi_tiet_don_hang (
   chi_tiet_don_hang_id,
   don_hang_id,
   san_pham_id,
   so_luong,
   don_gia,
   thanh_tien,
   ghi_chu,
   created_at,
   updated_at
) values ( 'CTDH2026007003',
           'DH20260070',
           'SP002',
           2,
           32000,
           64000,
           null,
           timestamp '2026-07-07 01:20:00',
           timestamp '2026-07-07 01:20:00' );
insert into chi_tiet_don_hang (
   chi_tiet_don_hang_id,
   don_hang_id,
   san_pham_id,
   so_luong,
   don_gia,
   thanh_tien,
   ghi_chu,
   created_at,
   updated_at
) values ( 'CTDH2026007004',
           'DH20260070',
           'SP003',
           1,
           35000,
           35000,
           null,
           timestamp '2026-07-07 01:20:00',
           timestamp '2026-07-07 01:20:00' );
insert into chi_tiet_don_hang (
   chi_tiet_don_hang_id,
   don_hang_id,
   san_pham_id,
   so_luong,
   don_gia,
   thanh_tien,
   ghi_chu,
   created_at,
   updated_at
) values ( 'CTDH2026007101',
           'DH20260071',
           'SP009',
           3,
           49000,
           147000,
           null,
           timestamp '2026-06-05 22:10:00',
           timestamp '2026-06-05 22:10:00' );
insert into chi_tiet_don_hang (
   chi_tiet_don_hang_id,
   don_hang_id,
   san_pham_id,
   so_luong,
   don_gia,
   thanh_tien,
   ghi_chu,
   created_at,
   updated_at
) values ( 'CTDH2026007201',
           'DH20260072',
           'SP004',
           1,
           42000,
           42000,
           N'Ít đá',
           timestamp '2026-06-19 03:25:00',
           timestamp '2026-06-19 03:25:00' );
insert into chi_tiet_don_hang (
   chi_tiet_don_hang_id,
   don_hang_id,
   san_pham_id,
   so_luong,
   don_gia,
   thanh_tien,
   ghi_chu,
   created_at,
   updated_at
) values ( 'CTDH2026007202',
           'DH20260072',
           'SP008',
           2,
           38000,
           76000,
           N'Ít đường',
           timestamp '2026-06-19 03:25:00',
           timestamp '2026-06-19 03:25:00' );
insert into chi_tiet_don_hang (
   chi_tiet_don_hang_id,
   don_hang_id,
   san_pham_id,
   so_luong,
   don_gia,
   thanh_tien,
   ghi_chu,
   created_at,
   updated_at
) values ( 'CTDH2026007301',
           'DH20260073',
           'SP009',
           3,
           49000,
           147000,
           N'Ít đường',
           timestamp '2026-08-05 17:45:00',
           timestamp '2026-08-05 17:45:00' );
insert into chi_tiet_don_hang (
   chi_tiet_don_hang_id,
   don_hang_id,
   san_pham_id,
   so_luong,
   don_gia,
   thanh_tien,
   ghi_chu,
   created_at,
   updated_at
) values ( 'CTDH2026007302',
           'DH20260073',
           'SP007',
           1,
           45000,
           45000,
           N'Ít đường',
           timestamp '2026-08-05 17:45:00',
           timestamp '2026-08-05 17:45:00' );
insert into chi_tiet_don_hang (
   chi_tiet_don_hang_id,
   don_hang_id,
   san_pham_id,
   so_luong,
   don_gia,
   thanh_tien,
   ghi_chu,
   created_at,
   updated_at
) values ( 'CTDH2026007303',
           'DH20260073',
           'SP010',
           1,
           42000,
           42000,
           N'Không lấy topping',
           timestamp '2026-08-05 17:45:00',
           timestamp '2026-08-05 17:45:00' );
insert into chi_tiet_don_hang (
   chi_tiet_don_hang_id,
   don_hang_id,
   san_pham_id,
   so_luong,
   don_gia,
   thanh_tien,
   ghi_chu,
   created_at,
   updated_at
) values ( 'CTDH2026007304',
           'DH20260073',
           'SP008',
           2,
           38000,
           76000,
           N'Ít đá',
           timestamp '2026-08-05 17:45:00',
           timestamp '2026-08-05 17:45:00' );
insert into chi_tiet_don_hang (
   chi_tiet_don_hang_id,
   don_hang_id,
   san_pham_id,
   so_luong,
   don_gia,
   thanh_tien,
   ghi_chu,
   created_at,
   updated_at
) values ( 'CTDH2026007401',
           'DH20260074',
           'SP002',
           3,
           32000,
           96000,
           null,
           timestamp '2026-06-13 05:40:00',
           timestamp '2026-06-13 05:40:00' );
insert into chi_tiet_don_hang (
   chi_tiet_don_hang_id,
   don_hang_id,
   san_pham_id,
   so_luong,
   don_gia,
   thanh_tien,
   ghi_chu,
   created_at,
   updated_at
) values ( 'CTDH2026007501',
           'DH20260075',
           'SP005',
           1,
           39000,
           39000,
           N'Ít đá',
           timestamp '2026-06-16 20:55:00',
           timestamp '2026-06-16 20:55:00' );
insert into chi_tiet_don_hang (
   chi_tiet_don_hang_id,
   don_hang_id,
   san_pham_id,
   so_luong,
   don_gia,
   thanh_tien,
   ghi_chu,
   created_at,
   updated_at
) values ( 'CTDH2026007601',
           'DH20260076',
           'SP003',
           3,
           35000,
           105000,
           null,
           timestamp '2026-06-13 01:20:00',
           timestamp '2026-06-13 01:20:00' );
insert into chi_tiet_don_hang (
   chi_tiet_don_hang_id,
   don_hang_id,
   san_pham_id,
   so_luong,
   don_gia,
   thanh_tien,
   ghi_chu,
   created_at,
   updated_at
) values ( 'CTDH2026007602',
           'DH20260076',
           'SP006',
           1,
           43000,
           43000,
           N'Không lấy topping',
           timestamp '2026-06-13 01:20:00',
           timestamp '2026-06-13 01:20:00' );
insert into chi_tiet_don_hang (
   chi_tiet_don_hang_id,
   don_hang_id,
   san_pham_id,
   so_luong,
   don_gia,
   thanh_tien,
   ghi_chu,
   created_at,
   updated_at
) values ( 'CTDH2026007701',
           'DH20260077',
           'SP005',
           3,
           39000,
           117000,
           null,
           timestamp '2026-06-30 01:15:00',
           timestamp '2026-06-30 01:15:00' );
insert into chi_tiet_don_hang (
   chi_tiet_don_hang_id,
   don_hang_id,
   san_pham_id,
   so_luong,
   don_gia,
   thanh_tien,
   ghi_chu,
   created_at,
   updated_at
) values ( 'CTDH2026007702',
           'DH20260077',
           'SP008',
           2,
           38000,
           76000,
           null,
           timestamp '2026-06-30 01:15:00',
           timestamp '2026-06-30 01:15:00' );
insert into chi_tiet_don_hang (
   chi_tiet_don_hang_id,
   don_hang_id,
   san_pham_id,
   so_luong,
   don_gia,
   thanh_tien,
   ghi_chu,
   created_at,
   updated_at
) values ( 'CTDH2026007703',
           'DH20260077',
           'SP004',
           2,
           42000,
           84000,
           N'Ít đường',
           timestamp '2026-06-30 01:15:00',
           timestamp '2026-06-30 01:15:00' );
insert into chi_tiet_don_hang (
   chi_tiet_don_hang_id,
   don_hang_id,
   san_pham_id,
   so_luong,
   don_gia,
   thanh_tien,
   ghi_chu,
   created_at,
   updated_at
) values ( 'CTDH2026007801',
           'DH20260078',
           'SP006',
           2,
           43000,
           86000,
           null,
           timestamp '2026-07-19 22:35:00',
           timestamp '2026-07-19 22:35:00' );
insert into chi_tiet_don_hang (
   chi_tiet_don_hang_id,
   don_hang_id,
   san_pham_id,
   so_luong,
   don_gia,
   thanh_tien,
   ghi_chu,
   created_at,
   updated_at
) values ( 'CTDH2026007802',
           'DH20260078',
           'SP007',
           3,
           45000,
           135000,
           N'Ít đường',
           timestamp '2026-07-19 22:35:00',
           timestamp '2026-07-19 22:35:00' );
insert into chi_tiet_don_hang (
   chi_tiet_don_hang_id,
   don_hang_id,
   san_pham_id,
   so_luong,
   don_gia,
   thanh_tien,
   ghi_chu,
   created_at,
   updated_at
) values ( 'CTDH2026007803',
           'DH20260078',
           'SP003',
           3,
           35000,
           105000,
           null,
           timestamp '2026-07-19 22:35:00',
           timestamp '2026-07-19 22:35:00' );
insert into chi_tiet_don_hang (
   chi_tiet_don_hang_id,
   don_hang_id,
   san_pham_id,
   so_luong,
   don_gia,
   thanh_tien,
   ghi_chu,
   created_at,
   updated_at
) values ( 'CTDH2026007901',
           'DH20260079',
           'SP010',
           1,
           42000,
           42000,
           null,
           timestamp '2026-06-30 22:15:00',
           timestamp '2026-06-30 22:15:00' );
insert into chi_tiet_don_hang (
   chi_tiet_don_hang_id,
   don_hang_id,
   san_pham_id,
   so_luong,
   don_gia,
   thanh_tien,
   ghi_chu,
   created_at,
   updated_at
) values ( 'CTDH2026007902',
           'DH20260079',
           'SP007',
           2,
           45000,
           90000,
           N'Ít đường',
           timestamp '2026-06-30 22:15:00',
           timestamp '2026-06-30 22:15:00' );
insert into chi_tiet_don_hang (
   chi_tiet_don_hang_id,
   don_hang_id,
   san_pham_id,
   so_luong,
   don_gia,
   thanh_tien,
   ghi_chu,
   created_at,
   updated_at
) values ( 'CTDH2026007903',
           'DH20260079',
           'SP004',
           3,
           42000,
           126000,
           N'Không lấy topping',
           timestamp '2026-06-30 22:15:00',
           timestamp '2026-06-30 22:15:00' );
insert into chi_tiet_don_hang (
   chi_tiet_don_hang_id,
   don_hang_id,
   san_pham_id,
   so_luong,
   don_gia,
   thanh_tien,
   ghi_chu,
   created_at,
   updated_at
) values ( 'CTDH2026007904',
           'DH20260079',
           'SP009',
           3,
           49000,
           147000,
           N'Ít đường',
           timestamp '2026-06-30 22:15:00',
           timestamp '2026-06-30 22:15:00' );
insert into chi_tiet_don_hang (
   chi_tiet_don_hang_id,
   don_hang_id,
   san_pham_id,
   so_luong,
   don_gia,
   thanh_tien,
   ghi_chu,
   created_at,
   updated_at
) values ( 'CTDH2026008001',
           'DH20260080',
           'SP004',
           1,
           42000,
           42000,
           N'Ít đá',
           timestamp '2026-07-30 05:20:00',
           timestamp '2026-07-30 05:20:00' );
insert into chi_tiet_don_hang (
   chi_tiet_don_hang_id,
   don_hang_id,
   san_pham_id,
   so_luong,
   don_gia,
   thanh_tien,
   ghi_chu,
   created_at,
   updated_at
) values ( 'CTDH2026008002',
           'DH20260080',
           'SP010',
           2,
           42000,
           84000,
           N'Không lấy topping',
           timestamp '2026-07-30 05:20:00',
           timestamp '2026-07-30 05:20:00' );
insert into chi_tiet_don_hang (
   chi_tiet_don_hang_id,
   don_hang_id,
   san_pham_id,
   so_luong,
   don_gia,
   thanh_tien,
   ghi_chu,
   created_at,
   updated_at
) values ( 'CTDH2026008003',
           'DH20260080',
           'SP006',
           2,
           43000,
           86000,
           null,
           timestamp '2026-07-30 05:20:00',
           timestamp '2026-07-30 05:20:00' );
insert into chi_tiet_don_hang (
   chi_tiet_don_hang_id,
   don_hang_id,
   san_pham_id,
   so_luong,
   don_gia,
   thanh_tien,
   ghi_chu,
   created_at,
   updated_at
) values ( 'CTDH2026008004',
           'DH20260080',
           'SP001',
           3,
           29000,
           87000,
           null,
           timestamp '2026-07-30 05:20:00',
           timestamp '2026-07-30 05:20:00' );
insert into chi_tiet_don_hang (
   chi_tiet_don_hang_id,
   don_hang_id,
   san_pham_id,
   so_luong,
   don_gia,
   thanh_tien,
   ghi_chu,
   created_at,
   updated_at
) values ( 'CTDH2026008101',
           'DH20260081',
           'SP006',
           2,
           43000,
           86000,
           N'Không lấy topping',
           timestamp '2026-07-21 17:20:00',
           timestamp '2026-07-21 17:20:00' );
insert into chi_tiet_don_hang (
   chi_tiet_don_hang_id,
   don_hang_id,
   san_pham_id,
   so_luong,
   don_gia,
   thanh_tien,
   ghi_chu,
   created_at,
   updated_at
) values ( 'CTDH2026008102',
           'DH20260081',
           'SP009',
           1,
           49000,
           49000,
           N'Ít đường',
           timestamp '2026-07-21 17:20:00',
           timestamp '2026-07-21 17:20:00' );
insert into chi_tiet_don_hang (
   chi_tiet_don_hang_id,
   don_hang_id,
   san_pham_id,
   so_luong,
   don_gia,
   thanh_tien,
   ghi_chu,
   created_at,
   updated_at
) values ( 'CTDH2026008201',
           'DH20260082',
           'SP006',
           1,
           43000,
           43000,
           N'Không lấy topping',
           timestamp '2026-08-05 19:45:00',
           timestamp '2026-08-05 19:45:00' );
insert into chi_tiet_don_hang (
   chi_tiet_don_hang_id,
   don_hang_id,
   san_pham_id,
   so_luong,
   don_gia,
   thanh_tien,
   ghi_chu,
   created_at,
   updated_at
) values ( 'CTDH2026008202',
           'DH20260082',
           'SP009',
           1,
           49000,
           49000,
           null,
           timestamp '2026-08-05 19:45:00',
           timestamp '2026-08-05 19:45:00' );
insert into chi_tiet_don_hang (
   chi_tiet_don_hang_id,
   don_hang_id,
   san_pham_id,
   so_luong,
   don_gia,
   thanh_tien,
   ghi_chu,
   created_at,
   updated_at
) values ( 'CTDH2026008203',
           'DH20260082',
           'SP010',
           3,
           42000,
           126000,
           null,
           timestamp '2026-08-05 19:45:00',
           timestamp '2026-08-05 19:45:00' );
insert into chi_tiet_don_hang (
   chi_tiet_don_hang_id,
   don_hang_id,
   san_pham_id,
   so_luong,
   don_gia,
   thanh_tien,
   ghi_chu,
   created_at,
   updated_at
) values ( 'CTDH2026008301',
           'DH20260083',
           'SP006',
           1,
           43000,
           43000,
           N'Không lấy topping',
           timestamp '2026-05-31 17:55:00',
           timestamp '2026-05-31 17:55:00' );
insert into chi_tiet_don_hang (
   chi_tiet_don_hang_id,
   don_hang_id,
   san_pham_id,
   so_luong,
   don_gia,
   thanh_tien,
   ghi_chu,
   created_at,
   updated_at
) values ( 'CTDH2026008302',
           'DH20260083',
           'SP010',
           2,
           42000,
           84000,
           N'Ít đá',
           timestamp '2026-05-31 17:55:00',
           timestamp '2026-05-31 17:55:00' );
insert into chi_tiet_don_hang (
   chi_tiet_don_hang_id,
   don_hang_id,
   san_pham_id,
   so_luong,
   don_gia,
   thanh_tien,
   ghi_chu,
   created_at,
   updated_at
) values ( 'CTDH2026008401',
           'DH20260084',
           'SP006',
           2,
           43000,
           86000,
           N'Ít đường',
           timestamp '2026-07-31 04:40:00',
           timestamp '2026-07-31 04:40:00' );
insert into chi_tiet_don_hang (
   chi_tiet_don_hang_id,
   don_hang_id,
   san_pham_id,
   so_luong,
   don_gia,
   thanh_tien,
   ghi_chu,
   created_at,
   updated_at
) values ( 'CTDH2026008501',
           'DH20260085',
           'SP001',
           1,
           29000,
           29000,
           N'Ít đường',
           timestamp '2026-07-06 03:55:00',
           timestamp '2026-07-06 03:55:00' );
insert into chi_tiet_don_hang (
   chi_tiet_don_hang_id,
   don_hang_id,
   san_pham_id,
   so_luong,
   don_gia,
   thanh_tien,
   ghi_chu,
   created_at,
   updated_at
) values ( 'CTDH2026008502',
           'DH20260085',
           'SP008',
           3,
           38000,
           114000,
           null,
           timestamp '2026-07-06 03:55:00',
           timestamp '2026-07-06 03:55:00' );
insert into chi_tiet_don_hang (
   chi_tiet_don_hang_id,
   don_hang_id,
   san_pham_id,
   so_luong,
   don_gia,
   thanh_tien,
   ghi_chu,
   created_at,
   updated_at
) values ( 'CTDH2026008601',
           'DH20260086',
           'SP007',
           2,
           45000,
           90000,
           null,
           timestamp '2026-06-27 15:45:00',
           timestamp '2026-06-27 15:45:00' );
insert into chi_tiet_don_hang (
   chi_tiet_don_hang_id,
   don_hang_id,
   san_pham_id,
   so_luong,
   don_gia,
   thanh_tien,
   ghi_chu,
   created_at,
   updated_at
) values ( 'CTDH2026008602',
           'DH20260086',
           'SP004',
           3,
           42000,
           126000,
           null,
           timestamp '2026-06-27 15:45:00',
           timestamp '2026-06-27 15:45:00' );
insert into chi_tiet_don_hang (
   chi_tiet_don_hang_id,
   don_hang_id,
   san_pham_id,
   so_luong,
   don_gia,
   thanh_tien,
   ghi_chu,
   created_at,
   updated_at
) values ( 'CTDH2026008701',
           'DH20260087',
           'SP003',
           3,
           35000,
           105000,
           N'Không lấy topping',
           timestamp '2026-08-01 18:40:00',
           timestamp '2026-08-01 18:40:00' );
insert into chi_tiet_don_hang (
   chi_tiet_don_hang_id,
   don_hang_id,
   san_pham_id,
   so_luong,
   don_gia,
   thanh_tien,
   ghi_chu,
   created_at,
   updated_at
) values ( 'CTDH2026008702',
           'DH20260087',
           'SP008',
           2,
           38000,
           76000,
           N'Ít đường',
           timestamp '2026-08-01 18:40:00',
           timestamp '2026-08-01 18:40:00' );
insert into chi_tiet_don_hang (
   chi_tiet_don_hang_id,
   don_hang_id,
   san_pham_id,
   so_luong,
   don_gia,
   thanh_tien,
   ghi_chu,
   created_at,
   updated_at
) values ( 'CTDH2026008703',
           'DH20260087',
           'SP006',
           3,
           43000,
           129000,
           null,
           timestamp '2026-08-01 18:40:00',
           timestamp '2026-08-01 18:40:00' );
insert into chi_tiet_don_hang (
   chi_tiet_don_hang_id,
   don_hang_id,
   san_pham_id,
   so_luong,
   don_gia,
   thanh_tien,
   ghi_chu,
   created_at,
   updated_at
) values ( 'CTDH2026008801',
           'DH20260088',
           'SP008',
           2,
           38000,
           76000,
           N'Ít đá',
           timestamp '2026-06-27 19:40:00',
           timestamp '2026-06-27 19:40:00' );
insert into chi_tiet_don_hang (
   chi_tiet_don_hang_id,
   don_hang_id,
   san_pham_id,
   so_luong,
   don_gia,
   thanh_tien,
   ghi_chu,
   created_at,
   updated_at
) values ( 'CTDH2026008802',
           'DH20260088',
           'SP006',
           2,
           43000,
           86000,
           null,
           timestamp '2026-06-27 19:40:00',
           timestamp '2026-06-27 19:40:00' );
insert into chi_tiet_don_hang (
   chi_tiet_don_hang_id,
   don_hang_id,
   san_pham_id,
   so_luong,
   don_gia,
   thanh_tien,
   ghi_chu,
   created_at,
   updated_at
) values ( 'CTDH2026008901',
           'DH20260089',
           'SP002',
           3,
           32000,
           96000,
           null,
           timestamp '2026-08-04 21:30:00',
           timestamp '2026-08-04 21:30:00' );
insert into chi_tiet_don_hang (
   chi_tiet_don_hang_id,
   don_hang_id,
   san_pham_id,
   so_luong,
   don_gia,
   thanh_tien,
   ghi_chu,
   created_at,
   updated_at
) values ( 'CTDH2026008902',
           'DH20260089',
           'SP006',
           2,
           43000,
           86000,
           N'Không lấy topping',
           timestamp '2026-08-04 21:30:00',
           timestamp '2026-08-04 21:30:00' );
insert into chi_tiet_don_hang (
   chi_tiet_don_hang_id,
   don_hang_id,
   san_pham_id,
   so_luong,
   don_gia,
   thanh_tien,
   ghi_chu,
   created_at,
   updated_at
) values ( 'CTDH2026008903',
           'DH20260089',
           'SP008',
           3,
           38000,
           114000,
           N'Ít đá',
           timestamp '2026-08-04 21:30:00',
           timestamp '2026-08-04 21:30:00' );
insert into chi_tiet_don_hang (
   chi_tiet_don_hang_id,
   don_hang_id,
   san_pham_id,
   so_luong,
   don_gia,
   thanh_tien,
   ghi_chu,
   created_at,
   updated_at
) values ( 'CTDH2026009001',
           'DH20260090',
           'SP001',
           2,
           29000,
           58000,
           null,
           timestamp '2026-06-30 17:05:00',
           timestamp '2026-06-30 17:05:00' );
insert into chi_tiet_don_hang (
   chi_tiet_don_hang_id,
   don_hang_id,
   san_pham_id,
   so_luong,
   don_gia,
   thanh_tien,
   ghi_chu,
   created_at,
   updated_at
) values ( 'CTDH2026009002',
           'DH20260090',
           'SP002',
           2,
           32000,
           64000,
           null,
           timestamp '2026-06-30 17:05:00',
           timestamp '2026-06-30 17:05:00' );
insert into chi_tiet_don_hang (
   chi_tiet_don_hang_id,
   don_hang_id,
   san_pham_id,
   so_luong,
   don_gia,
   thanh_tien,
   ghi_chu,
   created_at,
   updated_at
) values ( 'CTDH2026009101',
           'DH20260091',
           'SP005',
           2,
           39000,
           78000,
           N'Không lấy topping',
           timestamp '2026-05-27 23:10:00',
           timestamp '2026-05-27 23:10:00' );
insert into chi_tiet_don_hang (
   chi_tiet_don_hang_id,
   don_hang_id,
   san_pham_id,
   so_luong,
   don_gia,
   thanh_tien,
   ghi_chu,
   created_at,
   updated_at
) values ( 'CTDH2026009102',
           'DH20260091',
           'SP006',
           3,
           43000,
           129000,
           null,
           timestamp '2026-05-27 23:10:00',
           timestamp '2026-05-27 23:10:00' );
insert into chi_tiet_don_hang (
   chi_tiet_don_hang_id,
   don_hang_id,
   san_pham_id,
   so_luong,
   don_gia,
   thanh_tien,
   ghi_chu,
   created_at,
   updated_at
) values ( 'CTDH2026009201',
           'DH20260092',
           'SP001',
           2,
           29000,
           58000,
           null,
           timestamp '2026-08-04 02:55:00',
           timestamp '2026-08-04 02:55:00' );
insert into chi_tiet_don_hang (
   chi_tiet_don_hang_id,
   don_hang_id,
   san_pham_id,
   so_luong,
   don_gia,
   thanh_tien,
   ghi_chu,
   created_at,
   updated_at
) values ( 'CTDH2026009202',
           'DH20260092',
           'SP007',
           1,
           45000,
           45000,
           null,
           timestamp '2026-08-04 02:55:00',
           timestamp '2026-08-04 02:55:00' );
insert into chi_tiet_don_hang (
   chi_tiet_don_hang_id,
   don_hang_id,
   san_pham_id,
   so_luong,
   don_gia,
   thanh_tien,
   ghi_chu,
   created_at,
   updated_at
) values ( 'CTDH2026009301',
           'DH20260093',
           'SP003',
           1,
           35000,
           35000,
           N'Ít đá',
           timestamp '2026-07-05 00:45:00',
           timestamp '2026-07-05 00:45:00' );
insert into chi_tiet_don_hang (
   chi_tiet_don_hang_id,
   don_hang_id,
   san_pham_id,
   so_luong,
   don_gia,
   thanh_tien,
   ghi_chu,
   created_at,
   updated_at
) values ( 'CTDH2026009302',
           'DH20260093',
           'SP009',
           1,
           49000,
           49000,
           null,
           timestamp '2026-07-05 00:45:00',
           timestamp '2026-07-05 00:45:00' );
insert into chi_tiet_don_hang (
   chi_tiet_don_hang_id,
   don_hang_id,
   san_pham_id,
   so_luong,
   don_gia,
   thanh_tien,
   ghi_chu,
   created_at,
   updated_at
) values ( 'CTDH2026009303',
           'DH20260093',
           'SP008',
           2,
           38000,
           76000,
           null,
           timestamp '2026-07-05 00:45:00',
           timestamp '2026-07-05 00:45:00' );
insert into chi_tiet_don_hang (
   chi_tiet_don_hang_id,
   don_hang_id,
   san_pham_id,
   so_luong,
   don_gia,
   thanh_tien,
   ghi_chu,
   created_at,
   updated_at
) values ( 'CTDH2026009304',
           'DH20260093',
           'SP010',
           1,
           42000,
           42000,
           N'Ít đá',
           timestamp '2026-07-05 00:45:00',
           timestamp '2026-07-05 00:45:00' );
insert into chi_tiet_don_hang (
   chi_tiet_don_hang_id,
   don_hang_id,
   san_pham_id,
   so_luong,
   don_gia,
   thanh_tien,
   ghi_chu,
   created_at,
   updated_at
) values ( 'CTDH2026009401',
           'DH20260094',
           'SP002',
           1,
           32000,
           32000,
           null,
           timestamp '2026-07-04 00:50:00',
           timestamp '2026-07-04 00:50:00' );
insert into chi_tiet_don_hang (
   chi_tiet_don_hang_id,
   don_hang_id,
   san_pham_id,
   so_luong,
   don_gia,
   thanh_tien,
   ghi_chu,
   created_at,
   updated_at
) values ( 'CTDH2026009402',
           'DH20260094',
           'SP007',
           1,
           45000,
           45000,
           N'Ít đá',
           timestamp '2026-07-04 00:50:00',
           timestamp '2026-07-04 00:50:00' );
insert into chi_tiet_don_hang (
   chi_tiet_don_hang_id,
   don_hang_id,
   san_pham_id,
   so_luong,
   don_gia,
   thanh_tien,
   ghi_chu,
   created_at,
   updated_at
) values ( 'CTDH2026009403',
           'DH20260094',
           'SP010',
           2,
           42000,
           84000,
           N'Ít đường',
           timestamp '2026-07-04 00:50:00',
           timestamp '2026-07-04 00:50:00' );
insert into chi_tiet_don_hang (
   chi_tiet_don_hang_id,
   don_hang_id,
   san_pham_id,
   so_luong,
   don_gia,
   thanh_tien,
   ghi_chu,
   created_at,
   updated_at
) values ( 'CTDH2026009501',
           'DH20260095',
           'SP001',
           2,
           29000,
           58000,
           N'Ít đường',
           timestamp '2026-06-26 22:20:00',
           timestamp '2026-06-26 22:20:00' );
insert into chi_tiet_don_hang (
   chi_tiet_don_hang_id,
   don_hang_id,
   san_pham_id,
   so_luong,
   don_gia,
   thanh_tien,
   ghi_chu,
   created_at,
   updated_at
) values ( 'CTDH2026009502',
           'DH20260095',
           'SP002',
           2,
           32000,
           64000,
           N'Không lấy topping',
           timestamp '2026-06-26 22:20:00',
           timestamp '2026-06-26 22:20:00' );
insert into chi_tiet_don_hang (
   chi_tiet_don_hang_id,
   don_hang_id,
   san_pham_id,
   so_luong,
   don_gia,
   thanh_tien,
   ghi_chu,
   created_at,
   updated_at
) values ( 'CTDH2026009601',
           'DH20260096',
           'SP008',
           2,
           38000,
           76000,
           N'Ít đường',
           timestamp '2026-07-06 02:05:00',
           timestamp '2026-07-06 02:05:00' );
insert into chi_tiet_don_hang (
   chi_tiet_don_hang_id,
   don_hang_id,
   san_pham_id,
   so_luong,
   don_gia,
   thanh_tien,
   ghi_chu,
   created_at,
   updated_at
) values ( 'CTDH2026009602',
           'DH20260096',
           'SP003',
           3,
           35000,
           105000,
           N'Không lấy topping',
           timestamp '2026-07-06 02:05:00',
           timestamp '2026-07-06 02:05:00' );
insert into chi_tiet_don_hang (
   chi_tiet_don_hang_id,
   don_hang_id,
   san_pham_id,
   so_luong,
   don_gia,
   thanh_tien,
   ghi_chu,
   created_at,
   updated_at
) values ( 'CTDH2026009701',
           'DH20260097',
           'SP009',
           2,
           49000,
           98000,
           null,
           timestamp '2026-07-27 03:40:00',
           timestamp '2026-07-27 03:40:00' );
insert into chi_tiet_don_hang (
   chi_tiet_don_hang_id,
   don_hang_id,
   san_pham_id,
   so_luong,
   don_gia,
   thanh_tien,
   ghi_chu,
   created_at,
   updated_at
) values ( 'CTDH2026009801',
           'DH20260098',
           'SP002',
           3,
           32000,
           96000,
           N'Ít đường',
           timestamp '2026-06-10 15:40:00',
           timestamp '2026-06-10 15:40:00' );
insert into chi_tiet_don_hang (
   chi_tiet_don_hang_id,
   don_hang_id,
   san_pham_id,
   so_luong,
   don_gia,
   thanh_tien,
   ghi_chu,
   created_at,
   updated_at
) values ( 'CTDH2026009802',
           'DH20260098',
           'SP004',
           2,
           42000,
           84000,
           N'Ít đường',
           timestamp '2026-06-10 15:40:00',
           timestamp '2026-06-10 15:40:00' );
insert into chi_tiet_don_hang (
   chi_tiet_don_hang_id,
   don_hang_id,
   san_pham_id,
   so_luong,
   don_gia,
   thanh_tien,
   ghi_chu,
   created_at,
   updated_at
) values ( 'CTDH2026009803',
           'DH20260098',
           'SP008',
           1,
           38000,
           38000,
           N'Không lấy topping',
           timestamp '2026-06-10 15:40:00',
           timestamp '2026-06-10 15:40:00' );
insert into chi_tiet_don_hang (
   chi_tiet_don_hang_id,
   don_hang_id,
   san_pham_id,
   so_luong,
   don_gia,
   thanh_tien,
   ghi_chu,
   created_at,
   updated_at
) values ( 'CTDH2026009804',
           'DH20260098',
           'SP001',
           2,
           29000,
           58000,
           null,
           timestamp '2026-06-10 15:40:00',
           timestamp '2026-06-10 15:40:00' );
insert into chi_tiet_don_hang (
   chi_tiet_don_hang_id,
   don_hang_id,
   san_pham_id,
   so_luong,
   don_gia,
   thanh_tien,
   ghi_chu,
   created_at,
   updated_at
) values ( 'CTDH2026009901',
           'DH20260099',
           'SP001',
           2,
           29000,
           58000,
           N'Không lấy topping',
           timestamp '2026-07-26 01:20:00',
           timestamp '2026-07-26 01:20:00' );
insert into chi_tiet_don_hang (
   chi_tiet_don_hang_id,
   don_hang_id,
   san_pham_id,
   so_luong,
   don_gia,
   thanh_tien,
   ghi_chu,
   created_at,
   updated_at
) values ( 'CTDH2026010001',
           'DH20260100',
           'SP007',
           2,
           45000,
           90000,
           null,
           timestamp '2026-06-04 05:05:00',
           timestamp '2026-06-04 05:05:00' );
insert into chi_tiet_don_hang (
   chi_tiet_don_hang_id,
   don_hang_id,
   san_pham_id,
   so_luong,
   don_gia,
   thanh_tien,
   ghi_chu,
   created_at,
   updated_at
) values ( 'CTDH2026010002',
           'DH20260100',
           'SP006',
           2,
           43000,
           86000,
           N'Không lấy topping',
           timestamp '2026-06-04 05:05:00',
           timestamp '2026-06-04 05:05:00' );
insert into chi_tiet_don_hang (
   chi_tiet_don_hang_id,
   don_hang_id,
   san_pham_id,
   so_luong,
   don_gia,
   thanh_tien,
   ghi_chu,
   created_at,
   updated_at
) values ( 'CTDH2026010101',
           'DH20260101',
           'SP004',
           1,
           42000,
           42000,
           N'Ít đường',
           timestamp '2026-06-14 01:25:00',
           timestamp '2026-06-14 01:25:00' );
insert into chi_tiet_don_hang (
   chi_tiet_don_hang_id,
   don_hang_id,
   san_pham_id,
   so_luong,
   don_gia,
   thanh_tien,
   ghi_chu,
   created_at,
   updated_at
) values ( 'CTDH2026010102',
           'DH20260101',
           'SP001',
           2,
           29000,
           58000,
           N'Không lấy topping',
           timestamp '2026-06-14 01:25:00',
           timestamp '2026-06-14 01:25:00' );
insert into chi_tiet_don_hang (
   chi_tiet_don_hang_id,
   don_hang_id,
   san_pham_id,
   so_luong,
   don_gia,
   thanh_tien,
   ghi_chu,
   created_at,
   updated_at
) values ( 'CTDH2026010201',
           'DH20260102',
           'SP001',
           3,
           29000,
           87000,
           null,
           timestamp '2026-07-15 04:15:00',
           timestamp '2026-07-15 04:15:00' );
insert into chi_tiet_don_hang (
   chi_tiet_don_hang_id,
   don_hang_id,
   san_pham_id,
   so_luong,
   don_gia,
   thanh_tien,
   ghi_chu,
   created_at,
   updated_at
) values ( 'CTDH2026010301',
           'DH20260103',
           'SP004',
           3,
           42000,
           126000,
           N'Ít đường',
           timestamp '2026-06-26 18:05:00',
           timestamp '2026-06-26 18:05:00' );
insert into chi_tiet_don_hang (
   chi_tiet_don_hang_id,
   don_hang_id,
   san_pham_id,
   so_luong,
   don_gia,
   thanh_tien,
   ghi_chu,
   created_at,
   updated_at
) values ( 'CTDH2026010401',
           'DH20260104',
           'SP010',
           3,
           42000,
           126000,
           null,
           timestamp '2026-06-25 23:15:00',
           timestamp '2026-06-25 23:15:00' );
insert into chi_tiet_don_hang (
   chi_tiet_don_hang_id,
   don_hang_id,
   san_pham_id,
   so_luong,
   don_gia,
   thanh_tien,
   ghi_chu,
   created_at,
   updated_at
) values ( 'CTDH2026010402',
           'DH20260104',
           'SP006',
           3,
           43000,
           129000,
           N'Ít đá',
           timestamp '2026-06-25 23:15:00',
           timestamp '2026-06-25 23:15:00' );
insert into chi_tiet_don_hang (
   chi_tiet_don_hang_id,
   don_hang_id,
   san_pham_id,
   so_luong,
   don_gia,
   thanh_tien,
   ghi_chu,
   created_at,
   updated_at
) values ( 'CTDH2026010501',
           'DH20260105',
           'SP007',
           2,
           45000,
           90000,
           N'Không lấy topping',
           timestamp '2026-06-15 01:40:00',
           timestamp '2026-06-15 01:40:00' );
insert into chi_tiet_don_hang (
   chi_tiet_don_hang_id,
   don_hang_id,
   san_pham_id,
   so_luong,
   don_gia,
   thanh_tien,
   ghi_chu,
   created_at,
   updated_at
) values ( 'CTDH2026010502',
           'DH20260105',
           'SP009',
           1,
           49000,
           49000,
           N'Ít đá',
           timestamp '2026-06-15 01:40:00',
           timestamp '2026-06-15 01:40:00' );
insert into chi_tiet_don_hang (
   chi_tiet_don_hang_id,
   don_hang_id,
   san_pham_id,
   so_luong,
   don_gia,
   thanh_tien,
   ghi_chu,
   created_at,
   updated_at
) values ( 'CTDH2026010601',
           'DH20260106',
           'SP005',
           2,
           39000,
           78000,
           N'Ít đường',
           timestamp '2026-07-19 21:10:00',
           timestamp '2026-07-19 21:10:00' );
insert into chi_tiet_don_hang (
   chi_tiet_don_hang_id,
   don_hang_id,
   san_pham_id,
   so_luong,
   don_gia,
   thanh_tien,
   ghi_chu,
   created_at,
   updated_at
) values ( 'CTDH2026010602',
           'DH20260106',
           'SP003',
           1,
           35000,
           35000,
           N'Không lấy topping',
           timestamp '2026-07-19 21:10:00',
           timestamp '2026-07-19 21:10:00' );
insert into chi_tiet_don_hang (
   chi_tiet_don_hang_id,
   don_hang_id,
   san_pham_id,
   so_luong,
   don_gia,
   thanh_tien,
   ghi_chu,
   created_at,
   updated_at
) values ( 'CTDH2026010701',
           'DH20260107',
           'SP006',
           2,
           43000,
           86000,
           null,
           timestamp '2026-08-02 17:30:00',
           timestamp '2026-08-02 17:30:00' );
insert into chi_tiet_don_hang (
   chi_tiet_don_hang_id,
   don_hang_id,
   san_pham_id,
   so_luong,
   don_gia,
   thanh_tien,
   ghi_chu,
   created_at,
   updated_at
) values ( 'CTDH2026010702',
           'DH20260107',
           'SP002',
           2,
           32000,
           64000,
           null,
           timestamp '2026-08-02 17:30:00',
           timestamp '2026-08-02 17:30:00' );
insert into chi_tiet_don_hang (
   chi_tiet_don_hang_id,
   don_hang_id,
   san_pham_id,
   so_luong,
   don_gia,
   thanh_tien,
   ghi_chu,
   created_at,
   updated_at
) values ( 'CTDH2026010703',
           'DH20260107',
           'SP004',
           3,
           42000,
           126000,
           N'Không lấy topping',
           timestamp '2026-08-02 17:30:00',
           timestamp '2026-08-02 17:30:00' );
insert into chi_tiet_don_hang (
   chi_tiet_don_hang_id,
   don_hang_id,
   san_pham_id,
   so_luong,
   don_gia,
   thanh_tien,
   ghi_chu,
   created_at,
   updated_at
) values ( 'CTDH2026010704',
           'DH20260107',
           'SP001',
           3,
           29000,
           87000,
           N'Không lấy topping',
           timestamp '2026-08-02 17:30:00',
           timestamp '2026-08-02 17:30:00' );
insert into chi_tiet_don_hang (
   chi_tiet_don_hang_id,
   don_hang_id,
   san_pham_id,
   so_luong,
   don_gia,
   thanh_tien,
   ghi_chu,
   created_at,
   updated_at
) values ( 'CTDH2026010801',
           'DH20260108',
           'SP002',
           1,
           32000,
           32000,
           N'Ít đường',
           timestamp '2026-06-23 22:15:00',
           timestamp '2026-06-23 22:15:00' );
insert into chi_tiet_don_hang (
   chi_tiet_don_hang_id,
   don_hang_id,
   san_pham_id,
   so_luong,
   don_gia,
   thanh_tien,
   ghi_chu,
   created_at,
   updated_at
) values ( 'CTDH2026010802',
           'DH20260108',
           'SP008',
           3,
           38000,
           114000,
           null,
           timestamp '2026-06-23 22:15:00',
           timestamp '2026-06-23 22:15:00' );
insert into chi_tiet_don_hang (
   chi_tiet_don_hang_id,
   don_hang_id,
   san_pham_id,
   so_luong,
   don_gia,
   thanh_tien,
   ghi_chu,
   created_at,
   updated_at
) values ( 'CTDH2026010901',
           'DH20260109',
           'SP009',
           1,
           49000,
           49000,
           N'Ít đá',
           timestamp '2026-08-05 20:20:00',
           timestamp '2026-08-05 20:20:00' );
insert into chi_tiet_don_hang (
   chi_tiet_don_hang_id,
   don_hang_id,
   san_pham_id,
   so_luong,
   don_gia,
   thanh_tien,
   ghi_chu,
   created_at,
   updated_at
) values ( 'CTDH2026010902',
           'DH20260109',
           'SP008',
           3,
           38000,
           114000,
           N'Ít đá',
           timestamp '2026-08-05 20:20:00',
           timestamp '2026-08-05 20:20:00' );
insert into chi_tiet_don_hang (
   chi_tiet_don_hang_id,
   don_hang_id,
   san_pham_id,
   so_luong,
   don_gia,
   thanh_tien,
   ghi_chu,
   created_at,
   updated_at
) values ( 'CTDH2026010903',
           'DH20260109',
           'SP010',
           2,
           42000,
           84000,
           N'Ít đường',
           timestamp '2026-08-05 20:20:00',
           timestamp '2026-08-05 20:20:00' );
insert into chi_tiet_don_hang (
   chi_tiet_don_hang_id,
   don_hang_id,
   san_pham_id,
   so_luong,
   don_gia,
   thanh_tien,
   ghi_chu,
   created_at,
   updated_at
) values ( 'CTDH2026011001',
           'DH20260110',
           'SP005',
           1,
           39000,
           39000,
           N'Ít đá',
           timestamp '2026-06-02 00:15:00',
           timestamp '2026-06-02 00:15:00' );
insert into chi_tiet_don_hang (
   chi_tiet_don_hang_id,
   don_hang_id,
   san_pham_id,
   so_luong,
   don_gia,
   thanh_tien,
   ghi_chu,
   created_at,
   updated_at
) values ( 'CTDH2026011002',
           'DH20260110',
           'SP003',
           2,
           35000,
           70000,
           N'Ít đá',
           timestamp '2026-06-02 00:15:00',
           timestamp '2026-06-02 00:15:00' );
insert into chi_tiet_don_hang (
   chi_tiet_don_hang_id,
   don_hang_id,
   san_pham_id,
   so_luong,
   don_gia,
   thanh_tien,
   ghi_chu,
   created_at,
   updated_at
) values ( 'CTDH2026011003',
           'DH20260110',
           'SP004',
           3,
           42000,
           126000,
           N'Ít đường',
           timestamp '2026-06-02 00:15:00',
           timestamp '2026-06-02 00:15:00' );
insert into chi_tiet_don_hang (
   chi_tiet_don_hang_id,
   don_hang_id,
   san_pham_id,
   so_luong,
   don_gia,
   thanh_tien,
   ghi_chu,
   created_at,
   updated_at
) values ( 'CTDH2026011004',
           'DH20260110',
           'SP009',
           1,
           49000,
           49000,
           N'Ít đường',
           timestamp '2026-06-02 00:15:00',
           timestamp '2026-06-02 00:15:00' );
insert into chi_tiet_don_hang (
   chi_tiet_don_hang_id,
   don_hang_id,
   san_pham_id,
   so_luong,
   don_gia,
   thanh_tien,
   ghi_chu,
   created_at,
   updated_at
) values ( 'CTDH2026011101',
           'DH20260111',
           'SP009',
           1,
           49000,
           49000,
           null,
           timestamp '2026-07-24 17:55:00',
           timestamp '2026-07-24 17:55:00' );
insert into chi_tiet_don_hang (
   chi_tiet_don_hang_id,
   don_hang_id,
   san_pham_id,
   so_luong,
   don_gia,
   thanh_tien,
   ghi_chu,
   created_at,
   updated_at
) values ( 'CTDH2026011201',
           'DH20260112',
           'SP009',
           2,
           49000,
           98000,
           N'Ít đường',
           timestamp '2026-07-18 17:50:00',
           timestamp '2026-07-18 17:50:00' );
insert into chi_tiet_don_hang (
   chi_tiet_don_hang_id,
   don_hang_id,
   san_pham_id,
   so_luong,
   don_gia,
   thanh_tien,
   ghi_chu,
   created_at,
   updated_at
) values ( 'CTDH2026011202',
           'DH20260112',
           'SP008',
           1,
           38000,
           38000,
           N'Ít đường',
           timestamp '2026-07-18 17:50:00',
           timestamp '2026-07-18 17:50:00' );
insert into chi_tiet_don_hang (
   chi_tiet_don_hang_id,
   don_hang_id,
   san_pham_id,
   so_luong,
   don_gia,
   thanh_tien,
   ghi_chu,
   created_at,
   updated_at
) values ( 'CTDH2026011301',
           'DH20260113',
           'SP009',
           3,
           49000,
           147000,
           null,
           timestamp '2026-05-29 15:40:00',
           timestamp '2026-05-29 15:40:00' );
insert into chi_tiet_don_hang (
   chi_tiet_don_hang_id,
   don_hang_id,
   san_pham_id,
   so_luong,
   don_gia,
   thanh_tien,
   ghi_chu,
   created_at,
   updated_at
) values ( 'CTDH2026011302',
           'DH20260113',
           'SP005',
           3,
           39000,
           117000,
           null,
           timestamp '2026-05-29 15:40:00',
           timestamp '2026-05-29 15:40:00' );
insert into chi_tiet_don_hang (
   chi_tiet_don_hang_id,
   don_hang_id,
   san_pham_id,
   so_luong,
   don_gia,
   thanh_tien,
   ghi_chu,
   created_at,
   updated_at
) values ( 'CTDH2026011303',
           'DH20260113',
           'SP001',
           3,
           29000,
           87000,
           N'Không lấy topping',
           timestamp '2026-05-29 15:40:00',
           timestamp '2026-05-29 15:40:00' );
insert into chi_tiet_don_hang (
   chi_tiet_don_hang_id,
   don_hang_id,
   san_pham_id,
   so_luong,
   don_gia,
   thanh_tien,
   ghi_chu,
   created_at,
   updated_at
) values ( 'CTDH2026011401',
           'DH20260114',
           'SP006',
           2,
           43000,
           86000,
           null,
           timestamp '2026-06-15 18:15:00',
           timestamp '2026-06-15 18:15:00' );
insert into chi_tiet_don_hang (
   chi_tiet_don_hang_id,
   don_hang_id,
   san_pham_id,
   so_luong,
   don_gia,
   thanh_tien,
   ghi_chu,
   created_at,
   updated_at
) values ( 'CTDH2026011501',
           'DH20260115',
           'SP007',
           3,
           45000,
           135000,
           N'Ít đường',
           timestamp '2026-06-24 19:50:00',
           timestamp '2026-06-24 19:50:00' );
insert into chi_tiet_don_hang (
   chi_tiet_don_hang_id,
   don_hang_id,
   san_pham_id,
   so_luong,
   don_gia,
   thanh_tien,
   ghi_chu,
   created_at,
   updated_at
) values ( 'CTDH2026011502',
           'DH20260115',
           'SP009',
           1,
           49000,
           49000,
           N'Ít đá',
           timestamp '2026-06-24 19:50:00',
           timestamp '2026-06-24 19:50:00' );
insert into chi_tiet_don_hang (
   chi_tiet_don_hang_id,
   don_hang_id,
   san_pham_id,
   so_luong,
   don_gia,
   thanh_tien,
   ghi_chu,
   created_at,
   updated_at
) values ( 'CTDH2026011503',
           'DH20260115',
           'SP008',
           3,
           38000,
           114000,
           N'Không lấy topping',
           timestamp '2026-06-24 19:50:00',
           timestamp '2026-06-24 19:50:00' );
insert into chi_tiet_don_hang (
   chi_tiet_don_hang_id,
   don_hang_id,
   san_pham_id,
   so_luong,
   don_gia,
   thanh_tien,
   ghi_chu,
   created_at,
   updated_at
) values ( 'CTDH2026011504',
           'DH20260115',
           'SP001',
           1,
           29000,
           29000,
           null,
           timestamp '2026-06-24 19:50:00',
           timestamp '2026-06-24 19:50:00' );
insert into chi_tiet_don_hang (
   chi_tiet_don_hang_id,
   don_hang_id,
   san_pham_id,
   so_luong,
   don_gia,
   thanh_tien,
   ghi_chu,
   created_at,
   updated_at
) values ( 'CTDH2026011601',
           'DH20260116',
           'SP002',
           3,
           32000,
           96000,
           N'Không lấy topping',
           timestamp '2026-08-03 05:00:00',
           timestamp '2026-08-03 05:00:00' );
insert into chi_tiet_don_hang (
   chi_tiet_don_hang_id,
   don_hang_id,
   san_pham_id,
   so_luong,
   don_gia,
   thanh_tien,
   ghi_chu,
   created_at,
   updated_at
) values ( 'CTDH2026011701',
           'DH20260117',
           'SP002',
           1,
           32000,
           32000,
           N'Ít đường',
           timestamp '2026-05-31 17:25:00',
           timestamp '2026-05-31 17:25:00' );
insert into chi_tiet_don_hang (
   chi_tiet_don_hang_id,
   don_hang_id,
   san_pham_id,
   so_luong,
   don_gia,
   thanh_tien,
   ghi_chu,
   created_at,
   updated_at
) values ( 'CTDH2026011702',
           'DH20260117',
           'SP005',
           3,
           39000,
           117000,
           null,
           timestamp '2026-05-31 17:25:00',
           timestamp '2026-05-31 17:25:00' );
insert into chi_tiet_don_hang (
   chi_tiet_don_hang_id,
   don_hang_id,
   san_pham_id,
   so_luong,
   don_gia,
   thanh_tien,
   ghi_chu,
   created_at,
   updated_at
) values ( 'CTDH2026011703',
           'DH20260117',
           'SP003',
           2,
           35000,
           70000,
           null,
           timestamp '2026-05-31 17:25:00',
           timestamp '2026-05-31 17:25:00' );
insert into chi_tiet_don_hang (
   chi_tiet_don_hang_id,
   don_hang_id,
   san_pham_id,
   so_luong,
   don_gia,
   thanh_tien,
   ghi_chu,
   created_at,
   updated_at
) values ( 'CTDH2026011704',
           'DH20260117',
           'SP009',
           3,
           49000,
           147000,
           N'Không lấy topping',
           timestamp '2026-05-31 17:25:00',
           timestamp '2026-05-31 17:25:00' );
insert into chi_tiet_don_hang (
   chi_tiet_don_hang_id,
   don_hang_id,
   san_pham_id,
   so_luong,
   don_gia,
   thanh_tien,
   ghi_chu,
   created_at,
   updated_at
) values ( 'CTDH2026011801',
           'DH20260118',
           'SP006',
           2,
           43000,
           86000,
           N'Ít đường',
           timestamp '2026-07-10 15:05:00',
           timestamp '2026-07-10 15:05:00' );
insert into chi_tiet_don_hang (
   chi_tiet_don_hang_id,
   don_hang_id,
   san_pham_id,
   so_luong,
   don_gia,
   thanh_tien,
   ghi_chu,
   created_at,
   updated_at
) values ( 'CTDH2026011802',
           'DH20260118',
           'SP001',
           2,
           29000,
           58000,
           null,
           timestamp '2026-07-10 15:05:00',
           timestamp '2026-07-10 15:05:00' );
insert into chi_tiet_don_hang (
   chi_tiet_don_hang_id,
   don_hang_id,
   san_pham_id,
   so_luong,
   don_gia,
   thanh_tien,
   ghi_chu,
   created_at,
   updated_at
) values ( 'CTDH2026011803',
           'DH20260118',
           'SP005',
           1,
           39000,
           39000,
           N'Không lấy topping',
           timestamp '2026-07-10 15:05:00',
           timestamp '2026-07-10 15:05:00' );
insert into chi_tiet_don_hang (
   chi_tiet_don_hang_id,
   don_hang_id,
   san_pham_id,
   so_luong,
   don_gia,
   thanh_tien,
   ghi_chu,
   created_at,
   updated_at
) values ( 'CTDH2026011804',
           'DH20260118',
           'SP007',
           2,
           45000,
           90000,
           N'Ít đường',
           timestamp '2026-07-10 15:05:00',
           timestamp '2026-07-10 15:05:00' );
insert into chi_tiet_don_hang (
   chi_tiet_don_hang_id,
   don_hang_id,
   san_pham_id,
   so_luong,
   don_gia,
   thanh_tien,
   ghi_chu,
   created_at,
   updated_at
) values ( 'CTDH2026011901',
           'DH20260119',
           'SP007',
           3,
           45000,
           135000,
           null,
           timestamp '2026-06-07 03:45:00',
           timestamp '2026-06-07 03:45:00' );
insert into chi_tiet_don_hang (
   chi_tiet_don_hang_id,
   don_hang_id,
   san_pham_id,
   so_luong,
   don_gia,
   thanh_tien,
   ghi_chu,
   created_at,
   updated_at
) values ( 'CTDH2026011902',
           'DH20260119',
           'SP003',
           2,
           35000,
           70000,
           null,
           timestamp '2026-06-07 03:45:00',
           timestamp '2026-06-07 03:45:00' );
insert into chi_tiet_don_hang (
   chi_tiet_don_hang_id,
   don_hang_id,
   san_pham_id,
   so_luong,
   don_gia,
   thanh_tien,
   ghi_chu,
   created_at,
   updated_at
) values ( 'CTDH2026012001',
           'DH20260120',
           'SP007',
           3,
           45000,
           135000,
           null,
           timestamp '2026-05-27 19:35:00',
           timestamp '2026-05-27 19:35:00' );
insert into chi_tiet_don_hang (
   chi_tiet_don_hang_id,
   don_hang_id,
   san_pham_id,
   so_luong,
   don_gia,
   thanh_tien,
   ghi_chu,
   created_at,
   updated_at
) values ( 'CTDH2026012002',
           'DH20260120',
           'SP008',
           3,
           38000,
           114000,
           null,
           timestamp '2026-05-27 19:35:00',
           timestamp '2026-05-27 19:35:00' );

insert into giao_dich_offline (
   giao_dich_id,
   pos_device_id,
   payload,
   trang_thai,
   created_at
) values ( 'GDO20260001',
           'POS001',
           to_clob(q'~{"source": "POS_OFFLINE", "local_bill_no": "OFF0001", "created_at": "2026-06-07 21:40:00", "amount": 128000}~'
           ),
           1,
           timestamp '2026-06-07 21:40:00' );
insert into giao_dich_offline (
   giao_dich_id,
   pos_device_id,
   payload,
   trang_thai,
   created_at
) values ( 'GDO20260002',
           'POS001',
           to_clob(q'~{"source": "POS_OFFLINE", "local_bill_no": "OFF0002", "created_at": "2026-07-08 05:30:00", "amount": 74000}~'
           ),
           1,
           timestamp '2026-07-08 05:30:00' );
insert into giao_dich_offline (
   giao_dich_id,
   pos_device_id,
   payload,
   trang_thai,
   created_at
) values ( 'GDO20260003',
           'POS002',
           to_clob(q'~{"source": "POS_OFFLINE", "local_bill_no": "OFF0003", "created_at": "2026-07-16 04:05:00", "amount": 128000}~'
           ),
           1,
           timestamp '2026-07-16 04:05:00' );
insert into giao_dich_offline (
   giao_dich_id,
   pos_device_id,
   payload,
   trang_thai,
   created_at
) values ( 'GDO20260004',
           'POS002',
           to_clob(q'~{"source": "POS_OFFLINE", "local_bill_no": "OFF0004", "created_at": "2026-06-18 02:30:00", "amount": 58000}~'
           ),
           1,
           timestamp '2026-06-18 02:30:00' );
insert into giao_dich_offline (
   giao_dich_id,
   pos_device_id,
   payload,
   trang_thai,
   created_at
) values ( 'GDO20260005',
           'POS002',
           to_clob(q'~{"source": "POS_OFFLINE", "local_bill_no": "OFF0005", "created_at": "2026-07-04 20:35:00", "amount": 29000}~'
           ),
           0,
           timestamp '2026-07-04 20:35:00' );
insert into giao_dich_offline (
   giao_dich_id,
   pos_device_id,
   payload,
   trang_thai,
   created_at
) values ( 'GDO20260006',
           'POS003',
           to_clob(q'~{"source": "POS_OFFLINE", "local_bill_no": "OFF0006", "created_at": "2026-07-21 20:30:00", "amount": 96000}~'
           ),
           0,
           timestamp '2026-07-21 20:30:00' );
insert into giao_dich_offline (
   giao_dich_id,
   pos_device_id,
   payload,
   trang_thai,
   created_at
) values ( 'GDO20260007',
           'POS004',
           to_clob(q'~{"source": "POS_OFFLINE", "local_bill_no": "OFF0007", "created_at": "2026-07-12 20:15:00", "amount": 128000}~'
           ),
           1,
           timestamp '2026-07-12 20:15:00' );
insert into giao_dich_offline (
   giao_dich_id,
   pos_device_id,
   payload,
   trang_thai,
   created_at
) values ( 'GDO20260008',
           'POS002',
           to_clob(q'~{"source": "POS_OFFLINE", "local_bill_no": "OFF0008", "created_at": "2026-06-21 23:05:00", "amount": 74000}~'
           ),
           0,
           timestamp '2026-06-21 23:05:00' );
insert into giao_dich_offline (
   giao_dich_id,
   pos_device_id,
   payload,
   trang_thai,
   created_at
) values ( 'GDO20260009',
           'POS004',
           to_clob(q'~{"source": "POS_OFFLINE", "local_bill_no": "OFF0009", "created_at": "2026-07-16 21:45:00", "amount": 74000}~'
           ),
           1,
           timestamp '2026-07-16 21:45:00' );
insert into giao_dich_offline (
   giao_dich_id,
   pos_device_id,
   payload,
   trang_thai,
   created_at
) values ( 'GDO20260010',
           'POS002',
           to_clob(q'~{"source": "POS_OFFLINE", "local_bill_no": "OFF0010", "created_at": "2026-07-08 22:50:00", "amount": 74000}~'
           ),
           1,
           timestamp '2026-07-08 22:50:00' );
insert into giao_dich_offline (
   giao_dich_id,
   pos_device_id,
   payload,
   trang_thai,
   created_at
) values ( 'GDO20260011',
           'POS002',
           to_clob(q'~{"source": "POS_OFFLINE", "local_bill_no": "OFF0011", "created_at": "2026-06-21 23:25:00", "amount": 96000}~'
           ),
           1,
           timestamp '2026-06-21 23:25:00' );
insert into giao_dich_offline (
   giao_dich_id,
   pos_device_id,
   payload,
   trang_thai,
   created_at
) values ( 'GDO20260012',
           'POS004',
           to_clob(q'~{"source": "POS_OFFLINE", "local_bill_no": "OFF0012", "created_at": "2026-07-04 03:55:00", "amount": 128000}~'
           ),
           0,
           timestamp '2026-07-04 03:55:00' );

insert into phieu_nhap_kho (
   phieu_nhap_id,
   kho_id,
   nha_cung_cap_id,
   nhan_vien_id,
   ngay_nhap,
   tong_so_luong,
   so_luong_mat_hang,
   trang_thai,
   ghi_chu,
   approved_by,
   approved_at,
   rejected_reason
) values ( 'PNK20260001',
           'KHO004',
           'NCC003',
           'NV014',
           timestamp '2026-07-14 17:35:00',
           86.33,
           5,
           'APPROVED',
           N'Phiếu nhập đã được quản lý duyệt',
           'NV013',
           timestamp '2026-07-14 19:35:00',
           null );
insert into phieu_nhap_kho (
   phieu_nhap_id,
   kho_id,
   nha_cung_cap_id,
   nhan_vien_id,
   ngay_nhap,
   tong_so_luong,
   so_luong_mat_hang,
   trang_thai,
   ghi_chu,
   approved_by,
   approved_at,
   rejected_reason
) values ( 'PNK20260002',
           'KHO001',
           'NCC001',
           'NV004',
           timestamp '2026-07-17 21:30:00',
           31.14,
           2,
           'PENDING_APPROVAL',
           N'Phiếu nhập chờ quản lý duyệt',
           null,
           null,
           null );
insert into phieu_nhap_kho (
   phieu_nhap_id,
   kho_id,
   nha_cung_cap_id,
   nhan_vien_id,
   ngay_nhap,
   tong_so_luong,
   so_luong_mat_hang,
   trang_thai,
   ghi_chu,
   approved_by,
   approved_at,
   rejected_reason
) values ( 'PNK20260003',
           'KHO002',
           'NCC005',
           'NV008',
           timestamp '2026-07-23 21:30:00',
           55.64,
           5,
           'DRAFT',
           N'Phiếu nhập đang lưu nháp',
           null,
           null,
           null );
insert into phieu_nhap_kho (
   phieu_nhap_id,
   kho_id,
   nha_cung_cap_id,
   nhan_vien_id,
   ngay_nhap,
   tong_so_luong,
   so_luong_mat_hang,
   trang_thai,
   ghi_chu,
   approved_by,
   approved_at,
   rejected_reason
) values ( 'PNK20260004',
           'KHO004',
           'NCC003',
           'NV014',
           timestamp '2026-07-10 23:05:00',
           78.11,
           5,
           'APPROVED',
           N'Phiếu nhập đã được quản lý duyệt',
           'NV013',
           timestamp '2026-07-11 04:05:00',
           null );
insert into phieu_nhap_kho (
   phieu_nhap_id,
   kho_id,
   nha_cung_cap_id,
   nhan_vien_id,
   ngay_nhap,
   tong_so_luong,
   so_luong_mat_hang,
   trang_thai,
   ghi_chu,
   approved_by,
   approved_at,
   rejected_reason
) values ( 'PNK20260005',
           'KHO002',
           'NCC003',
           'NV008',
           timestamp '2026-07-08 22:35:00',
           50.25,
           3,
           'APPROVED',
           N'Phiếu nhập đã được quản lý duyệt',
           'NV007',
           timestamp '2026-07-09 02:35:00',
           null );
insert into phieu_nhap_kho (
   phieu_nhap_id,
   kho_id,
   nha_cung_cap_id,
   nhan_vien_id,
   ngay_nhap,
   tong_so_luong,
   so_luong_mat_hang,
   trang_thai,
   ghi_chu,
   approved_by,
   approved_at,
   rejected_reason
) values ( 'PNK20260006',
           'KHO004',
           'NCC003',
           'NV014',
           timestamp '2026-07-15 16:55:00',
           33.03,
           3,
           'REJECTED',
           N'Phiếu nhập bị từ chối',
           'NV013',
           timestamp '2026-07-15 19:55:00',
           N'Sai số lượng thực nhận, yêu cầu kiểm lại' );
insert into phieu_nhap_kho (
   phieu_nhap_id,
   kho_id,
   nha_cung_cap_id,
   nhan_vien_id,
   ngay_nhap,
   tong_so_luong,
   so_luong_mat_hang,
   trang_thai,
   ghi_chu,
   approved_by,
   approved_at,
   rejected_reason
) values ( 'PNK20260007',
           'KHO004',
           'NCC003',
           'NV014',
           timestamp '2026-08-02 21:45:00',
           84.91,
           5,
           'PENDING_APPROVAL',
           N'Phiếu nhập chờ quản lý duyệt',
           null,
           null,
           null );
insert into phieu_nhap_kho (
   phieu_nhap_id,
   kho_id,
   nha_cung_cap_id,
   nhan_vien_id,
   ngay_nhap,
   tong_so_luong,
   so_luong_mat_hang,
   trang_thai,
   ghi_chu,
   approved_by,
   approved_at,
   rejected_reason
) values ( 'PNK20260008',
           'KHO002',
           'NCC003',
           'NV008',
           timestamp '2026-07-05 17:10:00',
           66.01,
           4,
           'APPROVED',
           N'Phiếu nhập đã được quản lý duyệt',
           'NV007',
           timestamp '2026-07-05 19:10:00',
           null );
insert into phieu_nhap_kho (
   phieu_nhap_id,
   kho_id,
   nha_cung_cap_id,
   nhan_vien_id,
   ngay_nhap,
   tong_so_luong,
   so_luong_mat_hang,
   trang_thai,
   ghi_chu,
   approved_by,
   approved_at,
   rejected_reason
) values ( 'PNK20260009',
           'KHO002',
           'NCC004',
           'NV008',
           timestamp '2026-07-28 20:10:00',
           63.14,
           3,
           'APPROVED',
           N'Phiếu nhập đã được quản lý duyệt',
           'NV007',
           timestamp '2026-07-29 01:10:00',
           null );
insert into phieu_nhap_kho (
   phieu_nhap_id,
   kho_id,
   nha_cung_cap_id,
   nhan_vien_id,
   ngay_nhap,
   tong_so_luong,
   so_luong_mat_hang,
   trang_thai,
   ghi_chu,
   approved_by,
   approved_at,
   rejected_reason
) values ( 'PNK20260010',
           'KHO004',
           'NCC003',
           'NV014',
           timestamp '2026-07-18 23:30:00',
           66.17,
           5,
           'APPROVED',
           N'Phiếu nhập đã được quản lý duyệt',
           'NV013',
           timestamp '2026-07-19 04:30:00',
           null );
insert into phieu_nhap_kho (
   phieu_nhap_id,
   kho_id,
   nha_cung_cap_id,
   nhan_vien_id,
   ngay_nhap,
   tong_so_luong,
   so_luong_mat_hang,
   trang_thai,
   ghi_chu,
   approved_by,
   approved_at,
   rejected_reason
) values ( 'PNK20260011',
           'KHO001',
           'NCC005',
           'NV004',
           timestamp '2026-06-10 20:40:00',
           60.67,
           4,
           'APPROVED',
           N'Phiếu nhập đã được quản lý duyệt',
           'NV003',
           timestamp '2026-06-11 00:40:00',
           null );
insert into phieu_nhap_kho (
   phieu_nhap_id,
   kho_id,
   nha_cung_cap_id,
   nhan_vien_id,
   ngay_nhap,
   tong_so_luong,
   so_luong_mat_hang,
   trang_thai,
   ghi_chu,
   approved_by,
   approved_at,
   rejected_reason
) values ( 'PNK20260012',
           'KHO003',
           'NCC003',
           'NV011',
           timestamp '2026-07-10 17:35:00',
           43.5,
           2,
           'DRAFT',
           N'Phiếu nhập đang lưu nháp',
           null,
           null,
           null );
insert into phieu_nhap_kho (
   phieu_nhap_id,
   kho_id,
   nha_cung_cap_id,
   nhan_vien_id,
   ngay_nhap,
   tong_so_luong,
   so_luong_mat_hang,
   trang_thai,
   ghi_chu,
   approved_by,
   approved_at,
   rejected_reason
) values ( 'PNK20260013',
           'KHO004',
           'NCC002',
           'NV014',
           timestamp '2026-06-17 18:15:00',
           39.33,
           3,
           'APPROVED',
           N'Phiếu nhập đã được quản lý duyệt',
           'NV013',
           timestamp '2026-06-17 21:15:00',
           null );
insert into phieu_nhap_kho (
   phieu_nhap_id,
   kho_id,
   nha_cung_cap_id,
   nhan_vien_id,
   ngay_nhap,
   tong_so_luong,
   so_luong_mat_hang,
   trang_thai,
   ghi_chu,
   approved_by,
   approved_at,
   rejected_reason
) values ( 'PNK20260014',
           'KHO001',
           'NCC003',
           'NV004',
           timestamp '2026-06-13 22:00:00',
           73.08,
           4,
           'REJECTED',
           N'Phiếu nhập bị từ chối',
           'NV003',
           timestamp '2026-06-14 02:00:00',
           N'Sai số lượng thực nhận, yêu cầu kiểm lại' );
insert into phieu_nhap_kho (
   phieu_nhap_id,
   kho_id,
   nha_cung_cap_id,
   nhan_vien_id,
   ngay_nhap,
   tong_so_luong,
   so_luong_mat_hang,
   trang_thai,
   ghi_chu,
   approved_by,
   approved_at,
   rejected_reason
) values ( 'PNK20260015',
           'KHO004',
           'NCC003',
           'NV014',
           timestamp '2026-07-23 17:50:00',
           48.16,
           2,
           'APPROVED',
           N'Phiếu nhập đã được quản lý duyệt',
           'NV013',
           timestamp '2026-07-23 21:50:00',
           null );
insert into phieu_nhap_kho (
   phieu_nhap_id,
   kho_id,
   nha_cung_cap_id,
   nhan_vien_id,
   ngay_nhap,
   tong_so_luong,
   so_luong_mat_hang,
   trang_thai,
   ghi_chu,
   approved_by,
   approved_at,
   rejected_reason
) values ( 'PNK20260016',
           'KHO004',
           'NCC003',
           'NV014',
           timestamp '2026-07-07 16:55:00',
           37.19,
           2,
           'PENDING_APPROVAL',
           N'Phiếu nhập chờ quản lý duyệt',
           null,
           null,
           null );
insert into phieu_nhap_kho (
   phieu_nhap_id,
   kho_id,
   nha_cung_cap_id,
   nhan_vien_id,
   ngay_nhap,
   tong_so_luong,
   so_luong_mat_hang,
   trang_thai,
   ghi_chu,
   approved_by,
   approved_at,
   rejected_reason
) values ( 'PNK20260017',
           'KHO002',
           'NCC004',
           'NV008',
           timestamp '2026-07-29 20:25:00',
           42.55,
           4,
           'APPROVED',
           N'Phiếu nhập đã được quản lý duyệt',
           'NV007',
           timestamp '2026-07-30 00:25:00',
           null );
insert into phieu_nhap_kho (
   phieu_nhap_id,
   kho_id,
   nha_cung_cap_id,
   nhan_vien_id,
   ngay_nhap,
   tong_so_luong,
   so_luong_mat_hang,
   trang_thai,
   ghi_chu,
   approved_by,
   approved_at,
   rejected_reason
) values ( 'PNK20260018',
           'KHO004',
           'NCC004',
           'NV014',
           timestamp '2026-05-27 22:15:00',
           34.2,
           3,
           'APPROVED',
           N'Phiếu nhập đã được quản lý duyệt',
           'NV013',
           timestamp '2026-05-28 00:15:00',
           null );
insert into phieu_nhap_kho (
   phieu_nhap_id,
   kho_id,
   nha_cung_cap_id,
   nhan_vien_id,
   ngay_nhap,
   tong_so_luong,
   so_luong_mat_hang,
   trang_thai,
   ghi_chu,
   approved_by,
   approved_at,
   rejected_reason
) values ( 'PNK20260019',
           'KHO001',
           'NCC005',
           'NV004',
           timestamp '2026-07-16 20:55:00',
           16.63,
           3,
           'REJECTED',
           N'Phiếu nhập bị từ chối',
           'NV003',
           timestamp '2026-07-17 00:55:00',
           N'Sai số lượng thực nhận, yêu cầu kiểm lại' );
insert into phieu_nhap_kho (
   phieu_nhap_id,
   kho_id,
   nha_cung_cap_id,
   nhan_vien_id,
   ngay_nhap,
   tong_so_luong,
   so_luong_mat_hang,
   trang_thai,
   ghi_chu,
   approved_by,
   approved_at,
   rejected_reason
) values ( 'PNK20260020',
           'KHO001',
           'NCC003',
           'NV004',
           timestamp '2026-05-28 21:05:00',
           67.44,
           5,
           'APPROVED',
           N'Phiếu nhập đã được quản lý duyệt',
           'NV003',
           timestamp '2026-05-28 23:05:00',
           null );
insert into phieu_nhap_kho (
   phieu_nhap_id,
   kho_id,
   nha_cung_cap_id,
   nhan_vien_id,
   ngay_nhap,
   tong_so_luong,
   so_luong_mat_hang,
   trang_thai,
   ghi_chu,
   approved_by,
   approved_at,
   rejected_reason
) values ( 'PNK20260021',
           'KHO001',
           'NCC003',
           'NV004',
           timestamp '2026-08-02 16:45:00',
           64.86,
           3,
           'APPROVED',
           N'Phiếu nhập đã được quản lý duyệt',
           'NV003',
           timestamp '2026-08-02 17:45:00',
           null );
insert into phieu_nhap_kho (
   phieu_nhap_id,
   kho_id,
   nha_cung_cap_id,
   nhan_vien_id,
   ngay_nhap,
   tong_so_luong,
   so_luong_mat_hang,
   trang_thai,
   ghi_chu,
   approved_by,
   approved_at,
   rejected_reason
) values ( 'PNK20260022',
           'KHO001',
           'NCC002',
           'NV004',
           timestamp '2026-06-13 17:45:00',
           54.18,
           5,
           'PENDING_APPROVAL',
           N'Phiếu nhập chờ quản lý duyệt',
           null,
           null,
           null );
insert into phieu_nhap_kho (
   phieu_nhap_id,
   kho_id,
   nha_cung_cap_id,
   nhan_vien_id,
   ngay_nhap,
   tong_so_luong,
   so_luong_mat_hang,
   trang_thai,
   ghi_chu,
   approved_by,
   approved_at,
   rejected_reason
) values ( 'PNK20260023',
           'KHO003',
           'NCC004',
           'NV011',
           timestamp '2026-06-22 19:55:00',
           74.95,
           5,
           'APPROVED',
           N'Phiếu nhập đã được quản lý duyệt',
           'NV010',
           timestamp '2026-06-22 23:55:00',
           null );
insert into phieu_nhap_kho (
   phieu_nhap_id,
   kho_id,
   nha_cung_cap_id,
   nhan_vien_id,
   ngay_nhap,
   tong_so_luong,
   so_luong_mat_hang,
   trang_thai,
   ghi_chu,
   approved_by,
   approved_at,
   rejected_reason
) values ( 'PNK20260024',
           'KHO003',
           'NCC001',
           'NV011',
           timestamp '2026-08-04 18:35:00',
           7.34,
           2,
           'PENDING_APPROVAL',
           N'Phiếu nhập chờ quản lý duyệt',
           null,
           null,
           null );
insert into phieu_nhap_kho (
   phieu_nhap_id,
   kho_id,
   nha_cung_cap_id,
   nhan_vien_id,
   ngay_nhap,
   tong_so_luong,
   so_luong_mat_hang,
   trang_thai,
   ghi_chu,
   approved_by,
   approved_at,
   rejected_reason
) values ( 'PNK20260025',
           'KHO004',
           'NCC005',
           'NV014',
           timestamp '2026-07-30 20:50:00',
           75.13,
           5,
           'APPROVED',
           N'Phiếu nhập đã được quản lý duyệt',
           'NV013',
           timestamp '2026-07-31 01:50:00',
           null );
insert into phieu_nhap_kho (
   phieu_nhap_id,
   kho_id,
   nha_cung_cap_id,
   nhan_vien_id,
   ngay_nhap,
   tong_so_luong,
   so_luong_mat_hang,
   trang_thai,
   ghi_chu,
   approved_by,
   approved_at,
   rejected_reason
) values ( 'PNK20260026',
           'KHO001',
           'NCC002',
           'NV004',
           timestamp '2026-07-05 22:55:00',
           44.83,
           3,
           'APPROVED',
           N'Phiếu nhập đã được quản lý duyệt',
           'NV003',
           timestamp '2026-07-06 00:55:00',
           null );
insert into phieu_nhap_kho (
   phieu_nhap_id,
   kho_id,
   nha_cung_cap_id,
   nhan_vien_id,
   ngay_nhap,
   tong_so_luong,
   so_luong_mat_hang,
   trang_thai,
   ghi_chu,
   approved_by,
   approved_at,
   rejected_reason
) values ( 'PNK20260027',
           'KHO001',
           'NCC004',
           'NV004',
           timestamp '2026-05-28 18:55:00',
           42.76,
           2,
           'REJECTED',
           N'Phiếu nhập bị từ chối',
           'NV003',
           timestamp '2026-05-28 21:55:00',
           N'Sai số lượng thực nhận, yêu cầu kiểm lại' );
insert into phieu_nhap_kho (
   phieu_nhap_id,
   kho_id,
   nha_cung_cap_id,
   nhan_vien_id,
   ngay_nhap,
   tong_so_luong,
   so_luong_mat_hang,
   trang_thai,
   ghi_chu,
   approved_by,
   approved_at,
   rejected_reason
) values ( 'PNK20260028',
           'KHO002',
           'NCC002',
           'NV008',
           timestamp '2026-07-13 18:55:00',
           50.64,
           4,
           'DRAFT',
           N'Phiếu nhập đang lưu nháp',
           null,
           null,
           null );
insert into phieu_nhap_kho (
   phieu_nhap_id,
   kho_id,
   nha_cung_cap_id,
   nhan_vien_id,
   ngay_nhap,
   tong_so_luong,
   so_luong_mat_hang,
   trang_thai,
   ghi_chu,
   approved_by,
   approved_at,
   rejected_reason
) values ( 'PNK20260029',
           'KHO003',
           'NCC002',
           'NV011',
           timestamp '2026-06-03 23:45:00',
           50.89,
           3,
           'DRAFT',
           N'Phiếu nhập đang lưu nháp',
           null,
           null,
           null );
insert into phieu_nhap_kho (
   phieu_nhap_id,
   kho_id,
   nha_cung_cap_id,
   nhan_vien_id,
   ngay_nhap,
   tong_so_luong,
   so_luong_mat_hang,
   trang_thai,
   ghi_chu,
   approved_by,
   approved_at,
   rejected_reason
) values ( 'PNK20260030',
           'KHO001',
           'NCC003',
           'NV004',
           timestamp '2026-06-01 16:15:00',
           20.04,
           2,
           'APPROVED',
           N'Phiếu nhập đã được quản lý duyệt',
           'NV003',
           timestamp '2026-06-01 21:15:00',
           null );
insert into phieu_nhap_kho (
   phieu_nhap_id,
   kho_id,
   nha_cung_cap_id,
   nhan_vien_id,
   ngay_nhap,
   tong_so_luong,
   so_luong_mat_hang,
   trang_thai,
   ghi_chu,
   approved_by,
   approved_at,
   rejected_reason
) values ( 'PNK20260031',
           'KHO004',
           'NCC004',
           'NV014',
           timestamp '2026-06-24 21:15:00',
           72.38,
           5,
           'APPROVED',
           N'Phiếu nhập đã được quản lý duyệt',
           'NV013',
           timestamp '2026-06-25 00:15:00',
           null );
insert into phieu_nhap_kho (
   phieu_nhap_id,
   kho_id,
   nha_cung_cap_id,
   nhan_vien_id,
   ngay_nhap,
   tong_so_luong,
   so_luong_mat_hang,
   trang_thai,
   ghi_chu,
   approved_by,
   approved_at,
   rejected_reason
) values ( 'PNK20260032',
           'KHO003',
           'NCC001',
           'NV011',
           timestamp '2026-07-07 17:40:00',
           102.64,
           5,
           'PENDING_APPROVAL',
           N'Phiếu nhập chờ quản lý duyệt',
           null,
           null,
           null );
insert into chi_tiet_nhap_kho (
   chi_tiet_nhap_id,
   phieu_nhap_id,
   san_pham_id,
   so_luong,
   don_gia,
   ghi_chu
) values ( 'CTNK2026000101',
           'PNK20260001',
           'NL013',
           22.77,
           85000,
           N'Bổ sung tồn kho' );
insert into chi_tiet_nhap_kho (
   chi_tiet_nhap_id,
   phieu_nhap_id,
   san_pham_id,
   so_luong,
   don_gia,
   ghi_chu
) values ( 'CTNK2026000102',
           'PNK20260001',
           'NL017',
           20.54,
           45000,
           N'Theo đơn đặt hàng' );
insert into chi_tiet_nhap_kho (
   chi_tiet_nhap_id,
   phieu_nhap_id,
   san_pham_id,
   so_luong,
   don_gia,
   ghi_chu
) values ( 'CTNK2026000103',
           'PNK20260001',
           'NL014',
           17.85,
           5000,
           N'Nhập định kỳ' );
insert into chi_tiet_nhap_kho (
   chi_tiet_nhap_id,
   phieu_nhap_id,
   san_pham_id,
   so_luong,
   don_gia,
   ghi_chu
) values ( 'CTNK2026000104',
           'PNK20260001',
           'NL009',
           5.73,
           210000,
           N'Nhập định kỳ' );
insert into chi_tiet_nhap_kho (
   chi_tiet_nhap_id,
   phieu_nhap_id,
   san_pham_id,
   so_luong,
   don_gia,
   ghi_chu
) values ( 'CTNK2026000105',
           'PNK20260001',
           'NL001',
           19.44,
           180000,
           N'Bổ sung tồn kho' );
insert into chi_tiet_nhap_kho (
   chi_tiet_nhap_id,
   phieu_nhap_id,
   san_pham_id,
   so_luong,
   don_gia,
   ghi_chu
) values ( 'CTNK2026000201',
           'PNK20260002',
           'NL001',
           9.47,
           180000,
           N'Theo đơn đặt hàng' );
insert into chi_tiet_nhap_kho (
   chi_tiet_nhap_id,
   phieu_nhap_id,
   san_pham_id,
   so_luong,
   don_gia,
   ghi_chu
) values ( 'CTNK2026000202',
           'PNK20260002',
           'NL004',
           21.67,
           28000,
           N'Theo đơn đặt hàng' );
insert into chi_tiet_nhap_kho (
   chi_tiet_nhap_id,
   phieu_nhap_id,
   san_pham_id,
   so_luong,
   don_gia,
   ghi_chu
) values ( 'CTNK2026000301',
           'PNK20260003',
           'NL017',
           5.61,
           45000,
           N'Bổ sung tồn kho' );
insert into chi_tiet_nhap_kho (
   chi_tiet_nhap_id,
   phieu_nhap_id,
   san_pham_id,
   so_luong,
   don_gia,
   ghi_chu
) values ( 'CTNK2026000302',
           'PNK20260003',
           'NL005',
           26.01,
           52000,
           N'Nhập định kỳ' );
insert into chi_tiet_nhap_kho (
   chi_tiet_nhap_id,
   phieu_nhap_id,
   san_pham_id,
   so_luong,
   don_gia,
   ghi_chu
) values ( 'CTNK2026000303',
           'PNK20260003',
           'NL012',
           5.9,
           62000,
           N'Theo đơn đặt hàng' );
insert into chi_tiet_nhap_kho (
   chi_tiet_nhap_id,
   phieu_nhap_id,
   san_pham_id,
   so_luong,
   don_gia,
   ghi_chu
) values ( 'CTNK2026000304',
           'PNK20260003',
           'NL001',
           6.54,
           180000,
           N'Bổ sung tồn kho' );
insert into chi_tiet_nhap_kho (
   chi_tiet_nhap_id,
   phieu_nhap_id,
   san_pham_id,
   so_luong,
   don_gia,
   ghi_chu
) values ( 'CTNK2026000305',
           'PNK20260003',
           'NL008',
           11.58,
           320000,
           N'Nhập định kỳ' );
insert into chi_tiet_nhap_kho (
   chi_tiet_nhap_id,
   phieu_nhap_id,
   san_pham_id,
   so_luong,
   don_gia,
   ghi_chu
) values ( 'CTNK2026000401',
           'PNK20260004',
           'NL015',
           23.25,
           69000,
           N'Nhập định kỳ' );
insert into chi_tiet_nhap_kho (
   chi_tiet_nhap_id,
   phieu_nhap_id,
   san_pham_id,
   so_luong,
   don_gia,
   ghi_chu
) values ( 'CTNK2026000402',
           'PNK20260004',
           'NL011',
           3.56,
           36000,
           N'Bổ sung tồn kho' );
insert into chi_tiet_nhap_kho (
   chi_tiet_nhap_id,
   phieu_nhap_id,
   san_pham_id,
   so_luong,
   don_gia,
   ghi_chu
) values ( 'CTNK2026000403',
           'PNK20260004',
           'NL003',
           19.2,
           36000,
           N'Theo đơn đặt hàng' );
insert into chi_tiet_nhap_kho (
   chi_tiet_nhap_id,
   phieu_nhap_id,
   san_pham_id,
   so_luong,
   don_gia,
   ghi_chu
) values ( 'CTNK2026000404',
           'PNK20260004',
           'NL005',
           23,
           52000,
           N'Theo đơn đặt hàng' );
insert into chi_tiet_nhap_kho (
   chi_tiet_nhap_id,
   phieu_nhap_id,
   san_pham_id,
   so_luong,
   don_gia,
   ghi_chu
) values ( 'CTNK2026000405',
           'PNK20260004',
           'NL001',
           9.1,
           180000,
           N'Nhập định kỳ' );
insert into chi_tiet_nhap_kho (
   chi_tiet_nhap_id,
   phieu_nhap_id,
   san_pham_id,
   so_luong,
   don_gia,
   ghi_chu
) values ( 'CTNK2026000501',
           'PNK20260005',
           'NL013',
           19.01,
           85000,
           N'Bổ sung tồn kho' );
insert into chi_tiet_nhap_kho (
   chi_tiet_nhap_id,
   phieu_nhap_id,
   san_pham_id,
   so_luong,
   don_gia,
   ghi_chu
) values ( 'CTNK2026000502',
           'PNK20260005',
           'NL006',
           12.89,
           78000,
           N'Theo đơn đặt hàng' );
insert into chi_tiet_nhap_kho (
   chi_tiet_nhap_id,
   phieu_nhap_id,
   san_pham_id,
   so_luong,
   don_gia,
   ghi_chu
) values ( 'CTNK2026000503',
           'PNK20260005',
           'NL017',
           18.35,
           45000,
           N'Nhập định kỳ' );
insert into chi_tiet_nhap_kho (
   chi_tiet_nhap_id,
   phieu_nhap_id,
   san_pham_id,
   so_luong,
   don_gia,
   ghi_chu
) values ( 'CTNK2026000601',
           'PNK20260006',
           'NL007',
           17.43,
           220000,
           N'Theo đơn đặt hàng' );
insert into chi_tiet_nhap_kho (
   chi_tiet_nhap_id,
   phieu_nhap_id,
   san_pham_id,
   so_luong,
   don_gia,
   ghi_chu
) values ( 'CTNK2026000602',
           'PNK20260006',
           'NL009',
           7.67,
           210000,
           N'Bổ sung tồn kho' );
insert into chi_tiet_nhap_kho (
   chi_tiet_nhap_id,
   phieu_nhap_id,
   san_pham_id,
   so_luong,
   don_gia,
   ghi_chu
) values ( 'CTNK2026000603',
           'PNK20260006',
           'NL003',
           7.93,
           36000,
           N'Nhập định kỳ' );
insert into chi_tiet_nhap_kho (
   chi_tiet_nhap_id,
   phieu_nhap_id,
   san_pham_id,
   so_luong,
   don_gia,
   ghi_chu
) values ( 'CTNK2026000701',
           'PNK20260007',
           'NL013',
           14.45,
           85000,
           N'Nhập định kỳ' );
insert into chi_tiet_nhap_kho (
   chi_tiet_nhap_id,
   phieu_nhap_id,
   san_pham_id,
   so_luong,
   don_gia,
   ghi_chu
) values ( 'CTNK2026000702',
           'PNK20260007',
           'NL004',
           23.34,
           28000,
           N'Theo đơn đặt hàng' );
insert into chi_tiet_nhap_kho (
   chi_tiet_nhap_id,
   phieu_nhap_id,
   san_pham_id,
   so_luong,
   don_gia,
   ghi_chu
) values ( 'CTNK2026000703',
           'PNK20260007',
           'NL012',
           23.02,
           62000,
           N'Theo đơn đặt hàng' );
insert into chi_tiet_nhap_kho (
   chi_tiet_nhap_id,
   phieu_nhap_id,
   san_pham_id,
   so_luong,
   don_gia,
   ghi_chu
) values ( 'CTNK2026000704',
           'PNK20260007',
           'NL006',
           17.75,
           78000,
           N'Theo đơn đặt hàng' );
insert into chi_tiet_nhap_kho (
   chi_tiet_nhap_id,
   phieu_nhap_id,
   san_pham_id,
   so_luong,
   don_gia,
   ghi_chu
) values ( 'CTNK2026000705',
           'PNK20260007',
           'NL014',
           6.35,
           5000,
           N'Nhập định kỳ' );
insert into chi_tiet_nhap_kho (
   chi_tiet_nhap_id,
   phieu_nhap_id,
   san_pham_id,
   so_luong,
   don_gia,
   ghi_chu
) values ( 'CTNK2026000801',
           'PNK20260008',
           'NL005',
           17.91,
           52000,
           N'Theo đơn đặt hàng' );
insert into chi_tiet_nhap_kho (
   chi_tiet_nhap_id,
   phieu_nhap_id,
   san_pham_id,
   so_luong,
   don_gia,
   ghi_chu
) values ( 'CTNK2026000802',
           'PNK20260008',
           'NL017',
           12.59,
           45000,
           N'Nhập định kỳ' );
insert into chi_tiet_nhap_kho (
   chi_tiet_nhap_id,
   phieu_nhap_id,
   san_pham_id,
   so_luong,
   don_gia,
   ghi_chu
) values ( 'CTNK2026000803',
           'PNK20260008',
           'NL013',
           15.17,
           85000,
           N'Theo đơn đặt hàng' );
insert into chi_tiet_nhap_kho (
   chi_tiet_nhap_id,
   phieu_nhap_id,
   san_pham_id,
   so_luong,
   don_gia,
   ghi_chu
) values ( 'CTNK2026000804',
           'PNK20260008',
           'NL007',
           20.34,
           220000,
           N'Theo đơn đặt hàng' );
insert into chi_tiet_nhap_kho (
   chi_tiet_nhap_id,
   phieu_nhap_id,
   san_pham_id,
   so_luong,
   don_gia,
   ghi_chu
) values ( 'CTNK2026000901',
           'PNK20260009',
           'NL011',
           24.64,
           36000,
           N'Nhập định kỳ' );
insert into chi_tiet_nhap_kho (
   chi_tiet_nhap_id,
   phieu_nhap_id,
   san_pham_id,
   so_luong,
   don_gia,
   ghi_chu
) values ( 'CTNK2026000902',
           'PNK20260009',
           'NL015',
           15.12,
           69000,
           N'Nhập định kỳ' );
insert into chi_tiet_nhap_kho (
   chi_tiet_nhap_id,
   phieu_nhap_id,
   san_pham_id,
   so_luong,
   don_gia,
   ghi_chu
) values ( 'CTNK2026000903',
           'PNK20260009',
           'NL002',
           23.38,
           45000,
           N'Theo đơn đặt hàng' );
insert into chi_tiet_nhap_kho (
   chi_tiet_nhap_id,
   phieu_nhap_id,
   san_pham_id,
   so_luong,
   don_gia,
   ghi_chu
) values ( 'CTNK2026001001',
           'PNK20260010',
           'NL016',
           22.9,
           180000,
           N'Nhập định kỳ' );
insert into chi_tiet_nhap_kho (
   chi_tiet_nhap_id,
   phieu_nhap_id,
   san_pham_id,
   so_luong,
   don_gia,
   ghi_chu
) values ( 'CTNK2026001002',
           'PNK20260010',
           'NL006',
           10.3,
           78000,
           N'Bổ sung tồn kho' );
insert into chi_tiet_nhap_kho (
   chi_tiet_nhap_id,
   phieu_nhap_id,
   san_pham_id,
   so_luong,
   don_gia,
   ghi_chu
) values ( 'CTNK2026001003',
           'PNK20260010',
           'NL003',
           8.62,
           36000,
           N'Bổ sung tồn kho' );
insert into chi_tiet_nhap_kho (
   chi_tiet_nhap_id,
   phieu_nhap_id,
   san_pham_id,
   so_luong,
   don_gia,
   ghi_chu
) values ( 'CTNK2026001004',
           'PNK20260010',
           'NL010',
           7.21,
           95000,
           N'Bổ sung tồn kho' );
insert into chi_tiet_nhap_kho (
   chi_tiet_nhap_id,
   phieu_nhap_id,
   san_pham_id,
   so_luong,
   don_gia,
   ghi_chu
) values ( 'CTNK2026001005',
           'PNK20260010',
           'NL001',
           17.14,
           180000,
           N'Bổ sung tồn kho' );
insert into chi_tiet_nhap_kho (
   chi_tiet_nhap_id,
   phieu_nhap_id,
   san_pham_id,
   so_luong,
   don_gia,
   ghi_chu
) values ( 'CTNK2026001101',
           'PNK20260011',
           'NL018',
           8.46,
           38000,
           N'Bổ sung tồn kho' );
insert into chi_tiet_nhap_kho (
   chi_tiet_nhap_id,
   phieu_nhap_id,
   san_pham_id,
   so_luong,
   don_gia,
   ghi_chu
) values ( 'CTNK2026001102',
           'PNK20260011',
           'NL002',
           5.56,
           45000,
           N'Theo đơn đặt hàng' );
insert into chi_tiet_nhap_kho (
   chi_tiet_nhap_id,
   phieu_nhap_id,
   san_pham_id,
   so_luong,
   don_gia,
   ghi_chu
) values ( 'CTNK2026001103',
           'PNK20260011',
           'NL015',
           21.78,
           69000,
           N'Bổ sung tồn kho' );
insert into chi_tiet_nhap_kho (
   chi_tiet_nhap_id,
   phieu_nhap_id,
   san_pham_id,
   so_luong,
   don_gia,
   ghi_chu
) values ( 'CTNK2026001104',
           'PNK20260011',
           'NL009',
           24.87,
           210000,
           N'Nhập định kỳ' );
insert into chi_tiet_nhap_kho (
   chi_tiet_nhap_id,
   phieu_nhap_id,
   san_pham_id,
   so_luong,
   don_gia,
   ghi_chu
) values ( 'CTNK2026001201',
           'PNK20260012',
           'NL008',
           23.27,
           320000,
           N'Theo đơn đặt hàng' );
insert into chi_tiet_nhap_kho (
   chi_tiet_nhap_id,
   phieu_nhap_id,
   san_pham_id,
   so_luong,
   don_gia,
   ghi_chu
) values ( 'CTNK2026001202',
           'PNK20260012',
           'NL007',
           20.23,
           220000,
           N'Theo đơn đặt hàng' );
insert into chi_tiet_nhap_kho (
   chi_tiet_nhap_id,
   phieu_nhap_id,
   san_pham_id,
   so_luong,
   don_gia,
   ghi_chu
) values ( 'CTNK2026001301',
           'PNK20260013',
           'NL002',
           17.92,
           45000,
           N'Nhập định kỳ' );
insert into chi_tiet_nhap_kho (
   chi_tiet_nhap_id,
   phieu_nhap_id,
   san_pham_id,
   so_luong,
   don_gia,
   ghi_chu
) values ( 'CTNK2026001302',
           'PNK20260013',
           'NL012',
           11.09,
           62000,
           N'Theo đơn đặt hàng' );
insert into chi_tiet_nhap_kho (
   chi_tiet_nhap_id,
   phieu_nhap_id,
   san_pham_id,
   so_luong,
   don_gia,
   ghi_chu
) values ( 'CTNK2026001303',
           'PNK20260013',
           'NL009',
           10.32,
           210000,
           N'Theo đơn đặt hàng' );
insert into chi_tiet_nhap_kho (
   chi_tiet_nhap_id,
   phieu_nhap_id,
   san_pham_id,
   so_luong,
   don_gia,
   ghi_chu
) values ( 'CTNK2026001401',
           'PNK20260014',
           'NL005',
           20.78,
           52000,
           N'Nhập định kỳ' );
insert into chi_tiet_nhap_kho (
   chi_tiet_nhap_id,
   phieu_nhap_id,
   san_pham_id,
   so_luong,
   don_gia,
   ghi_chu
) values ( 'CTNK2026001402',
           'PNK20260014',
           'NL018',
           22.04,
           38000,
           N'Theo đơn đặt hàng' );
insert into chi_tiet_nhap_kho (
   chi_tiet_nhap_id,
   phieu_nhap_id,
   san_pham_id,
   so_luong,
   don_gia,
   ghi_chu
) values ( 'CTNK2026001403',
           'PNK20260014',
           'NL008',
           12.82,
           320000,
           N'Nhập định kỳ' );
insert into chi_tiet_nhap_kho (
   chi_tiet_nhap_id,
   phieu_nhap_id,
   san_pham_id,
   so_luong,
   don_gia,
   ghi_chu
) values ( 'CTNK2026001404',
           'PNK20260014',
           'NL003',
           17.44,
           36000,
           N'Bổ sung tồn kho' );
insert into chi_tiet_nhap_kho (
   chi_tiet_nhap_id,
   phieu_nhap_id,
   san_pham_id,
   so_luong,
   don_gia,
   ghi_chu
) values ( 'CTNK2026001501',
           'PNK20260015',
           'NL013',
           21.75,
           85000,
           N'Theo đơn đặt hàng' );
insert into chi_tiet_nhap_kho (
   chi_tiet_nhap_id,
   phieu_nhap_id,
   san_pham_id,
   so_luong,
   don_gia,
   ghi_chu
) values ( 'CTNK2026001502',
           'PNK20260015',
           'NL017',
           26.41,
           45000,
           N'Bổ sung tồn kho' );
insert into chi_tiet_nhap_kho (
   chi_tiet_nhap_id,
   phieu_nhap_id,
   san_pham_id,
   so_luong,
   don_gia,
   ghi_chu
) values ( 'CTNK2026001601',
           'PNK20260016',
           'NL015',
           24.25,
           69000,
           N'Theo đơn đặt hàng' );
insert into chi_tiet_nhap_kho (
   chi_tiet_nhap_id,
   phieu_nhap_id,
   san_pham_id,
   so_luong,
   don_gia,
   ghi_chu
) values ( 'CTNK2026001602',
           'PNK20260016',
           'NL012',
           12.94,
           62000,
           N'Bổ sung tồn kho' );
insert into chi_tiet_nhap_kho (
   chi_tiet_nhap_id,
   phieu_nhap_id,
   san_pham_id,
   so_luong,
   don_gia,
   ghi_chu
) values ( 'CTNK2026001701',
           'PNK20260017',
           'NL011',
           11.59,
           36000,
           N'Theo đơn đặt hàng' );
insert into chi_tiet_nhap_kho (
   chi_tiet_nhap_id,
   phieu_nhap_id,
   san_pham_id,
   so_luong,
   don_gia,
   ghi_chu
) values ( 'CTNK2026001702',
           'PNK20260017',
           'NL005',
           22.06,
           52000,
           N'Nhập định kỳ' );
insert into chi_tiet_nhap_kho (
   chi_tiet_nhap_id,
   phieu_nhap_id,
   san_pham_id,
   so_luong,
   don_gia,
   ghi_chu
) values ( 'CTNK2026001703',
           'PNK20260017',
           'NL016',
           5.49,
           180000,
           N'Bổ sung tồn kho' );
insert into chi_tiet_nhap_kho (
   chi_tiet_nhap_id,
   phieu_nhap_id,
   san_pham_id,
   so_luong,
   don_gia,
   ghi_chu
) values ( 'CTNK2026001704',
           'PNK20260017',
           'NL013',
           3.41,
           85000,
           N'Nhập định kỳ' );
insert into chi_tiet_nhap_kho (
   chi_tiet_nhap_id,
   phieu_nhap_id,
   san_pham_id,
   so_luong,
   don_gia,
   ghi_chu
) values ( 'CTNK2026001801',
           'PNK20260018',
           'NL010',
           5.33,
           95000,
           N'Bổ sung tồn kho' );
insert into chi_tiet_nhap_kho (
   chi_tiet_nhap_id,
   phieu_nhap_id,
   san_pham_id,
   so_luong,
   don_gia,
   ghi_chu
) values ( 'CTNK2026001802',
           'PNK20260018',
           'NL006',
           9.26,
           78000,
           N'Bổ sung tồn kho' );
insert into chi_tiet_nhap_kho (
   chi_tiet_nhap_id,
   phieu_nhap_id,
   san_pham_id,
   so_luong,
   don_gia,
   ghi_chu
) values ( 'CTNK2026001803',
           'PNK20260018',
           'NL009',
           19.61,
           210000,
           N'Theo đơn đặt hàng' );
insert into chi_tiet_nhap_kho (
   chi_tiet_nhap_id,
   phieu_nhap_id,
   san_pham_id,
   so_luong,
   don_gia,
   ghi_chu
) values ( 'CTNK2026001901',
           'PNK20260019',
           'NL014',
           3.03,
           5000,
           N'Bổ sung tồn kho' );
insert into chi_tiet_nhap_kho (
   chi_tiet_nhap_id,
   phieu_nhap_id,
   san_pham_id,
   so_luong,
   don_gia,
   ghi_chu
) values ( 'CTNK2026001902',
           'PNK20260019',
           'NL003',
           4.95,
           36000,
           N'Theo đơn đặt hàng' );
insert into chi_tiet_nhap_kho (
   chi_tiet_nhap_id,
   phieu_nhap_id,
   san_pham_id,
   so_luong,
   don_gia,
   ghi_chu
) values ( 'CTNK2026001903',
           'PNK20260019',
           'NL004',
           8.65,
           28000,
           N'Theo đơn đặt hàng' );
insert into chi_tiet_nhap_kho (
   chi_tiet_nhap_id,
   phieu_nhap_id,
   san_pham_id,
   so_luong,
   don_gia,
   ghi_chu
) values ( 'CTNK2026002001',
           'PNK20260020',
           'NL005',
           5.23,
           52000,
           N'Nhập định kỳ' );
insert into chi_tiet_nhap_kho (
   chi_tiet_nhap_id,
   phieu_nhap_id,
   san_pham_id,
   so_luong,
   don_gia,
   ghi_chu
) values ( 'CTNK2026002002',
           'PNK20260020',
           'NL016',
           5.58,
           180000,
           N'Bổ sung tồn kho' );
insert into chi_tiet_nhap_kho (
   chi_tiet_nhap_id,
   phieu_nhap_id,
   san_pham_id,
   so_luong,
   don_gia,
   ghi_chu
) values ( 'CTNK2026002003',
           'PNK20260020',
           'NL003',
           25.02,
           36000,
           N'Nhập định kỳ' );
insert into chi_tiet_nhap_kho (
   chi_tiet_nhap_id,
   phieu_nhap_id,
   san_pham_id,
   so_luong,
   don_gia,
   ghi_chu
) values ( 'CTNK2026002004',
           'PNK20260020',
           'NL004',
           12.57,
           28000,
           N'Nhập định kỳ' );
insert into chi_tiet_nhap_kho (
   chi_tiet_nhap_id,
   phieu_nhap_id,
   san_pham_id,
   so_luong,
   don_gia,
   ghi_chu
) values ( 'CTNK2026002005',
           'PNK20260020',
           'NL007',
           19.04,
           220000,
           N'Theo đơn đặt hàng' );
insert into chi_tiet_nhap_kho (
   chi_tiet_nhap_id,
   phieu_nhap_id,
   san_pham_id,
   so_luong,
   don_gia,
   ghi_chu
) values ( 'CTNK2026002101',
           'PNK20260021',
           'NL015',
           18.7,
           69000,
           N'Nhập định kỳ' );
insert into chi_tiet_nhap_kho (
   chi_tiet_nhap_id,
   phieu_nhap_id,
   san_pham_id,
   so_luong,
   don_gia,
   ghi_chu
) values ( 'CTNK2026002102',
           'PNK20260021',
           'NL012',
           26,
           62000,
           N'Theo đơn đặt hàng' );
insert into chi_tiet_nhap_kho (
   chi_tiet_nhap_id,
   phieu_nhap_id,
   san_pham_id,
   so_luong,
   don_gia,
   ghi_chu
) values ( 'CTNK2026002103',
           'PNK20260021',
           'NL007',
           20.16,
           220000,
           N'Nhập định kỳ' );
insert into chi_tiet_nhap_kho (
   chi_tiet_nhap_id,
   phieu_nhap_id,
   san_pham_id,
   so_luong,
   don_gia,
   ghi_chu
) values ( 'CTNK2026002201',
           'PNK20260022',
           'NL012',
           9.19,
           62000,
           N'Theo đơn đặt hàng' );
insert into chi_tiet_nhap_kho (
   chi_tiet_nhap_id,
   phieu_nhap_id,
   san_pham_id,
   so_luong,
   don_gia,
   ghi_chu
) values ( 'CTNK2026002202',
           'PNK20260022',
           'NL014',
           5.11,
           5000,
           N'Theo đơn đặt hàng' );
insert into chi_tiet_nhap_kho (
   chi_tiet_nhap_id,
   phieu_nhap_id,
   san_pham_id,
   so_luong,
   don_gia,
   ghi_chu
) values ( 'CTNK2026002203',
           'PNK20260022',
           'NL011',
           18.02,
           36000,
           N'Theo đơn đặt hàng' );
insert into chi_tiet_nhap_kho (
   chi_tiet_nhap_id,
   phieu_nhap_id,
   san_pham_id,
   so_luong,
   don_gia,
   ghi_chu
) values ( 'CTNK2026002204',
           'PNK20260022',
           'NL013',
           18.19,
           85000,
           N'Theo đơn đặt hàng' );
insert into chi_tiet_nhap_kho (
   chi_tiet_nhap_id,
   phieu_nhap_id,
   san_pham_id,
   so_luong,
   don_gia,
   ghi_chu
) values ( 'CTNK2026002205',
           'PNK20260022',
           'NL003',
           3.67,
           36000,
           N'Theo đơn đặt hàng' );
insert into chi_tiet_nhap_kho (
   chi_tiet_nhap_id,
   phieu_nhap_id,
   san_pham_id,
   so_luong,
   don_gia,
   ghi_chu
) values ( 'CTNK2026002301',
           'PNK20260023',
           'NL010',
           5.82,
           95000,
           N'Bổ sung tồn kho' );
insert into chi_tiet_nhap_kho (
   chi_tiet_nhap_id,
   phieu_nhap_id,
   san_pham_id,
   so_luong,
   don_gia,
   ghi_chu
) values ( 'CTNK2026002302',
           'PNK20260023',
           'NL002',
           18.95,
           45000,
           N'Nhập định kỳ' );
insert into chi_tiet_nhap_kho (
   chi_tiet_nhap_id,
   phieu_nhap_id,
   san_pham_id,
   so_luong,
   don_gia,
   ghi_chu
) values ( 'CTNK2026002303',
           'PNK20260023',
           'NL008',
           16.21,
           320000,
           N'Nhập định kỳ' );
insert into chi_tiet_nhap_kho (
   chi_tiet_nhap_id,
   phieu_nhap_id,
   san_pham_id,
   so_luong,
   don_gia,
   ghi_chu
) values ( 'CTNK2026002304',
           'PNK20260023',
           'NL016',
           27.67,
           180000,
           N'Bổ sung tồn kho' );
insert into chi_tiet_nhap_kho (
   chi_tiet_nhap_id,
   phieu_nhap_id,
   san_pham_id,
   so_luong,
   don_gia,
   ghi_chu
) values ( 'CTNK2026002305',
           'PNK20260023',
           'NL007',
           6.3,
           220000,
           N'Theo đơn đặt hàng' );
insert into chi_tiet_nhap_kho (
   chi_tiet_nhap_id,
   phieu_nhap_id,
   san_pham_id,
   so_luong,
   don_gia,
   ghi_chu
) values ( 'CTNK2026002401',
           'PNK20260024',
           'NL001',
           3.34,
           180000,
           N'Nhập định kỳ' );
insert into chi_tiet_nhap_kho (
   chi_tiet_nhap_id,
   phieu_nhap_id,
   san_pham_id,
   so_luong,
   don_gia,
   ghi_chu
) values ( 'CTNK2026002402',
           'PNK20260024',
           'NL003',
           4,
           36000,
           N'Nhập định kỳ' );
insert into chi_tiet_nhap_kho (
   chi_tiet_nhap_id,
   phieu_nhap_id,
   san_pham_id,
   so_luong,
   don_gia,
   ghi_chu
) values ( 'CTNK2026002501',
           'PNK20260025',
           'NL014',
           16.44,
           5000,
           N'Nhập định kỳ' );
insert into chi_tiet_nhap_kho (
   chi_tiet_nhap_id,
   phieu_nhap_id,
   san_pham_id,
   so_luong,
   don_gia,
   ghi_chu
) values ( 'CTNK2026002502',
           'PNK20260025',
           'NL013',
           9.94,
           85000,
           N'Bổ sung tồn kho' );
insert into chi_tiet_nhap_kho (
   chi_tiet_nhap_id,
   phieu_nhap_id,
   san_pham_id,
   so_luong,
   don_gia,
   ghi_chu
) values ( 'CTNK2026002503',
           'PNK20260025',
           'NL003',
           4.98,
           36000,
           N'Nhập định kỳ' );
insert into chi_tiet_nhap_kho (
   chi_tiet_nhap_id,
   phieu_nhap_id,
   san_pham_id,
   so_luong,
   don_gia,
   ghi_chu
) values ( 'CTNK2026002504',
           'PNK20260025',
           'NL011',
           27.36,
           36000,
           N'Nhập định kỳ' );
insert into chi_tiet_nhap_kho (
   chi_tiet_nhap_id,
   phieu_nhap_id,
   san_pham_id,
   so_luong,
   don_gia,
   ghi_chu
) values ( 'CTNK2026002505',
           'PNK20260025',
           'NL009',
           16.41,
           210000,
           N'Bổ sung tồn kho' );
insert into chi_tiet_nhap_kho (
   chi_tiet_nhap_id,
   phieu_nhap_id,
   san_pham_id,
   so_luong,
   don_gia,
   ghi_chu
) values ( 'CTNK2026002601',
           'PNK20260026',
           'NL002',
           26.12,
           45000,
           N'Nhập định kỳ' );
insert into chi_tiet_nhap_kho (
   chi_tiet_nhap_id,
   phieu_nhap_id,
   san_pham_id,
   so_luong,
   don_gia,
   ghi_chu
) values ( 'CTNK2026002602',
           'PNK20260026',
           'NL008',
           14.33,
           320000,
           N'Theo đơn đặt hàng' );
insert into chi_tiet_nhap_kho (
   chi_tiet_nhap_id,
   phieu_nhap_id,
   san_pham_id,
   so_luong,
   don_gia,
   ghi_chu
) values ( 'CTNK2026002603',
           'PNK20260026',
           'NL003',
           4.38,
           36000,
           N'Theo đơn đặt hàng' );
insert into chi_tiet_nhap_kho (
   chi_tiet_nhap_id,
   phieu_nhap_id,
   san_pham_id,
   so_luong,
   don_gia,
   ghi_chu
) values ( 'CTNK2026002701',
           'PNK20260027',
           'NL006',
           26.83,
           78000,
           N'Theo đơn đặt hàng' );
insert into chi_tiet_nhap_kho (
   chi_tiet_nhap_id,
   phieu_nhap_id,
   san_pham_id,
   so_luong,
   don_gia,
   ghi_chu
) values ( 'CTNK2026002702',
           'PNK20260027',
           'NL016',
           15.93,
           180000,
           N'Theo đơn đặt hàng' );
insert into chi_tiet_nhap_kho (
   chi_tiet_nhap_id,
   phieu_nhap_id,
   san_pham_id,
   so_luong,
   don_gia,
   ghi_chu
) values ( 'CTNK2026002801',
           'PNK20260028',
           'NL004',
           13.73,
           28000,
           N'Theo đơn đặt hàng' );
insert into chi_tiet_nhap_kho (
   chi_tiet_nhap_id,
   phieu_nhap_id,
   san_pham_id,
   so_luong,
   don_gia,
   ghi_chu
) values ( 'CTNK2026002802',
           'PNK20260028',
           'NL001',
           4.6,
           180000,
           N'Theo đơn đặt hàng' );
insert into chi_tiet_nhap_kho (
   chi_tiet_nhap_id,
   phieu_nhap_id,
   san_pham_id,
   so_luong,
   don_gia,
   ghi_chu
) values ( 'CTNK2026002803',
           'PNK20260028',
           'NL011',
           27.38,
           36000,
           N'Theo đơn đặt hàng' );
insert into chi_tiet_nhap_kho (
   chi_tiet_nhap_id,
   phieu_nhap_id,
   san_pham_id,
   so_luong,
   don_gia,
   ghi_chu
) values ( 'CTNK2026002804',
           'PNK20260028',
           'NL013',
           4.93,
           85000,
           N'Bổ sung tồn kho' );
insert into chi_tiet_nhap_kho (
   chi_tiet_nhap_id,
   phieu_nhap_id,
   san_pham_id,
   so_luong,
   don_gia,
   ghi_chu
) values ( 'CTNK2026002901',
           'PNK20260029',
           'NL012',
           22.33,
           62000,
           N'Theo đơn đặt hàng' );
insert into chi_tiet_nhap_kho (
   chi_tiet_nhap_id,
   phieu_nhap_id,
   san_pham_id,
   so_luong,
   don_gia,
   ghi_chu
) values ( 'CTNK2026002902',
           'PNK20260029',
           'NL006',
           19.85,
           78000,
           N'Nhập định kỳ' );
insert into chi_tiet_nhap_kho (
   chi_tiet_nhap_id,
   phieu_nhap_id,
   san_pham_id,
   so_luong,
   don_gia,
   ghi_chu
) values ( 'CTNK2026002903',
           'PNK20260029',
           'NL009',
           8.71,
           210000,
           N'Theo đơn đặt hàng' );
insert into chi_tiet_nhap_kho (
   chi_tiet_nhap_id,
   phieu_nhap_id,
   san_pham_id,
   so_luong,
   don_gia,
   ghi_chu
) values ( 'CTNK2026003001',
           'PNK20260030',
           'NL016',
           12.57,
           180000,
           N'Nhập định kỳ' );
insert into chi_tiet_nhap_kho (
   chi_tiet_nhap_id,
   phieu_nhap_id,
   san_pham_id,
   so_luong,
   don_gia,
   ghi_chu
) values ( 'CTNK2026003002',
           'PNK20260030',
           'NL012',
           7.47,
           62000,
           N'Nhập định kỳ' );
insert into chi_tiet_nhap_kho (
   chi_tiet_nhap_id,
   phieu_nhap_id,
   san_pham_id,
   so_luong,
   don_gia,
   ghi_chu
) values ( 'CTNK2026003101',
           'PNK20260031',
           'NL011',
           5.99,
           36000,
           N'Theo đơn đặt hàng' );
insert into chi_tiet_nhap_kho (
   chi_tiet_nhap_id,
   phieu_nhap_id,
   san_pham_id,
   so_luong,
   don_gia,
   ghi_chu
) values ( 'CTNK2026003102',
           'PNK20260031',
           'NL009',
           25.55,
           210000,
           N'Nhập định kỳ' );
insert into chi_tiet_nhap_kho (
   chi_tiet_nhap_id,
   phieu_nhap_id,
   san_pham_id,
   so_luong,
   don_gia,
   ghi_chu
) values ( 'CTNK2026003103',
           'PNK20260031',
           'NL003',
           8.58,
           36000,
           N'Theo đơn đặt hàng' );
insert into chi_tiet_nhap_kho (
   chi_tiet_nhap_id,
   phieu_nhap_id,
   san_pham_id,
   so_luong,
   don_gia,
   ghi_chu
) values ( 'CTNK2026003104',
           'PNK20260031',
           'NL010',
           27.54,
           95000,
           N'Bổ sung tồn kho' );
insert into chi_tiet_nhap_kho (
   chi_tiet_nhap_id,
   phieu_nhap_id,
   san_pham_id,
   so_luong,
   don_gia,
   ghi_chu
) values ( 'CTNK2026003105',
           'PNK20260031',
           'NL006',
           4.72,
           78000,
           N'Bổ sung tồn kho' );
insert into chi_tiet_nhap_kho (
   chi_tiet_nhap_id,
   phieu_nhap_id,
   san_pham_id,
   so_luong,
   don_gia,
   ghi_chu
) values ( 'CTNK2026003201',
           'PNK20260032',
           'NL001',
           22.61,
           180000,
           N'Theo đơn đặt hàng' );
insert into chi_tiet_nhap_kho (
   chi_tiet_nhap_id,
   phieu_nhap_id,
   san_pham_id,
   so_luong,
   don_gia,
   ghi_chu
) values ( 'CTNK2026003202',
           'PNK20260032',
           'NL012',
           18.57,
           62000,
           N'Bổ sung tồn kho' );
insert into chi_tiet_nhap_kho (
   chi_tiet_nhap_id,
   phieu_nhap_id,
   san_pham_id,
   so_luong,
   don_gia,
   ghi_chu
) values ( 'CTNK2026003203',
           'PNK20260032',
           'NL007',
           12.21,
           220000,
           N'Bổ sung tồn kho' );
insert into chi_tiet_nhap_kho (
   chi_tiet_nhap_id,
   phieu_nhap_id,
   san_pham_id,
   so_luong,
   don_gia,
   ghi_chu
) values ( 'CTNK2026003204',
           'PNK20260032',
           'NL005',
           27.94,
           52000,
           N'Nhập định kỳ' );
insert into chi_tiet_nhap_kho (
   chi_tiet_nhap_id,
   phieu_nhap_id,
   san_pham_id,
   so_luong,
   don_gia,
   ghi_chu
) values ( 'CTNK2026003205',
           'PNK20260032',
           'NL010',
           21.31,
           95000,
           N'Theo đơn đặt hàng' );

insert into phieu_xuat_kho (
   phieu_xuat_id,
   kho_id,
   nhan_vien_id,
   ngay_xuat,
   ly_do_xuat,
   so_luong_mat_hang,
   tong_tien,
   trang_thai,
   ghi_chu,
   approved_by,
   approved_at,
   rejected_reason
) values ( 'PXK20260001',
           'KHO001',
           'NV004',
           timestamp '2026-06-01 21:40:00',
           N'Xuất hủy do rơi vỡ trong ca',
           4,
           570270,
           'DRAFT',
           N'Phiếu xuất lưu nháp',
           null,
           null,
           null );
insert into phieu_xuat_kho (
   phieu_xuat_id,
   kho_id,
   nhan_vien_id,
   ngay_xuat,
   ly_do_xuat,
   so_luong_mat_hang,
   tong_tien,
   trang_thai,
   ghi_chu,
   approved_by,
   approved_at,
   rejected_reason
) values ( 'PXK20260002',
           'KHO003',
           'NV011',
           timestamp '2026-06-29 23:30:00',
           N'Xuất bỏ bao bì lỗi',
           3,
           463080,
           'APPROVED',
           N'Phiếu xuất đã được quản lý duyệt',
           'NV010',
           timestamp '2026-06-30 01:30:00',
           null );
insert into phieu_xuat_kho (
   phieu_xuat_id,
   kho_id,
   nhan_vien_id,
   ngay_xuat,
   ly_do_xuat,
   so_luong_mat_hang,
   tong_tien,
   trang_thai,
   ghi_chu,
   approved_by,
   approved_at,
   rejected_reason
) values ( 'PXK20260003',
           'KHO004',
           'NV014',
           timestamp '2026-07-07 00:05:00',
           N'Xuất hủy do rơi vỡ trong ca',
           3,
           1593520,
           'APPROVED',
           N'Phiếu xuất đã được quản lý duyệt',
           'NV013',
           timestamp '2026-07-07 01:05:00',
           null );
insert into phieu_xuat_kho (
   phieu_xuat_id,
   kho_id,
   nhan_vien_id,
   ngay_xuat,
   ly_do_xuat,
   so_luong_mat_hang,
   tong_tien,
   trang_thai,
   ghi_chu,
   approved_by,
   approved_at,
   rejected_reason
) values ( 'PXK20260004',
           'KHO003',
           'NV011',
           timestamp '2026-06-14 19:55:00',
           N'Xuất bỏ bao bì lỗi',
           2,
           477950,
           'APPROVED',
           N'Phiếu xuất đã được quản lý duyệt',
           'NV010',
           timestamp '2026-06-14 20:55:00',
           null );
insert into phieu_xuat_kho (
   phieu_xuat_id,
   kho_id,
   nhan_vien_id,
   ngay_xuat,
   ly_do_xuat,
   so_luong_mat_hang,
   tong_tien,
   trang_thai,
   ghi_chu,
   approved_by,
   approved_at,
   rejected_reason
) values ( 'PXK20260005',
           'KHO004',
           'NV014',
           timestamp '2026-08-05 21:05:00',
           N'Xuất hủy nguyên liệu hết hạn',
           4,
           1105460,
           'PENDING_APPROVAL',
           N'Phiếu xuất chờ duyệt',
           null,
           null,
           null );
insert into phieu_xuat_kho (
   phieu_xuat_id,
   kho_id,
   nhan_vien_id,
   ngay_xuat,
   ly_do_xuat,
   so_luong_mat_hang,
   tong_tien,
   trang_thai,
   ghi_chu,
   approved_by,
   approved_at,
   rejected_reason
) values ( 'PXK20260006',
           'KHO001',
           'NV004',
           timestamp '2026-06-04 21:50:00',
           N'Xuất bỏ bao bì lỗi',
           4,
           399220,
           'PENDING_APPROVAL',
           N'Phiếu xuất chờ duyệt',
           null,
           null,
           null );
insert into phieu_xuat_kho (
   phieu_xuat_id,
   kho_id,
   nhan_vien_id,
   ngay_xuat,
   ly_do_xuat,
   so_luong_mat_hang,
   tong_tien,
   trang_thai,
   ghi_chu,
   approved_by,
   approved_at,
   rejected_reason
) values ( 'PXK20260007',
           'KHO002',
           'NV008',
           timestamp '2026-07-11 21:10:00',
           N'Xuất bỏ bao bì lỗi',
           3,
           734050,
           'DRAFT',
           N'Phiếu xuất lưu nháp',
           null,
           null,
           null );
insert into phieu_xuat_kho (
   phieu_xuat_id,
   kho_id,
   nhan_vien_id,
   ngay_xuat,
   ly_do_xuat,
   so_luong_mat_hang,
   tong_tien,
   trang_thai,
   ghi_chu,
   approved_by,
   approved_at,
   rejected_reason
) values ( 'PXK20260008',
           'KHO001',
           'NV004',
           timestamp '2026-06-07 22:30:00',
           N'Xuất bỏ bao bì lỗi',
           2,
           548000,
           'APPROVED',
           N'Phiếu xuất đã được quản lý duyệt',
           'NV003',
           timestamp '2026-06-07 23:30:00',
           null );
insert into phieu_xuat_kho (
   phieu_xuat_id,
   kho_id,
   nhan_vien_id,
   ngay_xuat,
   ly_do_xuat,
   so_luong_mat_hang,
   tong_tien,
   trang_thai,
   ghi_chu,
   approved_by,
   approved_at,
   rejected_reason
) values ( 'PXK20260009',
           'KHO003',
           'NV011',
           timestamp '2026-07-28 02:35:00',
           N'Xuất bỏ bao bì lỗi',
           3,
           279090,
           'APPROVED',
           N'Phiếu xuất đã được quản lý duyệt',
           'NV010',
           timestamp '2026-07-28 03:35:00',
           null );
insert into phieu_xuat_kho (
   phieu_xuat_id,
   kho_id,
   nhan_vien_id,
   ngay_xuat,
   ly_do_xuat,
   so_luong_mat_hang,
   tong_tien,
   trang_thai,
   ghi_chu,
   approved_by,
   approved_at,
   rejected_reason
) values ( 'PXK20260010',
           'KHO003',
           'NV011',
           timestamp '2026-06-25 20:05:00',
           N'Xuất hao hụt do pha lỗi',
           2,
           2748300,
           'APPROVED',
           N'Phiếu xuất đã được quản lý duyệt',
           'NV010',
           timestamp '2026-06-26 00:05:00',
           null );
insert into phieu_xuat_kho (
   phieu_xuat_id,
   kho_id,
   nhan_vien_id,
   ngay_xuat,
   ly_do_xuat,
   so_luong_mat_hang,
   tong_tien,
   trang_thai,
   ghi_chu,
   approved_by,
   approved_at,
   rejected_reason
) values ( 'PXK20260011',
           'KHO002',
           'NV008',
           timestamp '2026-06-18 21:45:00',
           N'Xuất hủy do rơi vỡ trong ca',
           3,
           1012060,
           'REJECTED',
           N'Phiếu xuất bị từ chối',
           'NV007',
           timestamp '2026-06-19 00:45:00',
           N'Số lượng xuất vượt tồn khả dụng tại thời điểm duyệt' );
insert into phieu_xuat_kho (
   phieu_xuat_id,
   kho_id,
   nhan_vien_id,
   ngay_xuat,
   ly_do_xuat,
   so_luong_mat_hang,
   tong_tien,
   trang_thai,
   ghi_chu,
   approved_by,
   approved_at,
   rejected_reason
) values ( 'PXK20260012',
           'KHO004',
           'NV014',
           timestamp '2026-05-31 19:00:00',
           N'Xuất hủy do rơi vỡ trong ca',
           2,
           1962200,
           'APPROVED',
           N'Phiếu xuất đã được quản lý duyệt',
           'NV013',
           timestamp '2026-05-31 21:00:00',
           null );
insert into phieu_xuat_kho (
   phieu_xuat_id,
   kho_id,
   nhan_vien_id,
   ngay_xuat,
   ly_do_xuat,
   so_luong_mat_hang,
   tong_tien,
   trang_thai,
   ghi_chu,
   approved_by,
   approved_at,
   rejected_reason
) values ( 'PXK20260013',
           'KHO003',
           'NV011',
           timestamp '2026-06-18 23:00:00',
           N'Xuất hủy nguyên liệu hết hạn',
           1,
           254800,
           'PENDING_APPROVAL',
           N'Phiếu xuất chờ duyệt',
           null,
           null,
           null );
insert into phieu_xuat_kho (
   phieu_xuat_id,
   kho_id,
   nhan_vien_id,
   ngay_xuat,
   ly_do_xuat,
   so_luong_mat_hang,
   tong_tien,
   trang_thai,
   ghi_chu,
   approved_by,
   approved_at,
   rejected_reason
) values ( 'PXK20260014',
           'KHO003',
           'NV011',
           timestamp '2026-06-05 23:55:00',
           N'Xuất hủy do rơi vỡ trong ca',
           4,
           1288860,
           'APPROVED',
           N'Phiếu xuất đã được quản lý duyệt',
           'NV010',
           timestamp '2026-06-06 02:55:00',
           null );
insert into phieu_xuat_kho (
   phieu_xuat_id,
   kho_id,
   nhan_vien_id,
   ngay_xuat,
   ly_do_xuat,
   so_luong_mat_hang,
   tong_tien,
   trang_thai,
   ghi_chu,
   approved_by,
   approved_at,
   rejected_reason
) values ( 'PXK20260015',
           'KHO002',
           'NV008',
           timestamp '2026-07-14 22:55:00',
           N'Xuất hao hụt do pha lỗi',
           3,
           797760,
           'PENDING_APPROVAL',
           N'Phiếu xuất chờ duyệt',
           null,
           null,
           null );
insert into phieu_xuat_kho (
   phieu_xuat_id,
   kho_id,
   nhan_vien_id,
   ngay_xuat,
   ly_do_xuat,
   so_luong_mat_hang,
   tong_tien,
   trang_thai,
   ghi_chu,
   approved_by,
   approved_at,
   rejected_reason
) values ( 'PXK20260016',
           'KHO002',
           'NV008',
           timestamp '2026-06-10 01:10:00',
           N'Xuất hủy nguyên liệu hết hạn',
           3,
           2382640,
           'APPROVED',
           N'Phiếu xuất đã được quản lý duyệt',
           'NV007',
           timestamp '2026-06-10 05:10:00',
           null );
insert into phieu_xuat_kho (
   phieu_xuat_id,
   kho_id,
   nhan_vien_id,
   ngay_xuat,
   ly_do_xuat,
   so_luong_mat_hang,
   tong_tien,
   trang_thai,
   ghi_chu,
   approved_by,
   approved_at,
   rejected_reason
) values ( 'PXK20260017',
           'KHO003',
           'NV011',
           timestamp '2026-06-22 21:55:00',
           N'Xuất hủy nguyên liệu hết hạn',
           1,
           150040,
           'DRAFT',
           N'Phiếu xuất lưu nháp',
           null,
           null,
           null );
insert into phieu_xuat_kho (
   phieu_xuat_id,
   kho_id,
   nhan_vien_id,
   ngay_xuat,
   ly_do_xuat,
   so_luong_mat_hang,
   tong_tien,
   trang_thai,
   ghi_chu,
   approved_by,
   approved_at,
   rejected_reason
) values ( 'PXK20260018',
           'KHO001',
           'NV004',
           timestamp '2026-07-16 01:55:00',
           N'Xuất bỏ bao bì lỗi',
           4,
           1803940,
           'APPROVED',
           N'Phiếu xuất đã được quản lý duyệt',
           'NV003',
           timestamp '2026-07-16 03:55:00',
           null );
insert into phieu_xuat_kho (
   phieu_xuat_id,
   kho_id,
   nhan_vien_id,
   ngay_xuat,
   ly_do_xuat,
   so_luong_mat_hang,
   tong_tien,
   trang_thai,
   ghi_chu,
   approved_by,
   approved_at,
   rejected_reason
) values ( 'PXK20260019',
           'KHO001',
           'NV004',
           timestamp '2026-05-31 22:00:00',
           N'Xuất hao hụt do pha lỗi',
           3,
           856080,
           'PENDING_APPROVAL',
           N'Phiếu xuất chờ duyệt',
           null,
           null,
           null );
insert into phieu_xuat_kho (
   phieu_xuat_id,
   kho_id,
   nhan_vien_id,
   ngay_xuat,
   ly_do_xuat,
   so_luong_mat_hang,
   tong_tien,
   trang_thai,
   ghi_chu,
   approved_by,
   approved_at,
   rejected_reason
) values ( 'PXK20260020',
           'KHO004',
           'NV014',
           timestamp '2026-05-31 00:50:00',
           N'Xuất kiểm tra chất lượng',
           2,
           163620,
           'REJECTED',
           N'Phiếu xuất bị từ chối',
           'NV013',
           timestamp '2026-05-31 04:50:00',
           N'Số lượng xuất vượt tồn khả dụng tại thời điểm duyệt' );
insert into phieu_xuat_kho (
   phieu_xuat_id,
   kho_id,
   nhan_vien_id,
   ngay_xuat,
   ly_do_xuat,
   so_luong_mat_hang,
   tong_tien,
   trang_thai,
   ghi_chu,
   approved_by,
   approved_at,
   rejected_reason
) values ( 'PXK20260021',
           'KHO003',
           'NV011',
           timestamp '2026-07-02 22:15:00',
           N'Xuất hủy do rơi vỡ trong ca',
           1,
           155250,
           'REJECTED',
           N'Phiếu xuất bị từ chối',
           'NV010',
           timestamp '2026-07-03 02:15:00',
           N'Số lượng xuất vượt tồn khả dụng tại thời điểm duyệt' );
insert into phieu_xuat_kho (
   phieu_xuat_id,
   kho_id,
   nhan_vien_id,
   ngay_xuat,
   ly_do_xuat,
   so_luong_mat_hang,
   tong_tien,
   trang_thai,
   ghi_chu,
   approved_by,
   approved_at,
   rejected_reason
) values ( 'PXK20260022',
           'KHO001',
           'NV004',
           timestamp '2026-07-12 18:30:00',
           N'Xuất hủy do rơi vỡ trong ca',
           1,
           634600,
           'APPROVED',
           N'Phiếu xuất đã được quản lý duyệt',
           'NV003',
           timestamp '2026-07-12 22:30:00',
           null );
insert into phieu_xuat_kho (
   phieu_xuat_id,
   kho_id,
   nhan_vien_id,
   ngay_xuat,
   ly_do_xuat,
   so_luong_mat_hang,
   tong_tien,
   trang_thai,
   ghi_chu,
   approved_by,
   approved_at,
   rejected_reason
) values ( 'PXK20260023',
           'KHO001',
           'NV004',
           timestamp '2026-05-30 21:10:00',
           N'Xuất hủy do rơi vỡ trong ca',
           3,
           859600,
           'APPROVED',
           N'Phiếu xuất đã được quản lý duyệt',
           'NV003',
           timestamp '2026-05-31 01:10:00',
           null );
insert into phieu_xuat_kho (
   phieu_xuat_id,
   kho_id,
   nhan_vien_id,
   ngay_xuat,
   ly_do_xuat,
   so_luong_mat_hang,
   tong_tien,
   trang_thai,
   ghi_chu,
   approved_by,
   approved_at,
   rejected_reason
) values ( 'PXK20260024',
           'KHO003',
           'NV011',
           timestamp '2026-07-14 23:10:00',
           N'Xuất kiểm tra chất lượng',
           4,
           1893360,
           'APPROVED',
           N'Phiếu xuất đã được quản lý duyệt',
           'NV010',
           timestamp '2026-07-15 03:10:00',
           null );
insert into phieu_xuat_kho (
   phieu_xuat_id,
   kho_id,
   nhan_vien_id,
   ngay_xuat,
   ly_do_xuat,
   so_luong_mat_hang,
   tong_tien,
   trang_thai,
   ghi_chu,
   approved_by,
   approved_at,
   rejected_reason
) values ( 'PXK20260025',
           'KHO002',
           'NV008',
           timestamp '2026-08-05 18:30:00',
           N'Xuất hủy nguyên liệu hết hạn',
           4,
           3071620,
           'APPROVED',
           N'Phiếu xuất đã được quản lý duyệt',
           'NV007',
           timestamp '2026-08-05 20:30:00',
           null );
insert into phieu_xuat_kho (
   phieu_xuat_id,
   kho_id,
   nhan_vien_id,
   ngay_xuat,
   ly_do_xuat,
   so_luong_mat_hang,
   tong_tien,
   trang_thai,
   ghi_chu,
   approved_by,
   approved_at,
   rejected_reason
) values ( 'PXK20260026',
           'KHO004',
           'NV014',
           timestamp '2026-06-18 20:15:00',
           N'Xuất hao hụt do pha lỗi',
           2,
           281810,
           'REJECTED',
           N'Phiếu xuất bị từ chối',
           'NV013',
           timestamp '2026-06-18 23:15:00',
           N'Số lượng xuất vượt tồn khả dụng tại thời điểm duyệt' );
insert into chi_tiet_xuat_kho (
   chi_tiet_xuat_id,
   phieu_xuat_id,
   san_pham_id,
   so_luong,
   don_gia,
   ghi_chu
) values ( 'CTXK2026000101',
           'PXK20260001',
           'NL012',
           1.22,
           62000,
           N'Rơi vỡ' );
insert into chi_tiet_xuat_kho (
   chi_tiet_xuat_id,
   phieu_xuat_id,
   san_pham_id,
   so_luong,
   don_gia,
   ghi_chu
) values ( 'CTXK2026000102',
           'PXK20260001',
           'NL015',
           5.28,
           69000,
           N'Bao bì lỗi' );
insert into chi_tiet_xuat_kho (
   chi_tiet_xuat_id,
   phieu_xuat_id,
   san_pham_id,
   so_luong,
   don_gia,
   ghi_chu
) values ( 'CTXK2026000103',
           'PXK20260001',
           'NL003',
           1.06,
           36000,
           N'Hao hụt thực tế' );
insert into chi_tiet_xuat_kho (
   chi_tiet_xuat_id,
   phieu_xuat_id,
   san_pham_id,
   so_luong,
   don_gia,
   ghi_chu
) values ( 'CTXK2026000104',
           'PXK20260001',
           'NL010',
           0.97,
           95000,
           N'Rơi vỡ' );
insert into chi_tiet_xuat_kho (
   chi_tiet_xuat_id,
   phieu_xuat_id,
   san_pham_id,
   so_luong,
   don_gia,
   ghi_chu
) values ( 'CTXK2026000201',
           'PXK20260002',
           'NL011',
           2.25,
           36000,
           N'Rơi vỡ' );
insert into chi_tiet_xuat_kho (
   chi_tiet_xuat_id,
   phieu_xuat_id,
   san_pham_id,
   so_luong,
   don_gia,
   ghi_chu
) values ( 'CTXK2026000202',
           'PXK20260002',
           'NL015',
           1.52,
           69000,
           N'Hao hụt thực tế' );
insert into chi_tiet_xuat_kho (
   chi_tiet_xuat_id,
   phieu_xuat_id,
   san_pham_id,
   so_luong,
   don_gia,
   ghi_chu
) values ( 'CTXK2026000203',
           'PXK20260002',
           'NL009',
           1.32,
           210000,
           N'Hết hạn' );
insert into chi_tiet_xuat_kho (
   chi_tiet_xuat_id,
   phieu_xuat_id,
   san_pham_id,
   so_luong,
   don_gia,
   ghi_chu
) values ( 'CTXK2026000301',
           'PXK20260003',
           'NL007',
           3.98,
           220000,
           N'Hết hạn' );
insert into chi_tiet_xuat_kho (
   chi_tiet_xuat_id,
   phieu_xuat_id,
   san_pham_id,
   so_luong,
   don_gia,
   ghi_chu
) values ( 'CTXK2026000302',
           'PXK20260003',
           'NL015',
           1.18,
           69000,
           N'Pha lỗi' );
insert into chi_tiet_xuat_kho (
   chi_tiet_xuat_id,
   phieu_xuat_id,
   san_pham_id,
   so_luong,
   don_gia,
   ghi_chu
) values ( 'CTXK2026000303',
           'PXK20260003',
           'NL010',
           6.7,
           95000,
           N'Hao hụt thực tế' );
insert into chi_tiet_xuat_kho (
   chi_tiet_xuat_id,
   phieu_xuat_id,
   san_pham_id,
   so_luong,
   don_gia,
   ghi_chu
) values ( 'CTXK2026000401',
           'PXK20260004',
           'NL012',
           4.35,
           62000,
           N'Pha lỗi' );
insert into chi_tiet_xuat_kho (
   chi_tiet_xuat_id,
   phieu_xuat_id,
   san_pham_id,
   so_luong,
   don_gia,
   ghi_chu
) values ( 'CTXK2026000402',
           'PXK20260004',
           'NL013',
           2.45,
           85000,
           N'Rơi vỡ' );
insert into chi_tiet_xuat_kho (
   chi_tiet_xuat_id,
   phieu_xuat_id,
   san_pham_id,
   so_luong,
   don_gia,
   ghi_chu
) values ( 'CTXK2026000501',
           'PXK20260005',
           'NL004',
           0.96,
           28000,
           N'Rơi vỡ' );
insert into chi_tiet_xuat_kho (
   chi_tiet_xuat_id,
   phieu_xuat_id,
   san_pham_id,
   so_luong,
   don_gia,
   ghi_chu
) values ( 'CTXK2026000502',
           'PXK20260005',
           'NL005',
           1.48,
           52000,
           N'Bao bì lỗi' );
insert into chi_tiet_xuat_kho (
   chi_tiet_xuat_id,
   phieu_xuat_id,
   san_pham_id,
   so_luong,
   don_gia,
   ghi_chu
) values ( 'CTXK2026000503',
           'PXK20260005',
           'NL018',
           3.29,
           38000,
           N'Hết hạn' );
insert into chi_tiet_xuat_kho (
   chi_tiet_xuat_id,
   phieu_xuat_id,
   san_pham_id,
   so_luong,
   don_gia,
   ghi_chu
) values ( 'CTXK2026000504',
           'PXK20260005',
           'NL001',
           4.87,
           180000,
           N'Pha lỗi' );
insert into chi_tiet_xuat_kho (
   chi_tiet_xuat_id,
   phieu_xuat_id,
   san_pham_id,
   so_luong,
   don_gia,
   ghi_chu
) values ( 'CTXK2026000601',
           'PXK20260006',
           'NL005',
           0.82,
           52000,
           N'Bao bì lỗi' );
insert into chi_tiet_xuat_kho (
   chi_tiet_xuat_id,
   phieu_xuat_id,
   san_pham_id,
   so_luong,
   don_gia,
   ghi_chu
) values ( 'CTXK2026000602',
           'PXK20260006',
           'NL003',
           0.88,
           36000,
           N'Hao hụt thực tế' );
insert into chi_tiet_xuat_kho (
   chi_tiet_xuat_id,
   phieu_xuat_id,
   san_pham_id,
   so_luong,
   don_gia,
   ghi_chu
) values ( 'CTXK2026000603',
           'PXK20260006',
           'NL011',
           3.75,
           36000,
           N'Bao bì lỗi' );
insert into chi_tiet_xuat_kho (
   chi_tiet_xuat_id,
   phieu_xuat_id,
   san_pham_id,
   so_luong,
   don_gia,
   ghi_chu
) values ( 'CTXK2026000604',
           'PXK20260006',
           'NL002',
           4.22,
           45000,
           N'Bao bì lỗi' );
insert into chi_tiet_xuat_kho (
   chi_tiet_xuat_id,
   phieu_xuat_id,
   san_pham_id,
   so_luong,
   don_gia,
   ghi_chu
) values ( 'CTXK2026000701',
           'PXK20260007',
           'NL009',
           0.76,
           210000,
           N'Hao hụt thực tế' );
insert into chi_tiet_xuat_kho (
   chi_tiet_xuat_id,
   phieu_xuat_id,
   san_pham_id,
   so_luong,
   don_gia,
   ghi_chu
) values ( 'CTXK2026000702',
           'PXK20260007',
           'NL015',
           5.13,
           69000,
           N'Pha lỗi' );
insert into chi_tiet_xuat_kho (
   chi_tiet_xuat_id,
   phieu_xuat_id,
   san_pham_id,
   so_luong,
   don_gia,
   ghi_chu
) values ( 'CTXK2026000703',
           'PXK20260007',
           'NL005',
           4.24,
           52000,
           N'Hao hụt thực tế' );
insert into chi_tiet_xuat_kho (
   chi_tiet_xuat_id,
   phieu_xuat_id,
   san_pham_id,
   so_luong,
   don_gia,
   ghi_chu
) values ( 'CTXK2026000801',
           'PXK20260008',
           'NL014',
           5.32,
           5000,
           N'Hao hụt thực tế' );
insert into chi_tiet_xuat_kho (
   chi_tiet_xuat_id,
   phieu_xuat_id,
   san_pham_id,
   so_luong,
   don_gia,
   ghi_chu
) values ( 'CTXK2026000802',
           'PXK20260008',
           'NL007',
           2.37,
           220000,
           N'Hao hụt thực tế' );
insert into chi_tiet_xuat_kho (
   chi_tiet_xuat_id,
   phieu_xuat_id,
   san_pham_id,
   so_luong,
   don_gia,
   ghi_chu
) values ( 'CTXK2026000901',
           'PXK20260009',
           'NL017',
           2.53,
           45000,
           N'Hết hạn' );
insert into chi_tiet_xuat_kho (
   chi_tiet_xuat_id,
   phieu_xuat_id,
   san_pham_id,
   so_luong,
   don_gia,
   ghi_chu
) values ( 'CTXK2026000902',
           'PXK20260009',
           'NL011',
           2.89,
           36000,
           N'Rơi vỡ' );
insert into chi_tiet_xuat_kho (
   chi_tiet_xuat_id,
   phieu_xuat_id,
   san_pham_id,
   so_luong,
   don_gia,
   ghi_chu
) values ( 'CTXK2026000903',
           'PXK20260009',
           'NL013',
           0.72,
           85000,
           N'Pha lỗi' );
insert into chi_tiet_xuat_kho (
   chi_tiet_xuat_id,
   phieu_xuat_id,
   san_pham_id,
   so_luong,
   don_gia,
   ghi_chu
) values ( 'CTXK2026001001',
           'PXK20260010',
           'NL008',
           4.5,
           320000,
           N'Hết hạn' );
insert into chi_tiet_xuat_kho (
   chi_tiet_xuat_id,
   phieu_xuat_id,
   san_pham_id,
   so_luong,
   don_gia,
   ghi_chu
) values ( 'CTXK2026001002',
           'PXK20260010',
           'NL009',
           6.23,
           210000,
           N'Rơi vỡ' );
insert into chi_tiet_xuat_kho (
   chi_tiet_xuat_id,
   phieu_xuat_id,
   san_pham_id,
   so_luong,
   don_gia,
   ghi_chu
) values ( 'CTXK2026001101',
           'PXK20260011',
           'NL012',
           7.61,
           62000,
           N'Hao hụt thực tế' );
insert into chi_tiet_xuat_kho (
   chi_tiet_xuat_id,
   phieu_xuat_id,
   san_pham_id,
   so_luong,
   don_gia,
   ghi_chu
) values ( 'CTXK2026001102',
           'PXK20260011',
           'NL001',
           1.57,
           180000,
           N'Rơi vỡ' );
insert into chi_tiet_xuat_kho (
   chi_tiet_xuat_id,
   phieu_xuat_id,
   san_pham_id,
   so_luong,
   don_gia,
   ghi_chu
) values ( 'CTXK2026001103',
           'PXK20260011',
           'NL018',
           6.78,
           38000,
           N'Bao bì lỗi' );
insert into chi_tiet_xuat_kho (
   chi_tiet_xuat_id,
   phieu_xuat_id,
   san_pham_id,
   so_luong,
   don_gia,
   ghi_chu
) values ( 'CTXK2026001201',
           'PXK20260012',
           'NL008',
           4.45,
           320000,
           N'Hết hạn' );
insert into chi_tiet_xuat_kho (
   chi_tiet_xuat_id,
   phieu_xuat_id,
   san_pham_id,
   so_luong,
   don_gia,
   ghi_chu
) values ( 'CTXK2026001202',
           'PXK20260012',
           'NL001',
           2.99,
           180000,
           N'Hao hụt thực tế' );
insert into chi_tiet_xuat_kho (
   chi_tiet_xuat_id,
   phieu_xuat_id,
   san_pham_id,
   so_luong,
   don_gia,
   ghi_chu
) values ( 'CTXK2026001301',
           'PXK20260013',
           'NL005',
           4.9,
           52000,
           N'Rơi vỡ' );
insert into chi_tiet_xuat_kho (
   chi_tiet_xuat_id,
   phieu_xuat_id,
   san_pham_id,
   so_luong,
   don_gia,
   ghi_chu
) values ( 'CTXK2026001401',
           'PXK20260014',
           'NL004',
           1.52,
           28000,
           N'Rơi vỡ' );
insert into chi_tiet_xuat_kho (
   chi_tiet_xuat_id,
   phieu_xuat_id,
   san_pham_id,
   so_luong,
   don_gia,
   ghi_chu
) values ( 'CTXK2026001402',
           'PXK20260014',
           'NL011',
           5.99,
           36000,
           N'Bao bì lỗi' );
insert into chi_tiet_xuat_kho (
   chi_tiet_xuat_id,
   phieu_xuat_id,
   san_pham_id,
   so_luong,
   don_gia,
   ghi_chu
) values ( 'CTXK2026001403',
           'PXK20260014',
           'NL010',
           6.44,
           95000,
           N'Bao bì lỗi' );
insert into chi_tiet_xuat_kho (
   chi_tiet_xuat_id,
   phieu_xuat_id,
   san_pham_id,
   so_luong,
   don_gia,
   ghi_chu
) values ( 'CTXK2026001404',
           'PXK20260014',
           'NL006',
           5.37,
           78000,
           N'Rơi vỡ' );
insert into chi_tiet_xuat_kho (
   chi_tiet_xuat_id,
   phieu_xuat_id,
   san_pham_id,
   so_luong,
   don_gia,
   ghi_chu
) values ( 'CTXK2026001501',
           'PXK20260015',
           'NL005',
           7.62,
           52000,
           N'Hao hụt thực tế' );
insert into chi_tiet_xuat_kho (
   chi_tiet_xuat_id,
   phieu_xuat_id,
   san_pham_id,
   so_luong,
   don_gia,
   ghi_chu
) values ( 'CTXK2026001502',
           'PXK20260015',
           'NL006',
           3.44,
           78000,
           N'Hao hụt thực tế' );
insert into chi_tiet_xuat_kho (
   chi_tiet_xuat_id,
   phieu_xuat_id,
   san_pham_id,
   so_luong,
   don_gia,
   ghi_chu
) values ( 'CTXK2026001503',
           'PXK20260015',
           'NL001',
           0.74,
           180000,
           N'Hao hụt thực tế' );
insert into chi_tiet_xuat_kho (
   chi_tiet_xuat_id,
   phieu_xuat_id,
   san_pham_id,
   so_luong,
   don_gia,
   ghi_chu
) values ( 'CTXK2026001601',
           'PXK20260016',
           'NL003',
           7.87,
           36000,
           N'Rơi vỡ' );
insert into chi_tiet_xuat_kho (
   chi_tiet_xuat_id,
   phieu_xuat_id,
   san_pham_id,
   so_luong,
   don_gia,
   ghi_chu
) values ( 'CTXK2026001602',
           'PXK20260016',
           'NL008',
           5.27,
           320000,
           N'Hết hạn' );
insert into chi_tiet_xuat_kho (
   chi_tiet_xuat_id,
   phieu_xuat_id,
   san_pham_id,
   so_luong,
   don_gia,
   ghi_chu
) values ( 'CTXK2026001603',
           'PXK20260016',
           'NL012',
           6.66,
           62000,
           N'Pha lỗi' );
insert into chi_tiet_xuat_kho (
   chi_tiet_xuat_id,
   phieu_xuat_id,
   san_pham_id,
   so_luong,
   don_gia,
   ghi_chu
) values ( 'CTXK2026001701',
           'PXK20260017',
           'NL012',
           2.42,
           62000,
           N'Hết hạn' );
insert into chi_tiet_xuat_kho (
   chi_tiet_xuat_id,
   phieu_xuat_id,
   san_pham_id,
   so_luong,
   don_gia,
   ghi_chu
) values ( 'CTXK2026001801',
           'PXK20260018',
           'NL006',
           3.34,
           78000,
           N'Hao hụt thực tế' );
insert into chi_tiet_xuat_kho (
   chi_tiet_xuat_id,
   phieu_xuat_id,
   san_pham_id,
   so_luong,
   don_gia,
   ghi_chu
) values ( 'CTXK2026001802',
           'PXK20260018',
           'NL014',
           3.32,
           5000,
           N'Bao bì lỗi' );
insert into chi_tiet_xuat_kho (
   chi_tiet_xuat_id,
   phieu_xuat_id,
   san_pham_id,
   so_luong,
   don_gia,
   ghi_chu
) values ( 'CTXK2026001803',
           'PXK20260018',
           'NL016',
           6.42,
           180000,
           N'Hao hụt thực tế' );
insert into chi_tiet_xuat_kho (
   chi_tiet_xuat_id,
   phieu_xuat_id,
   san_pham_id,
   so_luong,
   don_gia,
   ghi_chu
) values ( 'CTXK2026001804',
           'PXK20260018',
           'NL015',
           5.38,
           69000,
           N'Rơi vỡ' );
insert into chi_tiet_xuat_kho (
   chi_tiet_xuat_id,
   phieu_xuat_id,
   san_pham_id,
   so_luong,
   don_gia,
   ghi_chu
) values ( 'CTXK2026001901',
           'PXK20260019',
           'NL009',
           3.06,
           210000,
           N'Bao bì lỗi' );
insert into chi_tiet_xuat_kho (
   chi_tiet_xuat_id,
   phieu_xuat_id,
   san_pham_id,
   so_luong,
   don_gia,
   ghi_chu
) values ( 'CTXK2026001902',
           'PXK20260019',
           'NL004',
           1.71,
           28000,
           N'Hết hạn' );
insert into chi_tiet_xuat_kho (
   chi_tiet_xuat_id,
   phieu_xuat_id,
   san_pham_id,
   so_luong,
   don_gia,
   ghi_chu
) values ( 'CTXK2026001903',
           'PXK20260019',
           'NL003',
           4.6,
           36000,
           N'Hết hạn' );
insert into chi_tiet_xuat_kho (
   chi_tiet_xuat_id,
   phieu_xuat_id,
   san_pham_id,
   so_luong,
   don_gia,
   ghi_chu
) values ( 'CTXK2026002001',
           'PXK20260020',
           'NL014',
           0.9,
           5000,
           N'Pha lỗi' );
insert into chi_tiet_xuat_kho (
   chi_tiet_xuat_id,
   phieu_xuat_id,
   san_pham_id,
   so_luong,
   don_gia,
   ghi_chu
) values ( 'CTXK2026002002',
           'PXK20260020',
           'NL006',
           2.04,
           78000,
           N'Rơi vỡ' );
insert into chi_tiet_xuat_kho (
   chi_tiet_xuat_id,
   phieu_xuat_id,
   san_pham_id,
   so_luong,
   don_gia,
   ghi_chu
) values ( 'CTXK2026002101',
           'PXK20260021',
           'NL002',
           3.45,
           45000,
           N'Hao hụt thực tế' );
insert into chi_tiet_xuat_kho (
   chi_tiet_xuat_id,
   phieu_xuat_id,
   san_pham_id,
   so_luong,
   don_gia,
   ghi_chu
) values ( 'CTXK2026002201',
           'PXK20260022',
           'NL010',
           6.68,
           95000,
           N'Hao hụt thực tế' );
insert into chi_tiet_xuat_kho (
   chi_tiet_xuat_id,
   phieu_xuat_id,
   san_pham_id,
   so_luong,
   don_gia,
   ghi_chu
) values ( 'CTXK2026002301',
           'PXK20260023',
           'NL003',
           2.81,
           36000,
           N'Bao bì lỗi' );
insert into chi_tiet_xuat_kho (
   chi_tiet_xuat_id,
   phieu_xuat_id,
   san_pham_id,
   so_luong,
   don_gia,
   ghi_chu
) values ( 'CTXK2026002302',
           'PXK20260023',
           'NL016',
           4.03,
           180000,
           N'Pha lỗi' );
insert into chi_tiet_xuat_kho (
   chi_tiet_xuat_id,
   phieu_xuat_id,
   san_pham_id,
   so_luong,
   don_gia,
   ghi_chu
) values ( 'CTXK2026002303',
           'PXK20260023',
           'NL004',
           1.18,
           28000,
           N'Hao hụt thực tế' );
insert into chi_tiet_xuat_kho (
   chi_tiet_xuat_id,
   phieu_xuat_id,
   san_pham_id,
   so_luong,
   don_gia,
   ghi_chu
) values ( 'CTXK2026002401',
           'PXK20260024',
           'NL002',
           2.48,
           45000,
           N'Pha lỗi' );
insert into chi_tiet_xuat_kho (
   chi_tiet_xuat_id,
   phieu_xuat_id,
   san_pham_id,
   so_luong,
   don_gia,
   ghi_chu
) values ( 'CTXK2026002402',
           'PXK20260024',
           'NL009',
           4.73,
           210000,
           N'Rơi vỡ' );
insert into chi_tiet_xuat_kho (
   chi_tiet_xuat_id,
   phieu_xuat_id,
   san_pham_id,
   so_luong,
   don_gia,
   ghi_chu
) values ( 'CTXK2026002403',
           'PXK20260024',
           'NL015',
           6.14,
           69000,
           N'Hết hạn' );
insert into chi_tiet_xuat_kho (
   chi_tiet_xuat_id,
   phieu_xuat_id,
   san_pham_id,
   so_luong,
   don_gia,
   ghi_chu
) values ( 'CTXK2026002404',
           'PXK20260024',
           'NL008',
           1.14,
           320000,
           N'Pha lỗi' );
insert into chi_tiet_xuat_kho (
   chi_tiet_xuat_id,
   phieu_xuat_id,
   san_pham_id,
   so_luong,
   don_gia,
   ghi_chu
) values ( 'CTXK2026002501',
           'PXK20260025',
           'NL018',
           2.74,
           38000,
           N'Bao bì lỗi' );
insert into chi_tiet_xuat_kho (
   chi_tiet_xuat_id,
   phieu_xuat_id,
   san_pham_id,
   so_luong,
   don_gia,
   ghi_chu
) values ( 'CTXK2026002502',
           'PXK20260025',
           'NL016',
           7.27,
           180000,
           N'Hết hạn' );
insert into chi_tiet_xuat_kho (
   chi_tiet_xuat_id,
   phieu_xuat_id,
   san_pham_id,
   so_luong,
   don_gia,
   ghi_chu
) values ( 'CTXK2026002503',
           'PXK20260025',
           'NL008',
           4.27,
           320000,
           N'Hao hụt thực tế' );
insert into chi_tiet_xuat_kho (
   chi_tiet_xuat_id,
   phieu_xuat_id,
   san_pham_id,
   so_luong,
   don_gia,
   ghi_chu
) values ( 'CTXK2026002504',
           'PXK20260025',
           'NL017',
           6.5,
           45000,
           N'Hao hụt thực tế' );
insert into chi_tiet_xuat_kho (
   chi_tiet_xuat_id,
   phieu_xuat_id,
   san_pham_id,
   so_luong,
   don_gia,
   ghi_chu
) values ( 'CTXK2026002601',
           'PXK20260026',
           'NL005',
           3.68,
           52000,
           N'Bao bì lỗi' );
insert into chi_tiet_xuat_kho (
   chi_tiet_xuat_id,
   phieu_xuat_id,
   san_pham_id,
   so_luong,
   don_gia,
   ghi_chu
) values ( 'CTXK2026002602',
           'PXK20260026',
           'NL002',
           2.01,
           45000,
           N'Rơi vỡ' );

insert into phieu_dieu_chuyen_kho (
   phieu_dieu_chuyen_id,
   kho_nguon_id,
   kho_dich_id,
   nhan_vien_id,
   ngay_dieu_chuyen,
   trang_thai
) values ( 'PDC20260001',
           'KHO001',
           'KHO004',
           'NV004',
           timestamp '2026-07-21 01:30:00',
           'DA_DUYET' );
insert into phieu_dieu_chuyen_kho (
   phieu_dieu_chuyen_id,
   kho_nguon_id,
   kho_dich_id,
   nhan_vien_id,
   ngay_dieu_chuyen,
   trang_thai
) values ( 'PDC20260002',
           'KHO004',
           'KHO001',
           'NV014',
           timestamp '2026-07-24 19:10:00',
           'DA_DUYET' );
insert into phieu_dieu_chuyen_kho (
   phieu_dieu_chuyen_id,
   kho_nguon_id,
   kho_dich_id,
   nhan_vien_id,
   ngay_dieu_chuyen,
   trang_thai
) values ( 'PDC20260003',
           'KHO004',
           'KHO002',
           'NV014',
           timestamp '2026-07-21 00:45:00',
           'DA_DUYET' );
insert into phieu_dieu_chuyen_kho (
   phieu_dieu_chuyen_id,
   kho_nguon_id,
   kho_dich_id,
   nhan_vien_id,
   ngay_dieu_chuyen,
   trang_thai
) values ( 'PDC20260004',
           'KHO004',
           'KHO001',
           'NV014',
           timestamp '2026-07-21 22:55:00',
           'DA_DUYET' );
insert into phieu_dieu_chuyen_kho (
   phieu_dieu_chuyen_id,
   kho_nguon_id,
   kho_dich_id,
   nhan_vien_id,
   ngay_dieu_chuyen,
   trang_thai
) values ( 'PDC20260005',
           'KHO003',
           'KHO002',
           'NV011',
           timestamp '2026-06-03 22:20:00',
           'DA_DUYET' );
insert into phieu_dieu_chuyen_kho (
   phieu_dieu_chuyen_id,
   kho_nguon_id,
   kho_dich_id,
   nhan_vien_id,
   ngay_dieu_chuyen,
   trang_thai
) values ( 'PDC20260006',
           'KHO002',
           'KHO001',
           'NV008',
           timestamp '2026-07-10 00:25:00',
           'DA_DUYET' );
insert into phieu_dieu_chuyen_kho (
   phieu_dieu_chuyen_id,
   kho_nguon_id,
   kho_dich_id,
   nhan_vien_id,
   ngay_dieu_chuyen,
   trang_thai
) values ( 'PDC20260007',
           'KHO004',
           'KHO003',
           'NV014',
           timestamp '2026-08-03 01:25:00',
           'NHAP' );
insert into phieu_dieu_chuyen_kho (
   phieu_dieu_chuyen_id,
   kho_nguon_id,
   kho_dich_id,
   nhan_vien_id,
   ngay_dieu_chuyen,
   trang_thai
) values ( 'PDC20260008',
           'KHO001',
           'KHO002',
           'NV004',
           timestamp '2026-08-04 23:10:00',
           'NHAP' );
insert into phieu_dieu_chuyen_kho (
   phieu_dieu_chuyen_id,
   kho_nguon_id,
   kho_dich_id,
   nhan_vien_id,
   ngay_dieu_chuyen,
   trang_thai
) values ( 'PDC20260009',
           'KHO001',
           'KHO002',
           'NV004',
           timestamp '2026-06-07 22:55:00',
           'NHAP' );
insert into phieu_dieu_chuyen_kho (
   phieu_dieu_chuyen_id,
   kho_nguon_id,
   kho_dich_id,
   nhan_vien_id,
   ngay_dieu_chuyen,
   trang_thai
) values ( 'PDC20260010',
           'KHO004',
           'KHO003',
           'NV014',
           timestamp '2026-07-21 18:50:00',
           'DA_HUY' );
insert into phieu_dieu_chuyen_kho (
   phieu_dieu_chuyen_id,
   kho_nguon_id,
   kho_dich_id,
   nhan_vien_id,
   ngay_dieu_chuyen,
   trang_thai
) values ( 'PDC20260011',
           'KHO004',
           'KHO001',
           'NV014',
           timestamp '2026-08-01 01:25:00',
           'DA_HUY' );
insert into phieu_dieu_chuyen_kho (
   phieu_dieu_chuyen_id,
   kho_nguon_id,
   kho_dich_id,
   nhan_vien_id,
   ngay_dieu_chuyen,
   trang_thai
) values ( 'PDC20260012',
           'KHO003',
           'KHO001',
           'NV011',
           timestamp '2026-07-20 17:10:00',
           'DA_HUY' );
insert into chi_tiet_phieu_dieu_chuyen_kho (
   chi_tiet_dieu_chuyen_id,
   phieu_dieu_chuyen_id,
   san_pham_id,
   so_luong
) values ( 'CTDC2026000101',
           'PDC20260001',
           'NL011',
           11.09 );
insert into chi_tiet_phieu_dieu_chuyen_kho (
   chi_tiet_dieu_chuyen_id,
   phieu_dieu_chuyen_id,
   san_pham_id,
   so_luong
) values ( 'CTDC2026000102',
           'PDC20260001',
           'NL009',
           1.14 );
insert into chi_tiet_phieu_dieu_chuyen_kho (
   chi_tiet_dieu_chuyen_id,
   phieu_dieu_chuyen_id,
   san_pham_id,
   so_luong
) values ( 'CTDC2026000103',
           'PDC20260001',
           'NL015',
           8.7 );
insert into chi_tiet_phieu_dieu_chuyen_kho (
   chi_tiet_dieu_chuyen_id,
   phieu_dieu_chuyen_id,
   san_pham_id,
   so_luong
) values ( 'CTDC2026000201',
           'PDC20260002',
           'NL004',
           9.64 );
insert into chi_tiet_phieu_dieu_chuyen_kho (
   chi_tiet_dieu_chuyen_id,
   phieu_dieu_chuyen_id,
   san_pham_id,
   so_luong
) values ( 'CTDC2026000202',
           'PDC20260002',
           'NL018',
           10.54 );
insert into chi_tiet_phieu_dieu_chuyen_kho (
   chi_tiet_dieu_chuyen_id,
   phieu_dieu_chuyen_id,
   san_pham_id,
   so_luong
) values ( 'CTDC2026000203',
           'PDC20260002',
           'NL017',
           10.68 );
insert into chi_tiet_phieu_dieu_chuyen_kho (
   chi_tiet_dieu_chuyen_id,
   phieu_dieu_chuyen_id,
   san_pham_id,
   so_luong
) values ( 'CTDC2026000301',
           'PDC20260003',
           'NL016',
           4.03 );
insert into chi_tiet_phieu_dieu_chuyen_kho (
   chi_tiet_dieu_chuyen_id,
   phieu_dieu_chuyen_id,
   san_pham_id,
   so_luong
) values ( 'CTDC2026000302',
           'PDC20260003',
           'NL002',
           2.58 );
insert into chi_tiet_phieu_dieu_chuyen_kho (
   chi_tiet_dieu_chuyen_id,
   phieu_dieu_chuyen_id,
   san_pham_id,
   so_luong
) values ( 'CTDC2026000303',
           'PDC20260003',
           'NL006',
           7.7 );
insert into chi_tiet_phieu_dieu_chuyen_kho (
   chi_tiet_dieu_chuyen_id,
   phieu_dieu_chuyen_id,
   san_pham_id,
   so_luong
) values ( 'CTDC2026000401',
           'PDC20260004',
           'NL002',
           9.2 );
insert into chi_tiet_phieu_dieu_chuyen_kho (
   chi_tiet_dieu_chuyen_id,
   phieu_dieu_chuyen_id,
   san_pham_id,
   so_luong
) values ( 'CTDC2026000501',
           'PDC20260005',
           'NL009',
           10.44 );
insert into chi_tiet_phieu_dieu_chuyen_kho (
   chi_tiet_dieu_chuyen_id,
   phieu_dieu_chuyen_id,
   san_pham_id,
   so_luong
) values ( 'CTDC2026000502',
           'PDC20260005',
           'NL016',
           8.53 );
insert into chi_tiet_phieu_dieu_chuyen_kho (
   chi_tiet_dieu_chuyen_id,
   phieu_dieu_chuyen_id,
   san_pham_id,
   so_luong
) values ( 'CTDC2026000601',
           'PDC20260006',
           'NL014',
           3.07 );
insert into chi_tiet_phieu_dieu_chuyen_kho (
   chi_tiet_dieu_chuyen_id,
   phieu_dieu_chuyen_id,
   san_pham_id,
   so_luong
) values ( 'CTDC2026000602',
           'PDC20260006',
           'NL003',
           3.33 );
insert into chi_tiet_phieu_dieu_chuyen_kho (
   chi_tiet_dieu_chuyen_id,
   phieu_dieu_chuyen_id,
   san_pham_id,
   so_luong
) values ( 'CTDC2026000701',
           'PDC20260007',
           'NL017',
           9.71 );
insert into chi_tiet_phieu_dieu_chuyen_kho (
   chi_tiet_dieu_chuyen_id,
   phieu_dieu_chuyen_id,
   san_pham_id,
   so_luong
) values ( 'CTDC2026000801',
           'PDC20260008',
           'NL001',
           10.63 );
insert into chi_tiet_phieu_dieu_chuyen_kho (
   chi_tiet_dieu_chuyen_id,
   phieu_dieu_chuyen_id,
   san_pham_id,
   so_luong
) values ( 'CTDC2026000802',
           'PDC20260008',
           'NL006',
           3.21 );
insert into chi_tiet_phieu_dieu_chuyen_kho (
   chi_tiet_dieu_chuyen_id,
   phieu_dieu_chuyen_id,
   san_pham_id,
   so_luong
) values ( 'CTDC2026000803',
           'PDC20260008',
           'NL007',
           1.63 );
insert into chi_tiet_phieu_dieu_chuyen_kho (
   chi_tiet_dieu_chuyen_id,
   phieu_dieu_chuyen_id,
   san_pham_id,
   so_luong
) values ( 'CTDC2026000901',
           'PDC20260009',
           'NL009',
           5.05 );
insert into chi_tiet_phieu_dieu_chuyen_kho (
   chi_tiet_dieu_chuyen_id,
   phieu_dieu_chuyen_id,
   san_pham_id,
   so_luong
) values ( 'CTDC2026001001',
           'PDC20260010',
           'NL008',
           5.1 );
insert into chi_tiet_phieu_dieu_chuyen_kho (
   chi_tiet_dieu_chuyen_id,
   phieu_dieu_chuyen_id,
   san_pham_id,
   so_luong
) values ( 'CTDC2026001101',
           'PDC20260011',
           'NL006',
           9.24 );
insert into chi_tiet_phieu_dieu_chuyen_kho (
   chi_tiet_dieu_chuyen_id,
   phieu_dieu_chuyen_id,
   san_pham_id,
   so_luong
) values ( 'CTDC2026001102',
           'PDC20260011',
           'NL009',
           8.58 );
insert into chi_tiet_phieu_dieu_chuyen_kho (
   chi_tiet_dieu_chuyen_id,
   phieu_dieu_chuyen_id,
   san_pham_id,
   so_luong
) values ( 'CTDC2026001201',
           'PDC20260012',
           'NL007',
           8.45 );
insert into chi_tiet_phieu_dieu_chuyen_kho (
   chi_tiet_dieu_chuyen_id,
   phieu_dieu_chuyen_id,
   san_pham_id,
   so_luong
) values ( 'CTDC2026001202',
           'PDC20260012',
           'NL008',
           3.96 );
insert into chi_tiet_phieu_dieu_chuyen_kho (
   chi_tiet_dieu_chuyen_id,
   phieu_dieu_chuyen_id,
   san_pham_id,
   so_luong
) values ( 'CTDC2026001203',
           'PDC20260012',
           'NL017',
           5.5 );

insert into kiem_ke_kho (
   kiem_ke_id,
   kho_id,
   nhan_vien_id,
   ngay_kiem_ke,
   trang_thai,
   ghi_chu,
   approved_by,
   approved_at,
   rejected_reason
) values ( 'KK20260001',
           'KHO001',
           'NV004',
           timestamp '2026-06-04 05:00:00',
           'APPROVED',
           N'Kiểm kê cuối ca đã duyệt',
           'NV003',
           timestamp '2026-06-04 07:00:00',
           null );
insert into kiem_ke_kho (
   kiem_ke_id,
   kho_id,
   nhan_vien_id,
   ngay_kiem_ke,
   trang_thai,
   ghi_chu,
   approved_by,
   approved_at,
   rejected_reason
) values ( 'KK20260002',
           'KHO002',
           'NV008',
           timestamp '2026-06-11 05:15:00',
           'APPROVED',
           N'Kiểm kê cuối ca đã duyệt',
           'NV007',
           timestamp '2026-06-11 07:15:00',
           null );
insert into kiem_ke_kho (
   kiem_ke_id,
   kho_id,
   nhan_vien_id,
   ngay_kiem_ke,
   trang_thai,
   ghi_chu,
   approved_by,
   approved_at,
   rejected_reason
) values ( 'KK20260003',
           'KHO003',
           'NV011',
           timestamp '2026-06-18 05:30:00',
           'APPROVED',
           N'Kiểm kê cuối ca đã duyệt',
           'NV010',
           timestamp '2026-06-18 07:30:00',
           null );
insert into kiem_ke_kho (
   kiem_ke_id,
   kho_id,
   nhan_vien_id,
   ngay_kiem_ke,
   trang_thai,
   ghi_chu,
   approved_by,
   approved_at,
   rejected_reason
) values ( 'KK20260004',
           'KHO004',
           'NV014',
           timestamp '2026-06-25 05:00:00',
           'APPROVED',
           N'Kiểm kê cuối ca đã duyệt',
           'NV013',
           timestamp '2026-06-25 07:00:00',
           null );
insert into kiem_ke_kho (
   kiem_ke_id,
   kho_id,
   nhan_vien_id,
   ngay_kiem_ke,
   trang_thai,
   ghi_chu,
   approved_by,
   approved_at,
   rejected_reason
) values ( 'KK20260005',
           'KHO001',
           'NV004',
           timestamp '2026-07-02 05:30:00',
           'APPROVED',
           N'Kiểm kê cuối ca đã duyệt',
           'NV003',
           timestamp '2026-07-02 07:30:00',
           null );
insert into kiem_ke_kho (
   kiem_ke_id,
   kho_id,
   nhan_vien_id,
   ngay_kiem_ke,
   trang_thai,
   ghi_chu,
   approved_by,
   approved_at,
   rejected_reason
) values ( 'KK20260006',
           'KHO002',
           'NV008',
           timestamp '2026-07-09 05:00:00',
           'APPROVED',
           N'Kiểm kê cuối ca đã duyệt',
           'NV007',
           timestamp '2026-07-09 07:00:00',
           null );
insert into kiem_ke_kho (
   kiem_ke_id,
   kho_id,
   nhan_vien_id,
   ngay_kiem_ke,
   trang_thai,
   ghi_chu,
   approved_by,
   approved_at,
   rejected_reason
) values ( 'KK20260007',
           'KHO003',
           'NV011',
           timestamp '2026-07-16 05:15:00',
           'PENDING_APPROVAL',
           N'Kiểm kê chờ duyệt',
           null,
           null,
           null );
insert into kiem_ke_kho (
   kiem_ke_id,
   kho_id,
   nhan_vien_id,
   ngay_kiem_ke,
   trang_thai,
   ghi_chu,
   approved_by,
   approved_at,
   rejected_reason
) values ( 'KK20260008',
           'KHO004',
           'NV014',
           timestamp '2026-07-23 05:00:00',
           'PENDING_APPROVAL',
           N'Kiểm kê chờ duyệt',
           null,
           null,
           null );
insert into kiem_ke_kho (
   kiem_ke_id,
   kho_id,
   nhan_vien_id,
   ngay_kiem_ke,
   trang_thai,
   ghi_chu,
   approved_by,
   approved_at,
   rejected_reason
) values ( 'KK20260009',
           'KHO001',
           'NV004',
           timestamp '2026-07-30 05:00:00',
           'PENDING_APPROVAL',
           N'Kiểm kê chờ duyệt',
           null,
           null,
           null );
insert into kiem_ke_kho (
   kiem_ke_id,
   kho_id,
   nhan_vien_id,
   ngay_kiem_ke,
   trang_thai,
   ghi_chu,
   approved_by,
   approved_at,
   rejected_reason
) values ( 'KK20260010',
           'KHO002',
           'NV008',
           timestamp '2026-08-05 20:00:00',
           'DRAFT',
           N'Kiểm kê đang nhập nháp',
           null,
           null,
           null );
insert into kiem_ke_kho (
   kiem_ke_id,
   kho_id,
   nhan_vien_id,
   ngay_kiem_ke,
   trang_thai,
   ghi_chu,
   approved_by,
   approved_at,
   rejected_reason
) values ( 'KK20260011',
           'KHO003',
           'NV011',
           timestamp '2026-08-02 20:00:00',
           'DRAFT',
           N'Kiểm kê đang nhập nháp',
           null,
           null,
           null );
insert into kiem_ke_kho (
   kiem_ke_id,
   kho_id,
   nhan_vien_id,
   ngay_kiem_ke,
   trang_thai,
   ghi_chu,
   approved_by,
   approved_at,
   rejected_reason
) values ( 'KK20260012',
           'KHO004',
           'NV014',
           timestamp '2026-08-02 20:00:00',
           'REJECTED',
           N'Kiểm kê bị từ chối',
           'NV013',
           timestamp '2026-08-02 22:00:00',
           N'Chênh lệch lớn chưa có giải trình hợp lệ' );
insert into chi_tiet_kiem_ke_kho (
   chi_tiet_kiem_ke_id,
   kiem_ke_id,
   san_pham_id,
   so_luong_he_thong,
   so_luong_thuc_te,
   ghi_chu
) values ( 'CTKK2026000101',
           'KK20260001',
           'NL016',
           8.69,
           8.95,
           N'Cần giải trình chênh lệch kiểm kê' );
insert into chi_tiet_kiem_ke_kho (
   chi_tiet_kiem_ke_id,
   kiem_ke_id,
   san_pham_id,
   so_luong_he_thong,
   so_luong_thuc_te,
   ghi_chu
) values ( 'CTKK2026000102',
           'KK20260001',
           'NL005',
           66.44,
           67.85,
           N'Cần giải trình chênh lệch kiểm kê' );
insert into chi_tiet_kiem_ke_kho (
   chi_tiet_kiem_ke_id,
   kiem_ke_id,
   san_pham_id,
   so_luong_he_thong,
   so_luong_thuc_te,
   ghi_chu
) values ( 'CTKK2026000103',
           'KK20260001',
           'NL006',
           36.59,
           36.99,
           N'Chênh lệch trong ngưỡng' );
insert into chi_tiet_kiem_ke_kho (
   chi_tiet_kiem_ke_id,
   kiem_ke_id,
   san_pham_id,
   so_luong_he_thong,
   so_luong_thuc_te,
   ghi_chu
) values ( 'CTKK2026000104',
           'KK20260001',
           'NL010',
           50.69,
           55.44,
           N'Cần giải trình chênh lệch kiểm kê' );
insert into chi_tiet_kiem_ke_kho (
   chi_tiet_kiem_ke_id,
   kiem_ke_id,
   san_pham_id,
   so_luong_he_thong,
   so_luong_thuc_te,
   ghi_chu
) values ( 'CTKK2026000105',
           'KK20260001',
           'NL013',
           56.69,
           52.14,
           N'Cần giải trình chênh lệch kiểm kê' );
insert into chi_tiet_kiem_ke_kho (
   chi_tiet_kiem_ke_id,
   kiem_ke_id,
   san_pham_id,
   so_luong_he_thong,
   so_luong_thuc_te,
   ghi_chu
) values ( 'CTKK2026000201',
           'KK20260002',
           'NL009',
           81.77,
           84.47,
           N'Cần giải trình chênh lệch kiểm kê' );
insert into chi_tiet_kiem_ke_kho (
   chi_tiet_kiem_ke_id,
   kiem_ke_id,
   san_pham_id,
   so_luong_he_thong,
   so_luong_thuc_te,
   ghi_chu
) values ( 'CTKK2026000202',
           'KK20260002',
           'NL018',
           67.15,
           70.5,
           N'Cần giải trình chênh lệch kiểm kê' );
insert into chi_tiet_kiem_ke_kho (
   chi_tiet_kiem_ke_id,
   kiem_ke_id,
   san_pham_id,
   so_luong_he_thong,
   so_luong_thuc_te,
   ghi_chu
) values ( 'CTKK2026000203',
           'KK20260002',
           'NL010',
           42.32,
           43.88,
           N'Cần giải trình chênh lệch kiểm kê' );
insert into chi_tiet_kiem_ke_kho (
   chi_tiet_kiem_ke_id,
   kiem_ke_id,
   san_pham_id,
   so_luong_he_thong,
   so_luong_thuc_te,
   ghi_chu
) values ( 'CTKK2026000204',
           'KK20260002',
           'NL004',
           89.57,
           88.03,
           N'Chênh lệch trong ngưỡng' );
insert into chi_tiet_kiem_ke_kho (
   chi_tiet_kiem_ke_id,
   kiem_ke_id,
   san_pham_id,
   so_luong_he_thong,
   so_luong_thuc_te,
   ghi_chu
) values ( 'CTKK2026000205',
           'KK20260002',
           'NL003',
           64.28,
           67.19,
           N'Cần giải trình chênh lệch kiểm kê' );
insert into chi_tiet_kiem_ke_kho (
   chi_tiet_kiem_ke_id,
   kiem_ke_id,
   san_pham_id,
   so_luong_he_thong,
   so_luong_thuc_te,
   ghi_chu
) values ( 'CTKK2026000206',
           'KK20260002',
           'NL017',
           49.6,
           47.52,
           N'Cần giải trình chênh lệch kiểm kê' );
insert into chi_tiet_kiem_ke_kho (
   chi_tiet_kiem_ke_id,
   kiem_ke_id,
   san_pham_id,
   so_luong_he_thong,
   so_luong_thuc_te,
   ghi_chu
) values ( 'CTKK2026000207',
           'KK20260002',
           'NL015',
           22.85,
           22.31,
           N'Cần giải trình chênh lệch kiểm kê' );
insert into chi_tiet_kiem_ke_kho (
   chi_tiet_kiem_ke_id,
   kiem_ke_id,
   san_pham_id,
   so_luong_he_thong,
   so_luong_thuc_te,
   ghi_chu
) values ( 'CTKK2026000301',
           'KK20260003',
           'NL011',
           79.46,
           82.59,
           N'Cần giải trình chênh lệch kiểm kê' );
insert into chi_tiet_kiem_ke_kho (
   chi_tiet_kiem_ke_id,
   kiem_ke_id,
   san_pham_id,
   so_luong_he_thong,
   so_luong_thuc_te,
   ghi_chu
) values ( 'CTKK2026000302',
           'KK20260003',
           'NL003',
           29.37,
           26.08,
           N'Cần giải trình chênh lệch kiểm kê' );
insert into chi_tiet_kiem_ke_kho (
   chi_tiet_kiem_ke_id,
   kiem_ke_id,
   san_pham_id,
   so_luong_he_thong,
   so_luong_thuc_te,
   ghi_chu
) values ( 'CTKK2026000303',
           'KK20260003',
           'NL008',
           55.85,
           54.53,
           N'Cần giải trình chênh lệch kiểm kê' );
insert into chi_tiet_kiem_ke_kho (
   chi_tiet_kiem_ke_id,
   kiem_ke_id,
   san_pham_id,
   so_luong_he_thong,
   so_luong_thuc_te,
   ghi_chu
) values ( 'CTKK2026000304',
           'KK20260003',
           'NL006',
           17.82,
           18.29,
           N'Cần giải trình chênh lệch kiểm kê' );
insert into chi_tiet_kiem_ke_kho (
   chi_tiet_kiem_ke_id,
   kiem_ke_id,
   san_pham_id,
   so_luong_he_thong,
   so_luong_thuc_te,
   ghi_chu
) values ( 'CTKK2026000305',
           'KK20260003',
           'NL004',
           79.41,
           78.86,
           N'Chênh lệch trong ngưỡng' );
insert into chi_tiet_kiem_ke_kho (
   chi_tiet_kiem_ke_id,
   kiem_ke_id,
   san_pham_id,
   so_luong_he_thong,
   so_luong_thuc_te,
   ghi_chu
) values ( 'CTKK2026000306',
           'KK20260003',
           'NL012',
           41.55,
           41.85,
           N'Chênh lệch trong ngưỡng' );
insert into chi_tiet_kiem_ke_kho (
   chi_tiet_kiem_ke_id,
   kiem_ke_id,
   san_pham_id,
   so_luong_he_thong,
   so_luong_thuc_te,
   ghi_chu
) values ( 'CTKK2026000401',
           'KK20260004',
           'NL016',
           12.76,
           12.93,
           N'Chênh lệch trong ngưỡng' );
insert into chi_tiet_kiem_ke_kho (
   chi_tiet_kiem_ke_id,
   kiem_ke_id,
   san_pham_id,
   so_luong_he_thong,
   so_luong_thuc_te,
   ghi_chu
) values ( 'CTKK2026000402',
           'KK20260004',
           'NL011',
           21.83,
           21.3,
           N'Cần giải trình chênh lệch kiểm kê' );
insert into chi_tiet_kiem_ke_kho (
   chi_tiet_kiem_ke_id,
   kiem_ke_id,
   san_pham_id,
   so_luong_he_thong,
   so_luong_thuc_te,
   ghi_chu
) values ( 'CTKK2026000403',
           'KK20260004',
           'NL006',
           15.22,
           15.7,
           N'Cần giải trình chênh lệch kiểm kê' );
insert into chi_tiet_kiem_ke_kho (
   chi_tiet_kiem_ke_id,
   kiem_ke_id,
   san_pham_id,
   so_luong_he_thong,
   so_luong_thuc_te,
   ghi_chu
) values ( 'CTKK2026000404',
           'KK20260004',
           'NL018',
           87.16,
           87.18,
           N'Chênh lệch trong ngưỡng' );
insert into chi_tiet_kiem_ke_kho (
   chi_tiet_kiem_ke_id,
   kiem_ke_id,
   san_pham_id,
   so_luong_he_thong,
   so_luong_thuc_te,
   ghi_chu
) values ( 'CTKK2026000405',
           'KK20260004',
           'NL017',
           67.91,
           64.88,
           N'Cần giải trình chênh lệch kiểm kê' );
insert into chi_tiet_kiem_ke_kho (
   chi_tiet_kiem_ke_id,
   kiem_ke_id,
   san_pham_id,
   so_luong_he_thong,
   so_luong_thuc_te,
   ghi_chu
) values ( 'CTKK2026000501',
           'KK20260005',
           'NL001',
           33.59,
           32.95,
           N'Chênh lệch trong ngưỡng' );
insert into chi_tiet_kiem_ke_kho (
   chi_tiet_kiem_ke_id,
   kiem_ke_id,
   san_pham_id,
   so_luong_he_thong,
   so_luong_thuc_te,
   ghi_chu
) values ( 'CTKK2026000502',
           'KK20260005',
           'NL018',
           21.7,
           21.38,
           N'Chênh lệch trong ngưỡng' );
insert into chi_tiet_kiem_ke_kho (
   chi_tiet_kiem_ke_id,
   kiem_ke_id,
   san_pham_id,
   so_luong_he_thong,
   so_luong_thuc_te,
   ghi_chu
) values ( 'CTKK2026000503',
           'KK20260005',
           'NL008',
           67.68,
           69.15,
           N'Cần giải trình chênh lệch kiểm kê' );
insert into chi_tiet_kiem_ke_kho (
   chi_tiet_kiem_ke_id,
   kiem_ke_id,
   san_pham_id,
   so_luong_he_thong,
   so_luong_thuc_te,
   ghi_chu
) values ( 'CTKK2026000504',
           'KK20260005',
           'NL004',
           18.97,
           19.31,
           N'Chênh lệch trong ngưỡng' );
insert into chi_tiet_kiem_ke_kho (
   chi_tiet_kiem_ke_id,
   kiem_ke_id,
   san_pham_id,
   so_luong_he_thong,
   so_luong_thuc_te,
   ghi_chu
) values ( 'CTKK2026000505',
           'KK20260005',
           'NL012',
           85.74,
           85.82,
           N'Chênh lệch trong ngưỡng' );
insert into chi_tiet_kiem_ke_kho (
   chi_tiet_kiem_ke_id,
   kiem_ke_id,
   san_pham_id,
   so_luong_he_thong,
   so_luong_thuc_te,
   ghi_chu
) values ( 'CTKK2026000506',
           'KK20260005',
           'NL006',
           88.76,
           85.5,
           N'Cần giải trình chênh lệch kiểm kê' );
insert into chi_tiet_kiem_ke_kho (
   chi_tiet_kiem_ke_id,
   kiem_ke_id,
   san_pham_id,
   so_luong_he_thong,
   so_luong_thuc_te,
   ghi_chu
) values ( 'CTKK2026000601',
           'KK20260006',
           'NL012',
           28.97,
           26.1,
           N'Cần giải trình chênh lệch kiểm kê' );
insert into chi_tiet_kiem_ke_kho (
   chi_tiet_kiem_ke_id,
   kiem_ke_id,
   san_pham_id,
   so_luong_he_thong,
   so_luong_thuc_te,
   ghi_chu
) values ( 'CTKK2026000602',
           'KK20260006',
           'NL002',
           9.62,
           9.42,
           N'Cần giải trình chênh lệch kiểm kê' );
insert into chi_tiet_kiem_ke_kho (
   chi_tiet_kiem_ke_id,
   kiem_ke_id,
   san_pham_id,
   so_luong_he_thong,
   so_luong_thuc_te,
   ghi_chu
) values ( 'CTKK2026000603',
           'KK20260006',
           'NL013',
           52.88,
           54.74,
           N'Cần giải trình chênh lệch kiểm kê' );
insert into chi_tiet_kiem_ke_kho (
   chi_tiet_kiem_ke_id,
   kiem_ke_id,
   san_pham_id,
   so_luong_he_thong,
   so_luong_thuc_te,
   ghi_chu
) values ( 'CTKK2026000604',
           'KK20260006',
           'NL015',
           64.23,
           63.26,
           N'Chênh lệch trong ngưỡng' );
insert into chi_tiet_kiem_ke_kho (
   chi_tiet_kiem_ke_id,
   kiem_ke_id,
   san_pham_id,
   so_luong_he_thong,
   so_luong_thuc_te,
   ghi_chu
) values ( 'CTKK2026000605',
           'KK20260006',
           'NL011',
           62.32,
           64.26,
           N'Cần giải trình chênh lệch kiểm kê' );
insert into chi_tiet_kiem_ke_kho (
   chi_tiet_kiem_ke_id,
   kiem_ke_id,
   san_pham_id,
   so_luong_he_thong,
   so_luong_thuc_te,
   ghi_chu
) values ( 'CTKK2026000701',
           'KK20260007',
           'NL017',
           16.71,
           16.2,
           N'Cần giải trình chênh lệch kiểm kê' );
insert into chi_tiet_kiem_ke_kho (
   chi_tiet_kiem_ke_id,
   kiem_ke_id,
   san_pham_id,
   so_luong_he_thong,
   so_luong_thuc_te,
   ghi_chu
) values ( 'CTKK2026000702',
           'KK20260007',
           'NL004',
           76.18,
           74.82,
           N'Chênh lệch trong ngưỡng' );
insert into chi_tiet_kiem_ke_kho (
   chi_tiet_kiem_ke_id,
   kiem_ke_id,
   san_pham_id,
   so_luong_he_thong,
   so_luong_thuc_te,
   ghi_chu
) values ( 'CTKK2026000703',
           'KK20260007',
           'NL010',
           21.15,
           22.11,
           N'Cần giải trình chênh lệch kiểm kê' );
insert into chi_tiet_kiem_ke_kho (
   chi_tiet_kiem_ke_id,
   kiem_ke_id,
   san_pham_id,
   so_luong_he_thong,
   so_luong_thuc_te,
   ghi_chu
) values ( 'CTKK2026000704',
           'KK20260007',
           'NL002',
           47.41,
           47.4,
           N'Chênh lệch trong ngưỡng' );
insert into chi_tiet_kiem_ke_kho (
   chi_tiet_kiem_ke_id,
   kiem_ke_id,
   san_pham_id,
   so_luong_he_thong,
   so_luong_thuc_te,
   ghi_chu
) values ( 'CTKK2026000705',
           'KK20260007',
           'NL013',
           82.36,
           73.84,
           N'Cần giải trình chênh lệch kiểm kê' );
insert into chi_tiet_kiem_ke_kho (
   chi_tiet_kiem_ke_id,
   kiem_ke_id,
   san_pham_id,
   so_luong_he_thong,
   so_luong_thuc_te,
   ghi_chu
) values ( 'CTKK2026000801',
           'KK20260008',
           'NL008',
           74.68,
           71.5,
           N'Cần giải trình chênh lệch kiểm kê' );
insert into chi_tiet_kiem_ke_kho (
   chi_tiet_kiem_ke_id,
   kiem_ke_id,
   san_pham_id,
   so_luong_he_thong,
   so_luong_thuc_te,
   ghi_chu
) values ( 'CTKK2026000802',
           'KK20260008',
           'NL015',
           63.49,
           59.64,
           N'Cần giải trình chênh lệch kiểm kê' );
insert into chi_tiet_kiem_ke_kho (
   chi_tiet_kiem_ke_id,
   kiem_ke_id,
   san_pham_id,
   so_luong_he_thong,
   so_luong_thuc_te,
   ghi_chu
) values ( 'CTKK2026000803',
           'KK20260008',
           'NL010',
           19.35,
           19.03,
           N'Chênh lệch trong ngưỡng' );
insert into chi_tiet_kiem_ke_kho (
   chi_tiet_kiem_ke_id,
   kiem_ke_id,
   san_pham_id,
   so_luong_he_thong,
   so_luong_thuc_te,
   ghi_chu
) values ( 'CTKK2026000804',
           'KK20260008',
           'NL005',
           86.32,
           92.45,
           N'Cần giải trình chênh lệch kiểm kê' );
insert into chi_tiet_kiem_ke_kho (
   chi_tiet_kiem_ke_id,
   kiem_ke_id,
   san_pham_id,
   so_luong_he_thong,
   so_luong_thuc_te,
   ghi_chu
) values ( 'CTKK2026000805',
           'KK20260008',
           'NL018',
           40.86,
           41.42,
           N'Chênh lệch trong ngưỡng' );
insert into chi_tiet_kiem_ke_kho (
   chi_tiet_kiem_ke_id,
   kiem_ke_id,
   san_pham_id,
   so_luong_he_thong,
   so_luong_thuc_te,
   ghi_chu
) values ( 'CTKK2026000806',
           'KK20260008',
           'NL001',
           77.76,
           80.28,
           N'Cần giải trình chênh lệch kiểm kê' );
insert into chi_tiet_kiem_ke_kho (
   chi_tiet_kiem_ke_id,
   kiem_ke_id,
   san_pham_id,
   so_luong_he_thong,
   so_luong_thuc_te,
   ghi_chu
) values ( 'CTKK2026000807',
           'KK20260008',
           'NL002',
           17.27,
           16.42,
           N'Cần giải trình chênh lệch kiểm kê' );
insert into chi_tiet_kiem_ke_kho (
   chi_tiet_kiem_ke_id,
   kiem_ke_id,
   san_pham_id,
   so_luong_he_thong,
   so_luong_thuc_te,
   ghi_chu
) values ( 'CTKK2026000901',
           'KK20260009',
           'NL016',
           10.36,
           10.11,
           N'Cần giải trình chênh lệch kiểm kê' );
insert into chi_tiet_kiem_ke_kho (
   chi_tiet_kiem_ke_id,
   kiem_ke_id,
   san_pham_id,
   so_luong_he_thong,
   so_luong_thuc_te,
   ghi_chu
) values ( 'CTKK2026000902',
           'KK20260009',
           'NL015',
           80.78,
           80.97,
           N'Chênh lệch trong ngưỡng' );
insert into chi_tiet_kiem_ke_kho (
   chi_tiet_kiem_ke_id,
   kiem_ke_id,
   san_pham_id,
   so_luong_he_thong,
   so_luong_thuc_te,
   ghi_chu
) values ( 'CTKK2026000903',
           'KK20260009',
           'NL006',
           33.77,
           32.12,
           N'Cần giải trình chênh lệch kiểm kê' );
insert into chi_tiet_kiem_ke_kho (
   chi_tiet_kiem_ke_id,
   kiem_ke_id,
   san_pham_id,
   so_luong_he_thong,
   so_luong_thuc_te,
   ghi_chu
) values ( 'CTKK2026000904',
           'KK20260009',
           'NL010',
           35.74,
           34.97,
           N'Cần giải trình chênh lệch kiểm kê' );
insert into chi_tiet_kiem_ke_kho (
   chi_tiet_kiem_ke_id,
   kiem_ke_id,
   san_pham_id,
   so_luong_he_thong,
   so_luong_thuc_te,
   ghi_chu
) values ( 'CTKK2026000905',
           'KK20260009',
           'NL007',
           47.52,
           47.87,
           N'Chênh lệch trong ngưỡng' );
insert into chi_tiet_kiem_ke_kho (
   chi_tiet_kiem_ke_id,
   kiem_ke_id,
   san_pham_id,
   so_luong_he_thong,
   so_luong_thuc_te,
   ghi_chu
) values ( 'CTKK2026000906',
           'KK20260009',
           'NL013',
           81.15,
           81.1,
           N'Chênh lệch trong ngưỡng' );
insert into chi_tiet_kiem_ke_kho (
   chi_tiet_kiem_ke_id,
   kiem_ke_id,
   san_pham_id,
   so_luong_he_thong,
   so_luong_thuc_te,
   ghi_chu
) values ( 'CTKK2026000907',
           'KK20260009',
           'NL018',
           49.46,
           51.57,
           N'Cần giải trình chênh lệch kiểm kê' );
insert into chi_tiet_kiem_ke_kho (
   chi_tiet_kiem_ke_id,
   kiem_ke_id,
   san_pham_id,
   so_luong_he_thong,
   so_luong_thuc_te,
   ghi_chu
) values ( 'CTKK2026000908',
           'KK20260009',
           'NL017',
           14.14,
           14.37,
           N'Chênh lệch trong ngưỡng' );
insert into chi_tiet_kiem_ke_kho (
   chi_tiet_kiem_ke_id,
   kiem_ke_id,
   san_pham_id,
   so_luong_he_thong,
   so_luong_thuc_te,
   ghi_chu
) values ( 'CTKK2026001001',
           'KK20260010',
           'NL018',
           45.65,
           45.85,
           N'Chênh lệch trong ngưỡng' );
insert into chi_tiet_kiem_ke_kho (
   chi_tiet_kiem_ke_id,
   kiem_ke_id,
   san_pham_id,
   so_luong_he_thong,
   so_luong_thuc_te,
   ghi_chu
) values ( 'CTKK2026001002',
           'KK20260010',
           'NL013',
           33.92,
           36.79,
           N'Cần giải trình chênh lệch kiểm kê' );
insert into chi_tiet_kiem_ke_kho (
   chi_tiet_kiem_ke_id,
   kiem_ke_id,
   san_pham_id,
   so_luong_he_thong,
   so_luong_thuc_te,
   ghi_chu
) values ( 'CTKK2026001003',
           'KK20260010',
           'NL017',
           53.68,
           51.46,
           N'Cần giải trình chênh lệch kiểm kê' );
insert into chi_tiet_kiem_ke_kho (
   chi_tiet_kiem_ke_id,
   kiem_ke_id,
   san_pham_id,
   so_luong_he_thong,
   so_luong_thuc_te,
   ghi_chu
) values ( 'CTKK2026001004',
           'KK20260010',
           'NL014',
           86.98,
           90.85,
           N'Cần giải trình chênh lệch kiểm kê' );
insert into chi_tiet_kiem_ke_kho (
   chi_tiet_kiem_ke_id,
   kiem_ke_id,
   san_pham_id,
   so_luong_he_thong,
   so_luong_thuc_te,
   ghi_chu
) values ( 'CTKK2026001005',
           'KK20260010',
           'NL004',
           61.68,
           64.61,
           N'Cần giải trình chênh lệch kiểm kê' );
insert into chi_tiet_kiem_ke_kho (
   chi_tiet_kiem_ke_id,
   kiem_ke_id,
   san_pham_id,
   so_luong_he_thong,
   so_luong_thuc_te,
   ghi_chu
) values ( 'CTKK2026001006',
           'KK20260010',
           'NL002',
           12.45,
           11.92,
           N'Cần giải trình chênh lệch kiểm kê' );
insert into chi_tiet_kiem_ke_kho (
   chi_tiet_kiem_ke_id,
   kiem_ke_id,
   san_pham_id,
   so_luong_he_thong,
   so_luong_thuc_te,
   ghi_chu
) values ( 'CTKK2026001101',
           'KK20260011',
           'NL015',
           35.99,
           36.98,
           N'Cần giải trình chênh lệch kiểm kê' );
insert into chi_tiet_kiem_ke_kho (
   chi_tiet_kiem_ke_id,
   kiem_ke_id,
   san_pham_id,
   so_luong_he_thong,
   so_luong_thuc_te,
   ghi_chu
) values ( 'CTKK2026001102',
           'KK20260011',
           'NL004',
           16.72,
           16.31,
           N'Cần giải trình chênh lệch kiểm kê' );
insert into chi_tiet_kiem_ke_kho (
   chi_tiet_kiem_ke_id,
   kiem_ke_id,
   san_pham_id,
   so_luong_he_thong,
   so_luong_thuc_te,
   ghi_chu
) values ( 'CTKK2026001103',
           'KK20260011',
           'NL017',
           68.89,
           69.26,
           N'Chênh lệch trong ngưỡng' );
insert into chi_tiet_kiem_ke_kho (
   chi_tiet_kiem_ke_id,
   kiem_ke_id,
   san_pham_id,
   so_luong_he_thong,
   so_luong_thuc_te,
   ghi_chu
) values ( 'CTKK2026001104',
           'KK20260011',
           'NL013',
           23.38,
           23.63,
           N'Chênh lệch trong ngưỡng' );
insert into chi_tiet_kiem_ke_kho (
   chi_tiet_kiem_ke_id,
   kiem_ke_id,
   san_pham_id,
   so_luong_he_thong,
   so_luong_thuc_te,
   ghi_chu
) values ( 'CTKK2026001105',
           'KK20260011',
           'NL011',
           23.63,
           23.76,
           N'Chênh lệch trong ngưỡng' );
insert into chi_tiet_kiem_ke_kho (
   chi_tiet_kiem_ke_id,
   kiem_ke_id,
   san_pham_id,
   so_luong_he_thong,
   so_luong_thuc_te,
   ghi_chu
) values ( 'CTKK2026001106',
           'KK20260011',
           'NL016',
           83.98,
           80.74,
           N'Cần giải trình chênh lệch kiểm kê' );
insert into chi_tiet_kiem_ke_kho (
   chi_tiet_kiem_ke_id,
   kiem_ke_id,
   san_pham_id,
   so_luong_he_thong,
   so_luong_thuc_te,
   ghi_chu
) values ( 'CTKK2026001107',
           'KK20260011',
           'NL001',
           61.99,
           56.21,
           N'Cần giải trình chênh lệch kiểm kê' );
insert into chi_tiet_kiem_ke_kho (
   chi_tiet_kiem_ke_id,
   kiem_ke_id,
   san_pham_id,
   so_luong_he_thong,
   so_luong_thuc_te,
   ghi_chu
) values ( 'CTKK2026001201',
           'KK20260012',
           'NL006',
           57.71,
           59.16,
           N'Cần giải trình chênh lệch kiểm kê' );
insert into chi_tiet_kiem_ke_kho (
   chi_tiet_kiem_ke_id,
   kiem_ke_id,
   san_pham_id,
   so_luong_he_thong,
   so_luong_thuc_te,
   ghi_chu
) values ( 'CTKK2026001202',
           'KK20260012',
           'NL005',
           88.32,
           87.11,
           N'Chênh lệch trong ngưỡng' );
insert into chi_tiet_kiem_ke_kho (
   chi_tiet_kiem_ke_id,
   kiem_ke_id,
   san_pham_id,
   so_luong_he_thong,
   so_luong_thuc_te,
   ghi_chu
) values ( 'CTKK2026001203',
           'KK20260012',
           'NL004',
           87.58,
           91.1,
           N'Cần giải trình chênh lệch kiểm kê' );
insert into chi_tiet_kiem_ke_kho (
   chi_tiet_kiem_ke_id,
   kiem_ke_id,
   san_pham_id,
   so_luong_he_thong,
   so_luong_thuc_te,
   ghi_chu
) values ( 'CTKK2026001204',
           'KK20260012',
           'NL007',
           57.41,
           59.83,
           N'Cần giải trình chênh lệch kiểm kê' );
insert into chi_tiet_kiem_ke_kho (
   chi_tiet_kiem_ke_id,
   kiem_ke_id,
   san_pham_id,
   so_luong_he_thong,
   so_luong_thuc_te,
   ghi_chu
) values ( 'CTKK2026001205',
           'KK20260012',
           'NL011',
           33.74,
           33.4,
           N'Chênh lệch trong ngưỡng' );
insert into chi_tiet_kiem_ke_kho (
   chi_tiet_kiem_ke_id,
   kiem_ke_id,
   san_pham_id,
   so_luong_he_thong,
   so_luong_thuc_te,
   ghi_chu
) values ( 'CTKK2026001206',
           'KK20260012',
           'NL010',
           31.83,
           33.3,
           N'Cần giải trình chênh lệch kiểm kê' );

insert into lich_su_ton_kho (
   lich_su_id,
   kho_id,
   san_pham_id,
   reference_id,
   reference_type,
   so_luong_thay_doi,
   performed_by,
   note,
   created_at
) values ( 'LSTK202600001',
           'KHO004',
           'NL013',
           'PNK20260001',
           'IMPORT',
           22.77,
           'NV013',
           N'Duyệt phiếu nhập PNK20260001',
           timestamp '2026-07-14 19:35:00' );
insert into lich_su_ton_kho (
   lich_su_id,
   kho_id,
   san_pham_id,
   reference_id,
   reference_type,
   so_luong_thay_doi,
   performed_by,
   note,
   created_at
) values ( 'LSTK202600002',
           'KHO004',
           'NL017',
           'PNK20260001',
           'IMPORT',
           20.54,
           'NV013',
           N'Duyệt phiếu nhập PNK20260001',
           timestamp '2026-07-14 19:35:00' );
insert into lich_su_ton_kho (
   lich_su_id,
   kho_id,
   san_pham_id,
   reference_id,
   reference_type,
   so_luong_thay_doi,
   performed_by,
   note,
   created_at
) values ( 'LSTK202600003',
           'KHO004',
           'NL014',
           'PNK20260001',
           'IMPORT',
           17.85,
           'NV013',
           N'Duyệt phiếu nhập PNK20260001',
           timestamp '2026-07-14 19:35:00' );
insert into lich_su_ton_kho (
   lich_su_id,
   kho_id,
   san_pham_id,
   reference_id,
   reference_type,
   so_luong_thay_doi,
   performed_by,
   note,
   created_at
) values ( 'LSTK202600004',
           'KHO004',
           'NL009',
           'PNK20260001',
           'IMPORT',
           5.73,
           'NV013',
           N'Duyệt phiếu nhập PNK20260001',
           timestamp '2026-07-14 19:35:00' );
insert into lich_su_ton_kho (
   lich_su_id,
   kho_id,
   san_pham_id,
   reference_id,
   reference_type,
   so_luong_thay_doi,
   performed_by,
   note,
   created_at
) values ( 'LSTK202600005',
           'KHO004',
           'NL001',
           'PNK20260001',
           'IMPORT',
           19.44,
           'NV013',
           N'Duyệt phiếu nhập PNK20260001',
           timestamp '2026-07-14 19:35:00' );
insert into lich_su_ton_kho (
   lich_su_id,
   kho_id,
   san_pham_id,
   reference_id,
   reference_type,
   so_luong_thay_doi,
   performed_by,
   note,
   created_at
) values ( 'LSTK202600006',
           'KHO004',
           'NL015',
           'PNK20260004',
           'IMPORT',
           23.25,
           'NV013',
           N'Duyệt phiếu nhập PNK20260004',
           timestamp '2026-07-11 01:05:00' );
insert into lich_su_ton_kho (
   lich_su_id,
   kho_id,
   san_pham_id,
   reference_id,
   reference_type,
   so_luong_thay_doi,
   performed_by,
   note,
   created_at
) values ( 'LSTK202600007',
           'KHO004',
           'NL011',
           'PNK20260004',
           'IMPORT',
           3.56,
           'NV013',
           N'Duyệt phiếu nhập PNK20260004',
           timestamp '2026-07-11 01:05:00' );
insert into lich_su_ton_kho (
   lich_su_id,
   kho_id,
   san_pham_id,
   reference_id,
   reference_type,
   so_luong_thay_doi,
   performed_by,
   note,
   created_at
) values ( 'LSTK202600008',
           'KHO004',
           'NL003',
           'PNK20260004',
           'IMPORT',
           19.2,
           'NV013',
           N'Duyệt phiếu nhập PNK20260004',
           timestamp '2026-07-11 01:05:00' );
insert into lich_su_ton_kho (
   lich_su_id,
   kho_id,
   san_pham_id,
   reference_id,
   reference_type,
   so_luong_thay_doi,
   performed_by,
   note,
   created_at
) values ( 'LSTK202600009',
           'KHO004',
           'NL005',
           'PNK20260004',
           'IMPORT',
           23,
           'NV013',
           N'Duyệt phiếu nhập PNK20260004',
           timestamp '2026-07-11 01:05:00' );
insert into lich_su_ton_kho (
   lich_su_id,
   kho_id,
   san_pham_id,
   reference_id,
   reference_type,
   so_luong_thay_doi,
   performed_by,
   note,
   created_at
) values ( 'LSTK202600010',
           'KHO004',
           'NL001',
           'PNK20260004',
           'IMPORT',
           9.1,
           'NV013',
           N'Duyệt phiếu nhập PNK20260004',
           timestamp '2026-07-11 01:05:00' );
insert into lich_su_ton_kho (
   lich_su_id,
   kho_id,
   san_pham_id,
   reference_id,
   reference_type,
   so_luong_thay_doi,
   performed_by,
   note,
   created_at
) values ( 'LSTK202600011',
           'KHO002',
           'NL013',
           'PNK20260005',
           'IMPORT',
           19.01,
           'NV007',
           N'Duyệt phiếu nhập PNK20260005',
           timestamp '2026-07-09 00:35:00' );
insert into lich_su_ton_kho (
   lich_su_id,
   kho_id,
   san_pham_id,
   reference_id,
   reference_type,
   so_luong_thay_doi,
   performed_by,
   note,
   created_at
) values ( 'LSTK202600012',
           'KHO002',
           'NL006',
           'PNK20260005',
           'IMPORT',
           12.89,
           'NV007',
           N'Duyệt phiếu nhập PNK20260005',
           timestamp '2026-07-09 00:35:00' );
insert into lich_su_ton_kho (
   lich_su_id,
   kho_id,
   san_pham_id,
   reference_id,
   reference_type,
   so_luong_thay_doi,
   performed_by,
   note,
   created_at
) values ( 'LSTK202600013',
           'KHO002',
           'NL017',
           'PNK20260005',
           'IMPORT',
           18.35,
           'NV007',
           N'Duyệt phiếu nhập PNK20260005',
           timestamp '2026-07-09 00:35:00' );
insert into lich_su_ton_kho (
   lich_su_id,
   kho_id,
   san_pham_id,
   reference_id,
   reference_type,
   so_luong_thay_doi,
   performed_by,
   note,
   created_at
) values ( 'LSTK202600014',
           'KHO002',
           'NL005',
           'PNK20260008',
           'IMPORT',
           17.91,
           'NV007',
           N'Duyệt phiếu nhập PNK20260008',
           timestamp '2026-07-05 19:10:00' );
insert into lich_su_ton_kho (
   lich_su_id,
   kho_id,
   san_pham_id,
   reference_id,
   reference_type,
   so_luong_thay_doi,
   performed_by,
   note,
   created_at
) values ( 'LSTK202600015',
           'KHO002',
           'NL017',
           'PNK20260008',
           'IMPORT',
           12.59,
           'NV007',
           N'Duyệt phiếu nhập PNK20260008',
           timestamp '2026-07-05 19:10:00' );
insert into lich_su_ton_kho (
   lich_su_id,
   kho_id,
   san_pham_id,
   reference_id,
   reference_type,
   so_luong_thay_doi,
   performed_by,
   note,
   created_at
) values ( 'LSTK202600016',
           'KHO002',
           'NL013',
           'PNK20260008',
           'IMPORT',
           15.17,
           'NV007',
           N'Duyệt phiếu nhập PNK20260008',
           timestamp '2026-07-05 19:10:00' );
insert into lich_su_ton_kho (
   lich_su_id,
   kho_id,
   san_pham_id,
   reference_id,
   reference_type,
   so_luong_thay_doi,
   performed_by,
   note,
   created_at
) values ( 'LSTK202600017',
           'KHO002',
           'NL007',
           'PNK20260008',
           'IMPORT',
           20.34,
           'NV007',
           N'Duyệt phiếu nhập PNK20260008',
           timestamp '2026-07-05 19:10:00' );
insert into lich_su_ton_kho (
   lich_su_id,
   kho_id,
   san_pham_id,
   reference_id,
   reference_type,
   so_luong_thay_doi,
   performed_by,
   note,
   created_at
) values ( 'LSTK202600018',
           'KHO002',
           'NL011',
           'PNK20260009',
           'IMPORT',
           24.64,
           'NV007',
           N'Duyệt phiếu nhập PNK20260009',
           timestamp '2026-07-28 22:10:00' );
insert into lich_su_ton_kho (
   lich_su_id,
   kho_id,
   san_pham_id,
   reference_id,
   reference_type,
   so_luong_thay_doi,
   performed_by,
   note,
   created_at
) values ( 'LSTK202600019',
           'KHO002',
           'NL015',
           'PNK20260009',
           'IMPORT',
           15.12,
           'NV007',
           N'Duyệt phiếu nhập PNK20260009',
           timestamp '2026-07-28 22:10:00' );
insert into lich_su_ton_kho (
   lich_su_id,
   kho_id,
   san_pham_id,
   reference_id,
   reference_type,
   so_luong_thay_doi,
   performed_by,
   note,
   created_at
) values ( 'LSTK202600020',
           'KHO002',
           'NL002',
           'PNK20260009',
           'IMPORT',
           23.38,
           'NV007',
           N'Duyệt phiếu nhập PNK20260009',
           timestamp '2026-07-28 22:10:00' );
insert into lich_su_ton_kho (
   lich_su_id,
   kho_id,
   san_pham_id,
   reference_id,
   reference_type,
   so_luong_thay_doi,
   performed_by,
   note,
   created_at
) values ( 'LSTK202600021',
           'KHO004',
           'NL016',
           'PNK20260010',
           'IMPORT',
           22.9,
           'NV013',
           N'Duyệt phiếu nhập PNK20260010',
           timestamp '2026-07-19 01:30:00' );
insert into lich_su_ton_kho (
   lich_su_id,
   kho_id,
   san_pham_id,
   reference_id,
   reference_type,
   so_luong_thay_doi,
   performed_by,
   note,
   created_at
) values ( 'LSTK202600022',
           'KHO004',
           'NL006',
           'PNK20260010',
           'IMPORT',
           10.3,
           'NV013',
           N'Duyệt phiếu nhập PNK20260010',
           timestamp '2026-07-19 01:30:00' );
insert into lich_su_ton_kho (
   lich_su_id,
   kho_id,
   san_pham_id,
   reference_id,
   reference_type,
   so_luong_thay_doi,
   performed_by,
   note,
   created_at
) values ( 'LSTK202600023',
           'KHO004',
           'NL003',
           'PNK20260010',
           'IMPORT',
           8.62,
           'NV013',
           N'Duyệt phiếu nhập PNK20260010',
           timestamp '2026-07-19 01:30:00' );
insert into lich_su_ton_kho (
   lich_su_id,
   kho_id,
   san_pham_id,
   reference_id,
   reference_type,
   so_luong_thay_doi,
   performed_by,
   note,
   created_at
) values ( 'LSTK202600024',
           'KHO004',
           'NL010',
           'PNK20260010',
           'IMPORT',
           7.21,
           'NV013',
           N'Duyệt phiếu nhập PNK20260010',
           timestamp '2026-07-19 01:30:00' );
insert into lich_su_ton_kho (
   lich_su_id,
   kho_id,
   san_pham_id,
   reference_id,
   reference_type,
   so_luong_thay_doi,
   performed_by,
   note,
   created_at
) values ( 'LSTK202600025',
           'KHO004',
           'NL001',
           'PNK20260010',
           'IMPORT',
           17.14,
           'NV013',
           N'Duyệt phiếu nhập PNK20260010',
           timestamp '2026-07-19 01:30:00' );
insert into lich_su_ton_kho (
   lich_su_id,
   kho_id,
   san_pham_id,
   reference_id,
   reference_type,
   so_luong_thay_doi,
   performed_by,
   note,
   created_at
) values ( 'LSTK202600026',
           'KHO001',
           'NL018',
           'PNK20260011',
           'IMPORT',
           8.46,
           'NV003',
           N'Duyệt phiếu nhập PNK20260011',
           timestamp '2026-06-10 22:40:00' );
insert into lich_su_ton_kho (
   lich_su_id,
   kho_id,
   san_pham_id,
   reference_id,
   reference_type,
   so_luong_thay_doi,
   performed_by,
   note,
   created_at
) values ( 'LSTK202600027',
           'KHO001',
           'NL002',
           'PNK20260011',
           'IMPORT',
           5.56,
           'NV003',
           N'Duyệt phiếu nhập PNK20260011',
           timestamp '2026-06-10 22:40:00' );
insert into lich_su_ton_kho (
   lich_su_id,
   kho_id,
   san_pham_id,
   reference_id,
   reference_type,
   so_luong_thay_doi,
   performed_by,
   note,
   created_at
) values ( 'LSTK202600028',
           'KHO001',
           'NL015',
           'PNK20260011',
           'IMPORT',
           21.78,
           'NV003',
           N'Duyệt phiếu nhập PNK20260011',
           timestamp '2026-06-10 22:40:00' );
insert into lich_su_ton_kho (
   lich_su_id,
   kho_id,
   san_pham_id,
   reference_id,
   reference_type,
   so_luong_thay_doi,
   performed_by,
   note,
   created_at
) values ( 'LSTK202600029',
           'KHO001',
           'NL009',
           'PNK20260011',
           'IMPORT',
           24.87,
           'NV003',
           N'Duyệt phiếu nhập PNK20260011',
           timestamp '2026-06-10 22:40:00' );
insert into lich_su_ton_kho (
   lich_su_id,
   kho_id,
   san_pham_id,
   reference_id,
   reference_type,
   so_luong_thay_doi,
   performed_by,
   note,
   created_at
) values ( 'LSTK202600030',
           'KHO004',
           'NL002',
           'PNK20260013',
           'IMPORT',
           17.92,
           'NV013',
           N'Duyệt phiếu nhập PNK20260013',
           timestamp '2026-06-17 20:15:00' );
insert into lich_su_ton_kho (
   lich_su_id,
   kho_id,
   san_pham_id,
   reference_id,
   reference_type,
   so_luong_thay_doi,
   performed_by,
   note,
   created_at
) values ( 'LSTK202600031',
           'KHO004',
           'NL012',
           'PNK20260013',
           'IMPORT',
           11.09,
           'NV013',
           N'Duyệt phiếu nhập PNK20260013',
           timestamp '2026-06-17 20:15:00' );
insert into lich_su_ton_kho (
   lich_su_id,
   kho_id,
   san_pham_id,
   reference_id,
   reference_type,
   so_luong_thay_doi,
   performed_by,
   note,
   created_at
) values ( 'LSTK202600032',
           'KHO004',
           'NL009',
           'PNK20260013',
           'IMPORT',
           10.32,
           'NV013',
           N'Duyệt phiếu nhập PNK20260013',
           timestamp '2026-06-17 20:15:00' );
insert into lich_su_ton_kho (
   lich_su_id,
   kho_id,
   san_pham_id,
   reference_id,
   reference_type,
   so_luong_thay_doi,
   performed_by,
   note,
   created_at
) values ( 'LSTK202600033',
           'KHO004',
           'NL013',
           'PNK20260015',
           'IMPORT',
           21.75,
           'NV013',
           N'Duyệt phiếu nhập PNK20260015',
           timestamp '2026-07-23 19:50:00' );
insert into lich_su_ton_kho (
   lich_su_id,
   kho_id,
   san_pham_id,
   reference_id,
   reference_type,
   so_luong_thay_doi,
   performed_by,
   note,
   created_at
) values ( 'LSTK202600034',
           'KHO004',
           'NL017',
           'PNK20260015',
           'IMPORT',
           26.41,
           'NV013',
           N'Duyệt phiếu nhập PNK20260015',
           timestamp '2026-07-23 19:50:00' );
insert into lich_su_ton_kho (
   lich_su_id,
   kho_id,
   san_pham_id,
   reference_id,
   reference_type,
   so_luong_thay_doi,
   performed_by,
   note,
   created_at
) values ( 'LSTK202600035',
           'KHO002',
           'NL011',
           'PNK20260017',
           'IMPORT',
           11.59,
           'NV007',
           N'Duyệt phiếu nhập PNK20260017',
           timestamp '2026-07-29 22:25:00' );
insert into lich_su_ton_kho (
   lich_su_id,
   kho_id,
   san_pham_id,
   reference_id,
   reference_type,
   so_luong_thay_doi,
   performed_by,
   note,
   created_at
) values ( 'LSTK202600036',
           'KHO002',
           'NL005',
           'PNK20260017',
           'IMPORT',
           22.06,
           'NV007',
           N'Duyệt phiếu nhập PNK20260017',
           timestamp '2026-07-29 22:25:00' );
insert into lich_su_ton_kho (
   lich_su_id,
   kho_id,
   san_pham_id,
   reference_id,
   reference_type,
   so_luong_thay_doi,
   performed_by,
   note,
   created_at
) values ( 'LSTK202600037',
           'KHO002',
           'NL016',
           'PNK20260017',
           'IMPORT',
           5.49,
           'NV007',
           N'Duyệt phiếu nhập PNK20260017',
           timestamp '2026-07-29 22:25:00' );
insert into lich_su_ton_kho (
   lich_su_id,
   kho_id,
   san_pham_id,
   reference_id,
   reference_type,
   so_luong_thay_doi,
   performed_by,
   note,
   created_at
) values ( 'LSTK202600038',
           'KHO002',
           'NL013',
           'PNK20260017',
           'IMPORT',
           3.41,
           'NV007',
           N'Duyệt phiếu nhập PNK20260017',
           timestamp '2026-07-29 22:25:00' );
insert into lich_su_ton_kho (
   lich_su_id,
   kho_id,
   san_pham_id,
   reference_id,
   reference_type,
   so_luong_thay_doi,
   performed_by,
   note,
   created_at
) values ( 'LSTK202600039',
           'KHO004',
           'NL010',
           'PNK20260018',
           'IMPORT',
           5.33,
           'NV013',
           N'Duyệt phiếu nhập PNK20260018',
           timestamp '2026-05-28 00:15:00' );
insert into lich_su_ton_kho (
   lich_su_id,
   kho_id,
   san_pham_id,
   reference_id,
   reference_type,
   so_luong_thay_doi,
   performed_by,
   note,
   created_at
) values ( 'LSTK202600040',
           'KHO004',
           'NL006',
           'PNK20260018',
           'IMPORT',
           9.26,
           'NV013',
           N'Duyệt phiếu nhập PNK20260018',
           timestamp '2026-05-28 00:15:00' );
insert into lich_su_ton_kho (
   lich_su_id,
   kho_id,
   san_pham_id,
   reference_id,
   reference_type,
   so_luong_thay_doi,
   performed_by,
   note,
   created_at
) values ( 'LSTK202600041',
           'KHO004',
           'NL009',
           'PNK20260018',
           'IMPORT',
           19.61,
           'NV013',
           N'Duyệt phiếu nhập PNK20260018',
           timestamp '2026-05-28 00:15:00' );
insert into lich_su_ton_kho (
   lich_su_id,
   kho_id,
   san_pham_id,
   reference_id,
   reference_type,
   so_luong_thay_doi,
   performed_by,
   note,
   created_at
) values ( 'LSTK202600042',
           'KHO001',
           'NL005',
           'PNK20260020',
           'IMPORT',
           5.23,
           'NV003',
           N'Duyệt phiếu nhập PNK20260020',
           timestamp '2026-05-28 23:05:00' );
insert into lich_su_ton_kho (
   lich_su_id,
   kho_id,
   san_pham_id,
   reference_id,
   reference_type,
   so_luong_thay_doi,
   performed_by,
   note,
   created_at
) values ( 'LSTK202600043',
           'KHO001',
           'NL016',
           'PNK20260020',
           'IMPORT',
           5.58,
           'NV003',
           N'Duyệt phiếu nhập PNK20260020',
           timestamp '2026-05-28 23:05:00' );
insert into lich_su_ton_kho (
   lich_su_id,
   kho_id,
   san_pham_id,
   reference_id,
   reference_type,
   so_luong_thay_doi,
   performed_by,
   note,
   created_at
) values ( 'LSTK202600044',
           'KHO001',
           'NL003',
           'PNK20260020',
           'IMPORT',
           25.02,
           'NV003',
           N'Duyệt phiếu nhập PNK20260020',
           timestamp '2026-05-28 23:05:00' );
insert into lich_su_ton_kho (
   lich_su_id,
   kho_id,
   san_pham_id,
   reference_id,
   reference_type,
   so_luong_thay_doi,
   performed_by,
   note,
   created_at
) values ( 'LSTK202600045',
           'KHO001',
           'NL004',
           'PNK20260020',
           'IMPORT',
           12.57,
           'NV003',
           N'Duyệt phiếu nhập PNK20260020',
           timestamp '2026-05-28 23:05:00' );
insert into lich_su_ton_kho (
   lich_su_id,
   kho_id,
   san_pham_id,
   reference_id,
   reference_type,
   so_luong_thay_doi,
   performed_by,
   note,
   created_at
) values ( 'LSTK202600046',
           'KHO001',
           'NL007',
           'PNK20260020',
           'IMPORT',
           19.04,
           'NV003',
           N'Duyệt phiếu nhập PNK20260020',
           timestamp '2026-05-28 23:05:00' );
insert into lich_su_ton_kho (
   lich_su_id,
   kho_id,
   san_pham_id,
   reference_id,
   reference_type,
   so_luong_thay_doi,
   performed_by,
   note,
   created_at
) values ( 'LSTK202600047',
           'KHO001',
           'NL015',
           'PNK20260021',
           'IMPORT',
           18.7,
           'NV003',
           N'Duyệt phiếu nhập PNK20260021',
           timestamp '2026-08-02 18:45:00' );
insert into lich_su_ton_kho (
   lich_su_id,
   kho_id,
   san_pham_id,
   reference_id,
   reference_type,
   so_luong_thay_doi,
   performed_by,
   note,
   created_at
) values ( 'LSTK202600048',
           'KHO001',
           'NL012',
           'PNK20260021',
           'IMPORT',
           26,
           'NV003',
           N'Duyệt phiếu nhập PNK20260021',
           timestamp '2026-08-02 18:45:00' );
insert into lich_su_ton_kho (
   lich_su_id,
   kho_id,
   san_pham_id,
   reference_id,
   reference_type,
   so_luong_thay_doi,
   performed_by,
   note,
   created_at
) values ( 'LSTK202600049',
           'KHO001',
           'NL007',
           'PNK20260021',
           'IMPORT',
           20.16,
           'NV003',
           N'Duyệt phiếu nhập PNK20260021',
           timestamp '2026-08-02 18:45:00' );
insert into lich_su_ton_kho (
   lich_su_id,
   kho_id,
   san_pham_id,
   reference_id,
   reference_type,
   so_luong_thay_doi,
   performed_by,
   note,
   created_at
) values ( 'LSTK202600050',
           'KHO003',
           'NL010',
           'PNK20260023',
           'IMPORT',
           5.82,
           'NV010',
           N'Duyệt phiếu nhập PNK20260023',
           timestamp '2026-06-22 21:55:00' );
insert into lich_su_ton_kho (
   lich_su_id,
   kho_id,
   san_pham_id,
   reference_id,
   reference_type,
   so_luong_thay_doi,
   performed_by,
   note,
   created_at
) values ( 'LSTK202600051',
           'KHO003',
           'NL002',
           'PNK20260023',
           'IMPORT',
           18.95,
           'NV010',
           N'Duyệt phiếu nhập PNK20260023',
           timestamp '2026-06-22 21:55:00' );
insert into lich_su_ton_kho (
   lich_su_id,
   kho_id,
   san_pham_id,
   reference_id,
   reference_type,
   so_luong_thay_doi,
   performed_by,
   note,
   created_at
) values ( 'LSTK202600052',
           'KHO003',
           'NL008',
           'PNK20260023',
           'IMPORT',
           16.21,
           'NV010',
           N'Duyệt phiếu nhập PNK20260023',
           timestamp '2026-06-22 21:55:00' );
insert into lich_su_ton_kho (
   lich_su_id,
   kho_id,
   san_pham_id,
   reference_id,
   reference_type,
   so_luong_thay_doi,
   performed_by,
   note,
   created_at
) values ( 'LSTK202600053',
           'KHO003',
           'NL016',
           'PNK20260023',
           'IMPORT',
           27.67,
           'NV010',
           N'Duyệt phiếu nhập PNK20260023',
           timestamp '2026-06-22 21:55:00' );
insert into lich_su_ton_kho (
   lich_su_id,
   kho_id,
   san_pham_id,
   reference_id,
   reference_type,
   so_luong_thay_doi,
   performed_by,
   note,
   created_at
) values ( 'LSTK202600054',
           'KHO003',
           'NL007',
           'PNK20260023',
           'IMPORT',
           6.3,
           'NV010',
           N'Duyệt phiếu nhập PNK20260023',
           timestamp '2026-06-22 21:55:00' );
insert into lich_su_ton_kho (
   lich_su_id,
   kho_id,
   san_pham_id,
   reference_id,
   reference_type,
   so_luong_thay_doi,
   performed_by,
   note,
   created_at
) values ( 'LSTK202600055',
           'KHO004',
           'NL014',
           'PNK20260025',
           'IMPORT',
           16.44,
           'NV013',
           N'Duyệt phiếu nhập PNK20260025',
           timestamp '2026-07-30 22:50:00' );
insert into lich_su_ton_kho (
   lich_su_id,
   kho_id,
   san_pham_id,
   reference_id,
   reference_type,
   so_luong_thay_doi,
   performed_by,
   note,
   created_at
) values ( 'LSTK202600056',
           'KHO004',
           'NL013',
           'PNK20260025',
           'IMPORT',
           9.94,
           'NV013',
           N'Duyệt phiếu nhập PNK20260025',
           timestamp '2026-07-30 22:50:00' );
insert into lich_su_ton_kho (
   lich_su_id,
   kho_id,
   san_pham_id,
   reference_id,
   reference_type,
   so_luong_thay_doi,
   performed_by,
   note,
   created_at
) values ( 'LSTK202600057',
           'KHO004',
           'NL003',
           'PNK20260025',
           'IMPORT',
           4.98,
           'NV013',
           N'Duyệt phiếu nhập PNK20260025',
           timestamp '2026-07-30 22:50:00' );
insert into lich_su_ton_kho (
   lich_su_id,
   kho_id,
   san_pham_id,
   reference_id,
   reference_type,
   so_luong_thay_doi,
   performed_by,
   note,
   created_at
) values ( 'LSTK202600058',
           'KHO004',
           'NL011',
           'PNK20260025',
           'IMPORT',
           27.36,
           'NV013',
           N'Duyệt phiếu nhập PNK20260025',
           timestamp '2026-07-30 22:50:00' );
insert into lich_su_ton_kho (
   lich_su_id,
   kho_id,
   san_pham_id,
   reference_id,
   reference_type,
   so_luong_thay_doi,
   performed_by,
   note,
   created_at
) values ( 'LSTK202600059',
           'KHO004',
           'NL009',
           'PNK20260025',
           'IMPORT',
           16.41,
           'NV013',
           N'Duyệt phiếu nhập PNK20260025',
           timestamp '2026-07-30 22:50:00' );
insert into lich_su_ton_kho (
   lich_su_id,
   kho_id,
   san_pham_id,
   reference_id,
   reference_type,
   so_luong_thay_doi,
   performed_by,
   note,
   created_at
) values ( 'LSTK202600060',
           'KHO001',
           'NL002',
           'PNK20260026',
           'IMPORT',
           26.12,
           'NV003',
           N'Duyệt phiếu nhập PNK20260026',
           timestamp '2026-07-06 00:55:00' );
insert into lich_su_ton_kho (
   lich_su_id,
   kho_id,
   san_pham_id,
   reference_id,
   reference_type,
   so_luong_thay_doi,
   performed_by,
   note,
   created_at
) values ( 'LSTK202600061',
           'KHO001',
           'NL008',
           'PNK20260026',
           'IMPORT',
           14.33,
           'NV003',
           N'Duyệt phiếu nhập PNK20260026',
           timestamp '2026-07-06 00:55:00' );
insert into lich_su_ton_kho (
   lich_su_id,
   kho_id,
   san_pham_id,
   reference_id,
   reference_type,
   so_luong_thay_doi,
   performed_by,
   note,
   created_at
) values ( 'LSTK202600062',
           'KHO001',
           'NL003',
           'PNK20260026',
           'IMPORT',
           4.38,
           'NV003',
           N'Duyệt phiếu nhập PNK20260026',
           timestamp '2026-07-06 00:55:00' );
insert into lich_su_ton_kho (
   lich_su_id,
   kho_id,
   san_pham_id,
   reference_id,
   reference_type,
   so_luong_thay_doi,
   performed_by,
   note,
   created_at
) values ( 'LSTK202600063',
           'KHO001',
           'NL016',
           'PNK20260030',
           'IMPORT',
           12.57,
           'NV003',
           N'Duyệt phiếu nhập PNK20260030',
           timestamp '2026-06-01 18:15:00' );
insert into lich_su_ton_kho (
   lich_su_id,
   kho_id,
   san_pham_id,
   reference_id,
   reference_type,
   so_luong_thay_doi,
   performed_by,
   note,
   created_at
) values ( 'LSTK202600064',
           'KHO001',
           'NL012',
           'PNK20260030',
           'IMPORT',
           7.47,
           'NV003',
           N'Duyệt phiếu nhập PNK20260030',
           timestamp '2026-06-01 18:15:00' );
insert into lich_su_ton_kho (
   lich_su_id,
   kho_id,
   san_pham_id,
   reference_id,
   reference_type,
   so_luong_thay_doi,
   performed_by,
   note,
   created_at
) values ( 'LSTK202600065',
           'KHO004',
           'NL011',
           'PNK20260031',
           'IMPORT',
           5.99,
           'NV013',
           N'Duyệt phiếu nhập PNK20260031',
           timestamp '2026-06-24 23:15:00' );
insert into lich_su_ton_kho (
   lich_su_id,
   kho_id,
   san_pham_id,
   reference_id,
   reference_type,
   so_luong_thay_doi,
   performed_by,
   note,
   created_at
) values ( 'LSTK202600066',
           'KHO004',
           'NL009',
           'PNK20260031',
           'IMPORT',
           25.55,
           'NV013',
           N'Duyệt phiếu nhập PNK20260031',
           timestamp '2026-06-24 23:15:00' );
insert into lich_su_ton_kho (
   lich_su_id,
   kho_id,
   san_pham_id,
   reference_id,
   reference_type,
   so_luong_thay_doi,
   performed_by,
   note,
   created_at
) values ( 'LSTK202600067',
           'KHO004',
           'NL003',
           'PNK20260031',
           'IMPORT',
           8.58,
           'NV013',
           N'Duyệt phiếu nhập PNK20260031',
           timestamp '2026-06-24 23:15:00' );
insert into lich_su_ton_kho (
   lich_su_id,
   kho_id,
   san_pham_id,
   reference_id,
   reference_type,
   so_luong_thay_doi,
   performed_by,
   note,
   created_at
) values ( 'LSTK202600068',
           'KHO004',
           'NL010',
           'PNK20260031',
           'IMPORT',
           27.54,
           'NV013',
           N'Duyệt phiếu nhập PNK20260031',
           timestamp '2026-06-24 23:15:00' );
insert into lich_su_ton_kho (
   lich_su_id,
   kho_id,
   san_pham_id,
   reference_id,
   reference_type,
   so_luong_thay_doi,
   performed_by,
   note,
   created_at
) values ( 'LSTK202600069',
           'KHO004',
           'NL006',
           'PNK20260031',
           'IMPORT',
           4.72,
           'NV013',
           N'Duyệt phiếu nhập PNK20260031',
           timestamp '2026-06-24 23:15:00' );
insert into lich_su_ton_kho (
   lich_su_id,
   kho_id,
   san_pham_id,
   reference_id,
   reference_type,
   so_luong_thay_doi,
   performed_by,
   note,
   created_at
) values ( 'LSTK202600070',
           'KHO003',
           'NL011',
           'PXK20260002',
           'EXPORT',
           - 2.25,
           'NV010',
           N'Duyệt phiếu xuất PXK20260002',
           timestamp '2026-06-30 00:30:00' );
insert into lich_su_ton_kho (
   lich_su_id,
   kho_id,
   san_pham_id,
   reference_id,
   reference_type,
   so_luong_thay_doi,
   performed_by,
   note,
   created_at
) values ( 'LSTK202600071',
           'KHO003',
           'NL015',
           'PXK20260002',
           'EXPORT',
           - 1.52,
           'NV010',
           N'Duyệt phiếu xuất PXK20260002',
           timestamp '2026-06-30 00:30:00' );
insert into lich_su_ton_kho (
   lich_su_id,
   kho_id,
   san_pham_id,
   reference_id,
   reference_type,
   so_luong_thay_doi,
   performed_by,
   note,
   created_at
) values ( 'LSTK202600072',
           'KHO003',
           'NL009',
           'PXK20260002',
           'EXPORT',
           - 1.32,
           'NV010',
           N'Duyệt phiếu xuất PXK20260002',
           timestamp '2026-06-30 00:30:00' );
insert into lich_su_ton_kho (
   lich_su_id,
   kho_id,
   san_pham_id,
   reference_id,
   reference_type,
   so_luong_thay_doi,
   performed_by,
   note,
   created_at
) values ( 'LSTK202600073',
           'KHO004',
           'NL007',
           'PXK20260003',
           'EXPORT',
           - 3.98,
           'NV013',
           N'Duyệt phiếu xuất PXK20260003',
           timestamp '2026-07-07 01:05:00' );
insert into lich_su_ton_kho (
   lich_su_id,
   kho_id,
   san_pham_id,
   reference_id,
   reference_type,
   so_luong_thay_doi,
   performed_by,
   note,
   created_at
) values ( 'LSTK202600074',
           'KHO004',
           'NL015',
           'PXK20260003',
           'EXPORT',
           - 1.18,
           'NV013',
           N'Duyệt phiếu xuất PXK20260003',
           timestamp '2026-07-07 01:05:00' );
insert into lich_su_ton_kho (
   lich_su_id,
   kho_id,
   san_pham_id,
   reference_id,
   reference_type,
   so_luong_thay_doi,
   performed_by,
   note,
   created_at
) values ( 'LSTK202600075',
           'KHO004',
           'NL010',
           'PXK20260003',
           'EXPORT',
           - 6.7,
           'NV013',
           N'Duyệt phiếu xuất PXK20260003',
           timestamp '2026-07-07 01:05:00' );
insert into lich_su_ton_kho (
   lich_su_id,
   kho_id,
   san_pham_id,
   reference_id,
   reference_type,
   so_luong_thay_doi,
   performed_by,
   note,
   created_at
) values ( 'LSTK202600076',
           'KHO003',
           'NL012',
           'PXK20260004',
           'EXPORT',
           - 4.35,
           'NV010',
           N'Duyệt phiếu xuất PXK20260004',
           timestamp '2026-06-14 20:55:00' );
insert into lich_su_ton_kho (
   lich_su_id,
   kho_id,
   san_pham_id,
   reference_id,
   reference_type,
   so_luong_thay_doi,
   performed_by,
   note,
   created_at
) values ( 'LSTK202600077',
           'KHO003',
           'NL013',
           'PXK20260004',
           'EXPORT',
           - 2.45,
           'NV010',
           N'Duyệt phiếu xuất PXK20260004',
           timestamp '2026-06-14 20:55:00' );
insert into lich_su_ton_kho (
   lich_su_id,
   kho_id,
   san_pham_id,
   reference_id,
   reference_type,
   so_luong_thay_doi,
   performed_by,
   note,
   created_at
) values ( 'LSTK202600078',
           'KHO001',
           'NL014',
           'PXK20260008',
           'EXPORT',
           - 5.32,
           'NV003',
           N'Duyệt phiếu xuất PXK20260008',
           timestamp '2026-06-07 23:30:00' );
insert into lich_su_ton_kho (
   lich_su_id,
   kho_id,
   san_pham_id,
   reference_id,
   reference_type,
   so_luong_thay_doi,
   performed_by,
   note,
   created_at
) values ( 'LSTK202600079',
           'KHO001',
           'NL007',
           'PXK20260008',
           'EXPORT',
           - 2.37,
           'NV003',
           N'Duyệt phiếu xuất PXK20260008',
           timestamp '2026-06-07 23:30:00' );
insert into lich_su_ton_kho (
   lich_su_id,
   kho_id,
   san_pham_id,
   reference_id,
   reference_type,
   so_luong_thay_doi,
   performed_by,
   note,
   created_at
) values ( 'LSTK202600080',
           'KHO003',
           'NL017',
           'PXK20260009',
           'EXPORT',
           - 2.53,
           'NV010',
           N'Duyệt phiếu xuất PXK20260009',
           timestamp '2026-07-28 03:35:00' );
insert into lich_su_ton_kho (
   lich_su_id,
   kho_id,
   san_pham_id,
   reference_id,
   reference_type,
   so_luong_thay_doi,
   performed_by,
   note,
   created_at
) values ( 'LSTK202600081',
           'KHO003',
           'NL011',
           'PXK20260009',
           'EXPORT',
           - 2.89,
           'NV010',
           N'Duyệt phiếu xuất PXK20260009',
           timestamp '2026-07-28 03:35:00' );
insert into lich_su_ton_kho (
   lich_su_id,
   kho_id,
   san_pham_id,
   reference_id,
   reference_type,
   so_luong_thay_doi,
   performed_by,
   note,
   created_at
) values ( 'LSTK202600082',
           'KHO003',
           'NL013',
           'PXK20260009',
           'EXPORT',
           - 0.72,
           'NV010',
           N'Duyệt phiếu xuất PXK20260009',
           timestamp '2026-07-28 03:35:00' );
insert into lich_su_ton_kho (
   lich_su_id,
   kho_id,
   san_pham_id,
   reference_id,
   reference_type,
   so_luong_thay_doi,
   performed_by,
   note,
   created_at
) values ( 'LSTK202600083',
           'KHO003',
           'NL008',
           'PXK20260010',
           'EXPORT',
           - 4.5,
           'NV010',
           N'Duyệt phiếu xuất PXK20260010',
           timestamp '2026-06-25 21:05:00' );
insert into lich_su_ton_kho (
   lich_su_id,
   kho_id,
   san_pham_id,
   reference_id,
   reference_type,
   so_luong_thay_doi,
   performed_by,
   note,
   created_at
) values ( 'LSTK202600084',
           'KHO003',
           'NL009',
           'PXK20260010',
           'EXPORT',
           - 6.23,
           'NV010',
           N'Duyệt phiếu xuất PXK20260010',
           timestamp '2026-06-25 21:05:00' );
insert into lich_su_ton_kho (
   lich_su_id,
   kho_id,
   san_pham_id,
   reference_id,
   reference_type,
   so_luong_thay_doi,
   performed_by,
   note,
   created_at
) values ( 'LSTK202600085',
           'KHO004',
           'NL008',
           'PXK20260012',
           'EXPORT',
           - 4.45,
           'NV013',
           N'Duyệt phiếu xuất PXK20260012',
           timestamp '2026-05-31 20:00:00' );
insert into lich_su_ton_kho (
   lich_su_id,
   kho_id,
   san_pham_id,
   reference_id,
   reference_type,
   so_luong_thay_doi,
   performed_by,
   note,
   created_at
) values ( 'LSTK202600086',
           'KHO004',
           'NL001',
           'PXK20260012',
           'EXPORT',
           - 2.99,
           'NV013',
           N'Duyệt phiếu xuất PXK20260012',
           timestamp '2026-05-31 20:00:00' );
insert into lich_su_ton_kho (
   lich_su_id,
   kho_id,
   san_pham_id,
   reference_id,
   reference_type,
   so_luong_thay_doi,
   performed_by,
   note,
   created_at
) values ( 'LSTK202600087',
           'KHO003',
           'NL004',
           'PXK20260014',
           'EXPORT',
           - 1.52,
           'NV010',
           N'Duyệt phiếu xuất PXK20260014',
           timestamp '2026-06-06 00:55:00' );
insert into lich_su_ton_kho (
   lich_su_id,
   kho_id,
   san_pham_id,
   reference_id,
   reference_type,
   so_luong_thay_doi,
   performed_by,
   note,
   created_at
) values ( 'LSTK202600088',
           'KHO003',
           'NL011',
           'PXK20260014',
           'EXPORT',
           - 5.99,
           'NV010',
           N'Duyệt phiếu xuất PXK20260014',
           timestamp '2026-06-06 00:55:00' );
insert into lich_su_ton_kho (
   lich_su_id,
   kho_id,
   san_pham_id,
   reference_id,
   reference_type,
   so_luong_thay_doi,
   performed_by,
   note,
   created_at
) values ( 'LSTK202600089',
           'KHO003',
           'NL010',
           'PXK20260014',
           'EXPORT',
           - 6.44,
           'NV010',
           N'Duyệt phiếu xuất PXK20260014',
           timestamp '2026-06-06 00:55:00' );
insert into lich_su_ton_kho (
   lich_su_id,
   kho_id,
   san_pham_id,
   reference_id,
   reference_type,
   so_luong_thay_doi,
   performed_by,
   note,
   created_at
) values ( 'LSTK202600090',
           'KHO003',
           'NL006',
           'PXK20260014',
           'EXPORT',
           - 5.37,
           'NV010',
           N'Duyệt phiếu xuất PXK20260014',
           timestamp '2026-06-06 00:55:00' );
insert into lich_su_ton_kho (
   lich_su_id,
   kho_id,
   san_pham_id,
   reference_id,
   reference_type,
   so_luong_thay_doi,
   performed_by,
   note,
   created_at
) values ( 'LSTK202600091',
           'KHO002',
           'NL003',
           'PXK20260016',
           'EXPORT',
           - 7.87,
           'NV007',
           N'Duyệt phiếu xuất PXK20260016',
           timestamp '2026-06-10 02:10:00' );
insert into lich_su_ton_kho (
   lich_su_id,
   kho_id,
   san_pham_id,
   reference_id,
   reference_type,
   so_luong_thay_doi,
   performed_by,
   note,
   created_at
) values ( 'LSTK202600092',
           'KHO002',
           'NL008',
           'PXK20260016',
           'EXPORT',
           - 5.27,
           'NV007',
           N'Duyệt phiếu xuất PXK20260016',
           timestamp '2026-06-10 02:10:00' );
insert into lich_su_ton_kho (
   lich_su_id,
   kho_id,
   san_pham_id,
   reference_id,
   reference_type,
   so_luong_thay_doi,
   performed_by,
   note,
   created_at
) values ( 'LSTK202600093',
           'KHO002',
           'NL012',
           'PXK20260016',
           'EXPORT',
           - 6.66,
           'NV007',
           N'Duyệt phiếu xuất PXK20260016',
           timestamp '2026-06-10 02:10:00' );
insert into lich_su_ton_kho (
   lich_su_id,
   kho_id,
   san_pham_id,
   reference_id,
   reference_type,
   so_luong_thay_doi,
   performed_by,
   note,
   created_at
) values ( 'LSTK202600094',
           'KHO001',
           'NL006',
           'PXK20260018',
           'EXPORT',
           - 3.34,
           'NV003',
           N'Duyệt phiếu xuất PXK20260018',
           timestamp '2026-07-16 02:55:00' );
insert into lich_su_ton_kho (
   lich_su_id,
   kho_id,
   san_pham_id,
   reference_id,
   reference_type,
   so_luong_thay_doi,
   performed_by,
   note,
   created_at
) values ( 'LSTK202600095',
           'KHO001',
           'NL014',
           'PXK20260018',
           'EXPORT',
           - 3.32,
           'NV003',
           N'Duyệt phiếu xuất PXK20260018',
           timestamp '2026-07-16 02:55:00' );
insert into lich_su_ton_kho (
   lich_su_id,
   kho_id,
   san_pham_id,
   reference_id,
   reference_type,
   so_luong_thay_doi,
   performed_by,
   note,
   created_at
) values ( 'LSTK202600096',
           'KHO001',
           'NL016',
           'PXK20260018',
           'EXPORT',
           - 6.42,
           'NV003',
           N'Duyệt phiếu xuất PXK20260018',
           timestamp '2026-07-16 02:55:00' );
insert into lich_su_ton_kho (
   lich_su_id,
   kho_id,
   san_pham_id,
   reference_id,
   reference_type,
   so_luong_thay_doi,
   performed_by,
   note,
   created_at
) values ( 'LSTK202600097',
           'KHO001',
           'NL015',
           'PXK20260018',
           'EXPORT',
           - 5.38,
           'NV003',
           N'Duyệt phiếu xuất PXK20260018',
           timestamp '2026-07-16 02:55:00' );
insert into lich_su_ton_kho (
   lich_su_id,
   kho_id,
   san_pham_id,
   reference_id,
   reference_type,
   so_luong_thay_doi,
   performed_by,
   note,
   created_at
) values ( 'LSTK202600098',
           'KHO001',
           'NL010',
           'PXK20260022',
           'EXPORT',
           - 6.68,
           'NV003',
           N'Duyệt phiếu xuất PXK20260022',
           timestamp '2026-07-12 19:30:00' );
insert into lich_su_ton_kho (
   lich_su_id,
   kho_id,
   san_pham_id,
   reference_id,
   reference_type,
   so_luong_thay_doi,
   performed_by,
   note,
   created_at
) values ( 'LSTK202600099',
           'KHO001',
           'NL003',
           'PXK20260023',
           'EXPORT',
           - 2.81,
           'NV003',
           N'Duyệt phiếu xuất PXK20260023',
           timestamp '2026-05-30 22:10:00' );
insert into lich_su_ton_kho (
   lich_su_id,
   kho_id,
   san_pham_id,
   reference_id,
   reference_type,
   so_luong_thay_doi,
   performed_by,
   note,
   created_at
) values ( 'LSTK202600100',
           'KHO001',
           'NL016',
           'PXK20260023',
           'EXPORT',
           - 4.03,
           'NV003',
           N'Duyệt phiếu xuất PXK20260023',
           timestamp '2026-05-30 22:10:00' );
insert into lich_su_ton_kho (
   lich_su_id,
   kho_id,
   san_pham_id,
   reference_id,
   reference_type,
   so_luong_thay_doi,
   performed_by,
   note,
   created_at
) values ( 'LSTK202600101',
           'KHO001',
           'NL004',
           'PXK20260023',
           'EXPORT',
           - 1.18,
           'NV003',
           N'Duyệt phiếu xuất PXK20260023',
           timestamp '2026-05-30 22:10:00' );
insert into lich_su_ton_kho (
   lich_su_id,
   kho_id,
   san_pham_id,
   reference_id,
   reference_type,
   so_luong_thay_doi,
   performed_by,
   note,
   created_at
) values ( 'LSTK202600102',
           'KHO003',
           'NL002',
           'PXK20260024',
           'EXPORT',
           - 2.48,
           'NV010',
           N'Duyệt phiếu xuất PXK20260024',
           timestamp '2026-07-15 00:10:00' );
insert into lich_su_ton_kho (
   lich_su_id,
   kho_id,
   san_pham_id,
   reference_id,
   reference_type,
   so_luong_thay_doi,
   performed_by,
   note,
   created_at
) values ( 'LSTK202600103',
           'KHO003',
           'NL009',
           'PXK20260024',
           'EXPORT',
           - 4.73,
           'NV010',
           N'Duyệt phiếu xuất PXK20260024',
           timestamp '2026-07-15 00:10:00' );
insert into lich_su_ton_kho (
   lich_su_id,
   kho_id,
   san_pham_id,
   reference_id,
   reference_type,
   so_luong_thay_doi,
   performed_by,
   note,
   created_at
) values ( 'LSTK202600104',
           'KHO003',
           'NL015',
           'PXK20260024',
           'EXPORT',
           - 6.14,
           'NV010',
           N'Duyệt phiếu xuất PXK20260024',
           timestamp '2026-07-15 00:10:00' );
insert into lich_su_ton_kho (
   lich_su_id,
   kho_id,
   san_pham_id,
   reference_id,
   reference_type,
   so_luong_thay_doi,
   performed_by,
   note,
   created_at
) values ( 'LSTK202600105',
           'KHO003',
           'NL008',
           'PXK20260024',
           'EXPORT',
           - 1.14,
           'NV010',
           N'Duyệt phiếu xuất PXK20260024',
           timestamp '2026-07-15 00:10:00' );
insert into lich_su_ton_kho (
   lich_su_id,
   kho_id,
   san_pham_id,
   reference_id,
   reference_type,
   so_luong_thay_doi,
   performed_by,
   note,
   created_at
) values ( 'LSTK202600106',
           'KHO002',
           'NL018',
           'PXK20260025',
           'EXPORT',
           - 2.74,
           'NV007',
           N'Duyệt phiếu xuất PXK20260025',
           timestamp '2026-08-05 19:30:00' );
insert into lich_su_ton_kho (
   lich_su_id,
   kho_id,
   san_pham_id,
   reference_id,
   reference_type,
   so_luong_thay_doi,
   performed_by,
   note,
   created_at
) values ( 'LSTK202600107',
           'KHO002',
           'NL016',
           'PXK20260025',
           'EXPORT',
           - 7.27,
           'NV007',
           N'Duyệt phiếu xuất PXK20260025',
           timestamp '2026-08-05 19:30:00' );
insert into lich_su_ton_kho (
   lich_su_id,
   kho_id,
   san_pham_id,
   reference_id,
   reference_type,
   so_luong_thay_doi,
   performed_by,
   note,
   created_at
) values ( 'LSTK202600108',
           'KHO002',
           'NL008',
           'PXK20260025',
           'EXPORT',
           - 4.27,
           'NV007',
           N'Duyệt phiếu xuất PXK20260025',
           timestamp '2026-08-05 19:30:00' );
insert into lich_su_ton_kho (
   lich_su_id,
   kho_id,
   san_pham_id,
   reference_id,
   reference_type,
   so_luong_thay_doi,
   performed_by,
   note,
   created_at
) values ( 'LSTK202600109',
           'KHO002',
           'NL017',
           'PXK20260025',
           'EXPORT',
           - 6.5,
           'NV007',
           N'Duyệt phiếu xuất PXK20260025',
           timestamp '2026-08-05 19:30:00' );
insert into lich_su_ton_kho (
   lich_su_id,
   kho_id,
   san_pham_id,
   reference_id,
   reference_type,
   so_luong_thay_doi,
   performed_by,
   note,
   created_at
) values ( 'LSTK202600110',
           'KHO001',
           'NL016',
           'KK20260001',
           'STOCKTAKE',
           0.26,
           'NV003',
           N'Duyệt kiểm kê KK20260001',
           timestamp '2026-06-04 07:00:00' );
insert into lich_su_ton_kho (
   lich_su_id,
   kho_id,
   san_pham_id,
   reference_id,
   reference_type,
   so_luong_thay_doi,
   performed_by,
   note,
   created_at
) values ( 'LSTK202600111',
           'KHO001',
           'NL005',
           'KK20260001',
           'STOCKTAKE',
           1.41,
           'NV003',
           N'Duyệt kiểm kê KK20260001',
           timestamp '2026-06-04 07:00:00' );
insert into lich_su_ton_kho (
   lich_su_id,
   kho_id,
   san_pham_id,
   reference_id,
   reference_type,
   so_luong_thay_doi,
   performed_by,
   note,
   created_at
) values ( 'LSTK202600112',
           'KHO001',
           'NL006',
           'KK20260001',
           'STOCKTAKE',
           0.4,
           'NV003',
           N'Duyệt kiểm kê KK20260001',
           timestamp '2026-06-04 07:00:00' );
insert into lich_su_ton_kho (
   lich_su_id,
   kho_id,
   san_pham_id,
   reference_id,
   reference_type,
   so_luong_thay_doi,
   performed_by,
   note,
   created_at
) values ( 'LSTK202600113',
           'KHO001',
           'NL010',
           'KK20260001',
           'STOCKTAKE',
           4.75,
           'NV003',
           N'Duyệt kiểm kê KK20260001',
           timestamp '2026-06-04 07:00:00' );
insert into lich_su_ton_kho (
   lich_su_id,
   kho_id,
   san_pham_id,
   reference_id,
   reference_type,
   so_luong_thay_doi,
   performed_by,
   note,
   created_at
) values ( 'LSTK202600114',
           'KHO001',
           'NL013',
           'KK20260001',
           'STOCKTAKE',
           - 4.55,
           'NV003',
           N'Duyệt kiểm kê KK20260001',
           timestamp '2026-06-04 07:00:00' );
insert into lich_su_ton_kho (
   lich_su_id,
   kho_id,
   san_pham_id,
   reference_id,
   reference_type,
   so_luong_thay_doi,
   performed_by,
   note,
   created_at
) values ( 'LSTK202600115',
           'KHO002',
           'NL009',
           'KK20260002',
           'STOCKTAKE',
           2.7,
           'NV007',
           N'Duyệt kiểm kê KK20260002',
           timestamp '2026-06-11 07:15:00' );
insert into lich_su_ton_kho (
   lich_su_id,
   kho_id,
   san_pham_id,
   reference_id,
   reference_type,
   so_luong_thay_doi,
   performed_by,
   note,
   created_at
) values ( 'LSTK202600116',
           'KHO002',
           'NL018',
           'KK20260002',
           'STOCKTAKE',
           3.35,
           'NV007',
           N'Duyệt kiểm kê KK20260002',
           timestamp '2026-06-11 07:15:00' );
insert into lich_su_ton_kho (
   lich_su_id,
   kho_id,
   san_pham_id,
   reference_id,
   reference_type,
   so_luong_thay_doi,
   performed_by,
   note,
   created_at
) values ( 'LSTK202600117',
           'KHO002',
           'NL010',
           'KK20260002',
           'STOCKTAKE',
           1.56,
           'NV007',
           N'Duyệt kiểm kê KK20260002',
           timestamp '2026-06-11 07:15:00' );
insert into lich_su_ton_kho (
   lich_su_id,
   kho_id,
   san_pham_id,
   reference_id,
   reference_type,
   so_luong_thay_doi,
   performed_by,
   note,
   created_at
) values ( 'LSTK202600118',
           'KHO002',
           'NL004',
           'KK20260002',
           'STOCKTAKE',
           - 1.54,
           'NV007',
           N'Duyệt kiểm kê KK20260002',
           timestamp '2026-06-11 07:15:00' );
insert into lich_su_ton_kho (
   lich_su_id,
   kho_id,
   san_pham_id,
   reference_id,
   reference_type,
   so_luong_thay_doi,
   performed_by,
   note,
   created_at
) values ( 'LSTK202600119',
           'KHO002',
           'NL003',
           'KK20260002',
           'STOCKTAKE',
           2.91,
           'NV007',
           N'Duyệt kiểm kê KK20260002',
           timestamp '2026-06-11 07:15:00' );
insert into lich_su_ton_kho (
   lich_su_id,
   kho_id,
   san_pham_id,
   reference_id,
   reference_type,
   so_luong_thay_doi,
   performed_by,
   note,
   created_at
) values ( 'LSTK202600120',
           'KHO002',
           'NL017',
           'KK20260002',
           'STOCKTAKE',
           - 2.08,
           'NV007',
           N'Duyệt kiểm kê KK20260002',
           timestamp '2026-06-11 07:15:00' );
insert into lich_su_ton_kho (
   lich_su_id,
   kho_id,
   san_pham_id,
   reference_id,
   reference_type,
   so_luong_thay_doi,
   performed_by,
   note,
   created_at
) values ( 'LSTK202600121',
           'KHO002',
           'NL015',
           'KK20260002',
           'STOCKTAKE',
           - 0.54,
           'NV007',
           N'Duyệt kiểm kê KK20260002',
           timestamp '2026-06-11 07:15:00' );
insert into lich_su_ton_kho (
   lich_su_id,
   kho_id,
   san_pham_id,
   reference_id,
   reference_type,
   so_luong_thay_doi,
   performed_by,
   note,
   created_at
) values ( 'LSTK202600122',
           'KHO003',
           'NL011',
           'KK20260003',
           'STOCKTAKE',
           3.13,
           'NV010',
           N'Duyệt kiểm kê KK20260003',
           timestamp '2026-06-18 07:30:00' );
insert into lich_su_ton_kho (
   lich_su_id,
   kho_id,
   san_pham_id,
   reference_id,
   reference_type,
   so_luong_thay_doi,
   performed_by,
   note,
   created_at
) values ( 'LSTK202600123',
           'KHO003',
           'NL003',
           'KK20260003',
           'STOCKTAKE',
           - 3.29,
           'NV010',
           N'Duyệt kiểm kê KK20260003',
           timestamp '2026-06-18 07:30:00' );
insert into lich_su_ton_kho (
   lich_su_id,
   kho_id,
   san_pham_id,
   reference_id,
   reference_type,
   so_luong_thay_doi,
   performed_by,
   note,
   created_at
) values ( 'LSTK202600124',
           'KHO003',
           'NL008',
           'KK20260003',
           'STOCKTAKE',
           - 1.32,
           'NV010',
           N'Duyệt kiểm kê KK20260003',
           timestamp '2026-06-18 07:30:00' );
insert into lich_su_ton_kho (
   lich_su_id,
   kho_id,
   san_pham_id,
   reference_id,
   reference_type,
   so_luong_thay_doi,
   performed_by,
   note,
   created_at
) values ( 'LSTK202600125',
           'KHO003',
           'NL006',
           'KK20260003',
           'STOCKTAKE',
           0.47,
           'NV010',
           N'Duyệt kiểm kê KK20260003',
           timestamp '2026-06-18 07:30:00' );
insert into lich_su_ton_kho (
   lich_su_id,
   kho_id,
   san_pham_id,
   reference_id,
   reference_type,
   so_luong_thay_doi,
   performed_by,
   note,
   created_at
) values ( 'LSTK202600126',
           'KHO003',
           'NL004',
           'KK20260003',
           'STOCKTAKE',
           - 0.55,
           'NV010',
           N'Duyệt kiểm kê KK20260003',
           timestamp '2026-06-18 07:30:00' );
insert into lich_su_ton_kho (
   lich_su_id,
   kho_id,
   san_pham_id,
   reference_id,
   reference_type,
   so_luong_thay_doi,
   performed_by,
   note,
   created_at
) values ( 'LSTK202600127',
           'KHO003',
           'NL012',
           'KK20260003',
           'STOCKTAKE',
           0.3,
           'NV010',
           N'Duyệt kiểm kê KK20260003',
           timestamp '2026-06-18 07:30:00' );
insert into lich_su_ton_kho (
   lich_su_id,
   kho_id,
   san_pham_id,
   reference_id,
   reference_type,
   so_luong_thay_doi,
   performed_by,
   note,
   created_at
) values ( 'LSTK202600128',
           'KHO004',
           'NL016',
           'KK20260004',
           'STOCKTAKE',
           0.17,
           'NV013',
           N'Duyệt kiểm kê KK20260004',
           timestamp '2026-06-25 07:00:00' );
insert into lich_su_ton_kho (
   lich_su_id,
   kho_id,
   san_pham_id,
   reference_id,
   reference_type,
   so_luong_thay_doi,
   performed_by,
   note,
   created_at
) values ( 'LSTK202600129',
           'KHO004',
           'NL011',
           'KK20260004',
           'STOCKTAKE',
           - 0.53,
           'NV013',
           N'Duyệt kiểm kê KK20260004',
           timestamp '2026-06-25 07:00:00' );
insert into lich_su_ton_kho (
   lich_su_id,
   kho_id,
   san_pham_id,
   reference_id,
   reference_type,
   so_luong_thay_doi,
   performed_by,
   note,
   created_at
) values ( 'LSTK202600130',
           'KHO004',
           'NL006',
           'KK20260004',
           'STOCKTAKE',
           0.48,
           'NV013',
           N'Duyệt kiểm kê KK20260004',
           timestamp '2026-06-25 07:00:00' );
insert into lich_su_ton_kho (
   lich_su_id,
   kho_id,
   san_pham_id,
   reference_id,
   reference_type,
   so_luong_thay_doi,
   performed_by,
   note,
   created_at
) values ( 'LSTK202600131',
           'KHO004',
           'NL018',
           'KK20260004',
           'STOCKTAKE',
           0.02,
           'NV013',
           N'Duyệt kiểm kê KK20260004',
           timestamp '2026-06-25 07:00:00' );
insert into lich_su_ton_kho (
   lich_su_id,
   kho_id,
   san_pham_id,
   reference_id,
   reference_type,
   so_luong_thay_doi,
   performed_by,
   note,
   created_at
) values ( 'LSTK202600132',
           'KHO004',
           'NL017',
           'KK20260004',
           'STOCKTAKE',
           - 3.03,
           'NV013',
           N'Duyệt kiểm kê KK20260004',
           timestamp '2026-06-25 07:00:00' );
insert into lich_su_ton_kho (
   lich_su_id,
   kho_id,
   san_pham_id,
   reference_id,
   reference_type,
   so_luong_thay_doi,
   performed_by,
   note,
   created_at
) values ( 'LSTK202600133',
           'KHO001',
           'NL001',
           'KK20260005',
           'STOCKTAKE',
           - 0.64,
           'NV003',
           N'Duyệt kiểm kê KK20260005',
           timestamp '2026-07-02 07:30:00' );
insert into lich_su_ton_kho (
   lich_su_id,
   kho_id,
   san_pham_id,
   reference_id,
   reference_type,
   so_luong_thay_doi,
   performed_by,
   note,
   created_at
) values ( 'LSTK202600134',
           'KHO001',
           'NL018',
           'KK20260005',
           'STOCKTAKE',
           - 0.32,
           'NV003',
           N'Duyệt kiểm kê KK20260005',
           timestamp '2026-07-02 07:30:00' );
insert into lich_su_ton_kho (
   lich_su_id,
   kho_id,
   san_pham_id,
   reference_id,
   reference_type,
   so_luong_thay_doi,
   performed_by,
   note,
   created_at
) values ( 'LSTK202600135',
           'KHO001',
           'NL008',
           'KK20260005',
           'STOCKTAKE',
           1.47,
           'NV003',
           N'Duyệt kiểm kê KK20260005',
           timestamp '2026-07-02 07:30:00' );
insert into lich_su_ton_kho (
   lich_su_id,
   kho_id,
   san_pham_id,
   reference_id,
   reference_type,
   so_luong_thay_doi,
   performed_by,
   note,
   created_at
) values ( 'LSTK202600136',
           'KHO001',
           'NL004',
           'KK20260005',
           'STOCKTAKE',
           0.34,
           'NV003',
           N'Duyệt kiểm kê KK20260005',
           timestamp '2026-07-02 07:30:00' );
insert into lich_su_ton_kho (
   lich_su_id,
   kho_id,
   san_pham_id,
   reference_id,
   reference_type,
   so_luong_thay_doi,
   performed_by,
   note,
   created_at
) values ( 'LSTK202600137',
           'KHO001',
           'NL012',
           'KK20260005',
           'STOCKTAKE',
           0.08,
           'NV003',
           N'Duyệt kiểm kê KK20260005',
           timestamp '2026-07-02 07:30:00' );
insert into lich_su_ton_kho (
   lich_su_id,
   kho_id,
   san_pham_id,
   reference_id,
   reference_type,
   so_luong_thay_doi,
   performed_by,
   note,
   created_at
) values ( 'LSTK202600138',
           'KHO001',
           'NL006',
           'KK20260005',
           'STOCKTAKE',
           - 3.26,
           'NV003',
           N'Duyệt kiểm kê KK20260005',
           timestamp '2026-07-02 07:30:00' );
insert into lich_su_ton_kho (
   lich_su_id,
   kho_id,
   san_pham_id,
   reference_id,
   reference_type,
   so_luong_thay_doi,
   performed_by,
   note,
   created_at
) values ( 'LSTK202600139',
           'KHO002',
           'NL012',
           'KK20260006',
           'STOCKTAKE',
           - 2.87,
           'NV007',
           N'Duyệt kiểm kê KK20260006',
           timestamp '2026-07-09 07:00:00' );
insert into lich_su_ton_kho (
   lich_su_id,
   kho_id,
   san_pham_id,
   reference_id,
   reference_type,
   so_luong_thay_doi,
   performed_by,
   note,
   created_at
) values ( 'LSTK202600140',
           'KHO002',
           'NL002',
           'KK20260006',
           'STOCKTAKE',
           - 0.2,
           'NV007',
           N'Duyệt kiểm kê KK20260006',
           timestamp '2026-07-09 07:00:00' );
insert into lich_su_ton_kho (
   lich_su_id,
   kho_id,
   san_pham_id,
   reference_id,
   reference_type,
   so_luong_thay_doi,
   performed_by,
   note,
   created_at
) values ( 'LSTK202600141',
           'KHO002',
           'NL013',
           'KK20260006',
           'STOCKTAKE',
           1.86,
           'NV007',
           N'Duyệt kiểm kê KK20260006',
           timestamp '2026-07-09 07:00:00' );
insert into lich_su_ton_kho (
   lich_su_id,
   kho_id,
   san_pham_id,
   reference_id,
   reference_type,
   so_luong_thay_doi,
   performed_by,
   note,
   created_at
) values ( 'LSTK202600142',
           'KHO002',
           'NL015',
           'KK20260006',
           'STOCKTAKE',
           - 0.97,
           'NV007',
           N'Duyệt kiểm kê KK20260006',
           timestamp '2026-07-09 07:00:00' );
insert into lich_su_ton_kho (
   lich_su_id,
   kho_id,
   san_pham_id,
   reference_id,
   reference_type,
   so_luong_thay_doi,
   performed_by,
   note,
   created_at
) values ( 'LSTK202600143',
           'KHO002',
           'NL011',
           'KK20260006',
           'STOCKTAKE',
           1.94,
           'NV007',
           N'Duyệt kiểm kê KK20260006',
           timestamp '2026-07-09 07:00:00' );

insert into hao_hut_nguyen_lieu (
   hao_hut_id,
   san_pham_id,
   so_luong,
   ly_do,
   created_at
) values ( 'HH20260001',
           'NL011',
           1.79,
           N'Nguyên liệu hư hỏng trong ca',
           timestamp '2026-06-19 00:40:00' );
insert into hao_hut_nguyen_lieu (
   hao_hut_id,
   san_pham_id,
   so_luong,
   ly_do,
   created_at
) values ( 'HH20260002',
           'NL014',
           1.7,
           N'Topping quá hạn sử dụng',
           timestamp '2026-07-28 01:45:00' );
insert into hao_hut_nguyen_lieu (
   hao_hut_id,
   san_pham_id,
   so_luong,
   ly_do,
   created_at
) values ( 'HH20260003',
           'NL001',
           1.33,
           N'Làm đổ khi pha chế',
           timestamp '2026-07-03 06:30:00' );
insert into hao_hut_nguyen_lieu (
   hao_hut_id,
   san_pham_id,
   so_luong,
   ly_do,
   created_at
) values ( 'HH20260004',
           'NL002',
           0.54,
           N'Pha lỗi món',
           timestamp '2026-07-14 18:00:00' );
insert into hao_hut_nguyen_lieu (
   hao_hut_id,
   san_pham_id,
   so_luong,
   ly_do,
   created_at
) values ( 'HH20260005',
           'NL005',
           2.11,
           N'Bao bì lỗi khi đóng gói',
           timestamp '2026-07-03 02:20:00' );
insert into hao_hut_nguyen_lieu (
   hao_hut_id,
   san_pham_id,
   so_luong,
   ly_do,
   created_at
) values ( 'HH20260006',
           'NL002',
           0.93,
           N'Rơi vỡ khi sơ chế',
           timestamp '2026-07-03 19:40:00' );
insert into hao_hut_nguyen_lieu (
   hao_hut_id,
   san_pham_id,
   so_luong,
   ly_do,
   created_at
) values ( 'HH20260007',
           'NL018',
           2.17,
           N'Bao bì lỗi khi đóng gói',
           timestamp '2026-06-10 01:50:00' );
insert into hao_hut_nguyen_lieu (
   hao_hut_id,
   san_pham_id,
   so_luong,
   ly_do,
   created_at
) values ( 'HH20260008',
           'NL010',
           1.75,
           N'Làm đổ khi pha chế',
           timestamp '2026-07-15 19:40:00' );
insert into hao_hut_nguyen_lieu (
   hao_hut_id,
   san_pham_id,
   so_luong,
   ly_do,
   created_at
) values ( 'HH20260009',
           'NL011',
           2.42,
           N'Làm đổ khi pha chế',
           timestamp '2026-07-14 22:30:00' );
insert into hao_hut_nguyen_lieu (
   hao_hut_id,
   san_pham_id,
   so_luong,
   ly_do,
   created_at
) values ( 'HH20260010',
           'NL007',
           1.57,
           N'Rơi vỡ khi sơ chế',
           timestamp '2026-05-29 03:20:00' );
insert into hao_hut_nguyen_lieu (
   hao_hut_id,
   san_pham_id,
   so_luong,
   ly_do,
   created_at
) values ( 'HH20260011',
           'NL012',
           1.9,
           N'Topping quá hạn sử dụng',
           timestamp '2026-06-25 06:50:00' );
insert into hao_hut_nguyen_lieu (
   hao_hut_id,
   san_pham_id,
   so_luong,
   ly_do,
   created_at
) values ( 'HH20260012',
           'NL007',
           0.77,
           N'Pha lỗi món',
           timestamp '2026-06-22 04:55:00' );
insert into hao_hut_nguyen_lieu (
   hao_hut_id,
   san_pham_id,
   so_luong,
   ly_do,
   created_at
) values ( 'HH20260013',
           'NL017',
           0.34,
           N'Làm đổ khi pha chế',
           timestamp '2026-06-05 18:10:00' );
insert into hao_hut_nguyen_lieu (
   hao_hut_id,
   san_pham_id,
   so_luong,
   ly_do,
   created_at
) values ( 'HH20260014',
           'NL009',
           0.37,
           N'Topping quá hạn sử dụng',
           timestamp '2026-07-20 20:40:00' );
insert into hao_hut_nguyen_lieu (
   hao_hut_id,
   san_pham_id,
   so_luong,
   ly_do,
   created_at
) values ( 'HH20260015',
           'NL015',
           1.79,
           N'Pha lỗi món',
           timestamp '2026-06-28 16:25:00' );
insert into hao_hut_nguyen_lieu (
   hao_hut_id,
   san_pham_id,
   so_luong,
   ly_do,
   created_at
) values ( 'HH20260016',
           'NL002',
           1.95,
           N'Bao bì lỗi khi đóng gói',
           timestamp '2026-06-01 18:25:00' );
insert into hao_hut_nguyen_lieu (
   hao_hut_id,
   san_pham_id,
   so_luong,
   ly_do,
   created_at
) values ( 'HH20260017',
           'NL018',
           0.93,
           N'Bao bì lỗi khi đóng gói',
           timestamp '2026-07-04 23:45:00' );
insert into hao_hut_nguyen_lieu (
   hao_hut_id,
   san_pham_id,
   so_luong,
   ly_do,
   created_at
) values ( 'HH20260018',
           'NL006',
           1.33,
           N'Topping quá hạn sử dụng',
           timestamp '2026-07-07 00:15:00' );
insert into hao_hut_nguyen_lieu (
   hao_hut_id,
   san_pham_id,
   so_luong,
   ly_do,
   created_at
) values ( 'HH20260019',
           'NL018',
           1.04,
           N'Nguyên liệu hư hỏng trong ca',
           timestamp '2026-06-16 22:40:00' );
insert into hao_hut_nguyen_lieu (
   hao_hut_id,
   san_pham_id,
   so_luong,
   ly_do,
   created_at
) values ( 'HH20260020',
           'NL011',
           0.86,
           N'Nguyên liệu hư hỏng trong ca',
           timestamp '2026-06-25 06:15:00' );
insert into hao_hut_nguyen_lieu (
   hao_hut_id,
   san_pham_id,
   so_luong,
   ly_do,
   created_at
) values ( 'HH20260021',
           'NL017',
           1.21,
           N'Topping quá hạn sử dụng',
           timestamp '2026-06-24 04:45:00' );
insert into hao_hut_nguyen_lieu (
   hao_hut_id,
   san_pham_id,
   so_luong,
   ly_do,
   created_at
) values ( 'HH20260022',
           'NL012',
           1.14,
           N'Bao bì lỗi khi đóng gói',
           timestamp '2026-05-28 17:50:00' );
insert into hao_hut_nguyen_lieu (
   hao_hut_id,
   san_pham_id,
   so_luong,
   ly_do,
   created_at
) values ( 'HH20260023',
           'NL011',
           0.98,
           N'Làm đổ khi pha chế',
           timestamp '2026-06-27 16:50:00' );
insert into hao_hut_nguyen_lieu (
   hao_hut_id,
   san_pham_id,
   so_luong,
   ly_do,
   created_at
) values ( 'HH20260024',
           'NL010',
           0.11,
           N'Topping quá hạn sử dụng',
           timestamp '2026-07-15 20:40:00' );
insert into hao_hut_nguyen_lieu (
   hao_hut_id,
   san_pham_id,
   so_luong,
   ly_do,
   created_at
) values ( 'HH20260025',
           'NL015',
           1.24,
           N'Nguyên liệu hư hỏng trong ca',
           timestamp '2026-07-14 00:40:00' );
insert into hao_hut_nguyen_lieu (
   hao_hut_id,
   san_pham_id,
   so_luong,
   ly_do,
   created_at
) values ( 'HH20260026',
           'NL003',
           2.37,
           N'Pha lỗi món',
           timestamp '2026-06-20 21:40:00' );
insert into hao_hut_nguyen_lieu (
   hao_hut_id,
   san_pham_id,
   so_luong,
   ly_do,
   created_at
) values ( 'HH20260027',
           'NL003',
           0.57,
           N'Bao bì lỗi khi đóng gói',
           timestamp '2026-08-04 00:00:00' );
insert into hao_hut_nguyen_lieu (
   hao_hut_id,
   san_pham_id,
   so_luong,
   ly_do,
   created_at
) values ( 'HH20260028',
           'NL014',
           2.1,
           N'Pha lỗi món',
           timestamp '2026-06-24 05:50:00' );
insert into hao_hut_nguyen_lieu (
   hao_hut_id,
   san_pham_id,
   so_luong,
   ly_do,
   created_at
) values ( 'HH20260029',
           'NL014',
           1.63,
           N'Làm đổ khi pha chế',
           timestamp '2026-08-04 05:55:00' );
insert into hao_hut_nguyen_lieu (
   hao_hut_id,
   san_pham_id,
   so_luong,
   ly_do,
   created_at
) values ( 'HH20260030',
           'NL011',
           0.14,
           N'Làm đổ khi pha chế',
           timestamp '2026-06-15 16:35:00' );

insert into password_reset_otp (
   otp_id,
   user_id,
   otp_code_hash,
   phuong_thuc,
   dia_chi_nhan,
   reset_token,
   thoi_gian_het_han,
   da_xac_thuc,
   da_su_dung,
   so_lan_sai,
   created_at,
   verified_at,
   used_at
) values ( 'OTP001',
           'U001',
           'HASHED_OTP_001',
           N'EMAIL',
           'user1@example.com',
           'RESET_TOKEN_001',
           to_timestamp_tz('2026-06-02 17:10:00 +07:00',
                           'YYYY-MM-DD HH24:MI:SS TZH:TZM'),
           0,
           0,
           0,
           to_timestamp_tz('2026-06-02 17:00:00 +07:00',
                           'YYYY-MM-DD HH24:MI:SS TZH:TZM'),
           null,
           null );
insert into password_reset_otp (
   otp_id,
   user_id,
   otp_code_hash,
   phuong_thuc,
   dia_chi_nhan,
   reset_token,
   thoi_gian_het_han,
   da_xac_thuc,
   da_su_dung,
   so_lan_sai,
   created_at,
   verified_at,
   used_at
) values ( 'OTP002',
           'U003',
           'HASHED_OTP_002',
           N'EMAIL',
           'user2@example.com',
           'RESET_TOKEN_002',
           to_timestamp_tz('2026-06-08 17:10:00 +07:00',
                           'YYYY-MM-DD HH24:MI:SS TZH:TZM'),
           1,
           0,
           0,
           to_timestamp_tz('2026-06-08 17:00:00 +07:00',
                           'YYYY-MM-DD HH24:MI:SS TZH:TZM'),
           to_timestamp_tz('2026-06-08 17:02:00 +07:00',
                           'YYYY-MM-DD HH24:MI:SS TZH:TZM'),
           null );
insert into password_reset_otp (
   otp_id,
   user_id,
   otp_code_hash,
   phuong_thuc,
   dia_chi_nhan,
   reset_token,
   thoi_gian_het_han,
   da_xac_thuc,
   da_su_dung,
   so_lan_sai,
   created_at,
   verified_at,
   used_at
) values ( 'OTP003',
           'U005',
           'HASHED_OTP_003',
           N'SMS',
           'user3@example.com',
           'RESET_TOKEN_003',
           to_timestamp_tz('2026-06-14 17:10:00 +07:00',
                           'YYYY-MM-DD HH24:MI:SS TZH:TZM'),
           0,
           0,
           0,
           to_timestamp_tz('2026-06-14 17:00:00 +07:00',
                           'YYYY-MM-DD HH24:MI:SS TZH:TZM'),
           null,
           null );
insert into password_reset_otp (
   otp_id,
   user_id,
   otp_code_hash,
   phuong_thuc,
   dia_chi_nhan,
   reset_token,
   thoi_gian_het_han,
   da_xac_thuc,
   da_su_dung,
   so_lan_sai,
   created_at,
   verified_at,
   used_at
) values ( 'OTP004',
           'U008',
           'HASHED_OTP_004',
           N'EMAIL',
           'user4@example.com',
           'RESET_TOKEN_004',
           to_timestamp_tz('2026-06-20 17:10:00 +07:00',
                           'YYYY-MM-DD HH24:MI:SS TZH:TZM'),
           1,
           1,
           1,
           to_timestamp_tz('2026-06-20 17:00:00 +07:00',
                           'YYYY-MM-DD HH24:MI:SS TZH:TZM'),
           to_timestamp_tz('2026-06-20 17:02:00 +07:00',
                           'YYYY-MM-DD HH24:MI:SS TZH:TZM'),
           to_timestamp_tz('2026-06-20 17:04:00 +07:00',
                           'YYYY-MM-DD HH24:MI:SS TZH:TZM') );
insert into password_reset_otp (
   otp_id,
   user_id,
   otp_code_hash,
   phuong_thuc,
   dia_chi_nhan,
   reset_token,
   thoi_gian_het_han,
   da_xac_thuc,
   da_su_dung,
   so_lan_sai,
   created_at,
   verified_at,
   used_at
) values ( 'OTP005',
           'U012',
           'HASHED_OTP_005',
           N'EMAIL',
           'user5@example.com',
           'RESET_TOKEN_005',
           to_timestamp_tz('2026-06-26 17:10:00 +07:00',
                           'YYYY-MM-DD HH24:MI:SS TZH:TZM'),
           0,
           0,
           1,
           to_timestamp_tz('2026-06-26 17:00:00 +07:00',
                           'YYYY-MM-DD HH24:MI:SS TZH:TZM'),
           null,
           null );

commit;

pro    Seed data loaded successfully for date range 2026-05-27 to 2026-08-05;